#VRML V2.0 utf8
DEF TXFM_1 Transform {
  center 0 0 0
  rotation 0 0 1 0
  scale 1 1 1
  scaleOrientation 0 0 1 0
  translation 0 0 0
 children [
DEF TXFM_2 Transform {
  center 0 0 0
  rotation 0 0 1 0
  scale 1 1 1
  scaleOrientation 0 0 1 0
  translation 0 0 0
 children [
DEF TXFM_3 Transform {
  center 0 0 0
  rotation 0 0 -1 1.5707963
  scale 1 1 1
  scaleOrientation 0 0 1 0
  translation 0 0 0.19685039
 children [
DEF TXFM_4 Transform {
  center 0 0 0
  rotation 0 0 1 0
  scale 1 1 1
  scaleOrientation 0 0 1 0
  translation 0 0 0
 children [
DEF SHAPE_1 Shape {
 appearance DEF APP_1 Appearance {
  material Material {
   ambientIntensity 0.52245539
   diffuseColor 0.89999998 0 0
   emissiveColor 0 0 0
   shininess 0.1
   specularColor 0.12 0.12 0.12
   transparency 0
} }
 geometry DEF FACE_1 IndexedFaceSet {
  coord DEF COORD_1 Coordinate { point [
  0.65470214 0.077591442 1.9094488,0.66794813 0.092998124 1.9094488,
  0.68220426 0.10299488 1.9094488,0.69691363 0.10884557 1.9094488,
  0.71339213 0.11170464 1.9094488,0.73113443 0.11154422 1.9094488,
  0.74771424 0.10832106 1.9094488,0.76361002 0.10168488 1.9094488,
  0.77438826 0.093811129 1.9094488,0.78177354 0.084953504 1.9094488,
  0.78725238 0.074178033 1.9094488,0.7908973 0.061909942 1.9094488,
  0.79296298 -0.020114425 1.9094488,0.79296298 -0.10220533 1.9094488,
  0.65470214 0.077591442 1.9055118,0.66794813 0.092998124 1.9055118,
  0.68220426 0.10299488 1.9055118,0.69691363 0.10884557 1.9055118,
  0.71339213 0.11170464 1.9055118,0.73113443 0.11154422 1.9055118,
  0.74771424 0.10832106 1.9055118,0.76361002 0.10168488 1.9055118,
  0.77438826 0.093811129 1.9055118,0.78177354 0.084953504 1.9055118,
  0.78725238 0.074178033 1.9055118,0.7908973 0.061909942 1.9055118,
  0.79296298 -0.020114425 1.9055118,0.79296298 -0.10220533 1.9055118,
  0.79104002 0.061246281 1.906168,0.79296298 0.026632998 1.906168] }
 coordIndex [
  1,0,14,-1,1,14,15,-1,2,15,16,-1,2,1,15,-1,3,16,17,-1,3,2,16,-1,4,17,18,-1,4,3,17,-1,
  5,18,19,-1,5,4,18,-1,6,19,20,-1,6,5,19,-1,7,20,21,-1,7,6,20,-1,8,21,22,-1,8,7,21,-1,
  9,22,23,-1,9,8,22,-1,10,23,24,-1,10,9,23,-1,11,24,25,-1,11,10,24,-1,13,26,27,-1,13,12,26,-1,
  28,11,25,-1,29,12,11,-1,29,25,26,-1,29,11,28,-1,29,28,25,-1,29,26,12,-1]
  normalPerVertex TRUE
  normal DEF NORM_1 Normal { vector [
  0.7582768 -0.65193274 0,0.70764435 -0.70656881 0,
  0.51319894 -0.85826968 0,0.3023884 -0.9531848 0,
  0.10896841 -0.99404521 0,-0.067912292 -0.9976913 0,
  -0.25768224 -0.96622972 0,-0.44487615 -0.8955921 0,
  -0.64771924 -0.76187912 0,-0.81509926 -0.57932133 0,
  -0.91807301 -0.39641134 0,-0.97544265 -0.085722593 -0.20288733,
  -0.99231568 -0.0086624822 -0.12342837,-1 0 0,
  0.7582768 -0.65193274 0,0.64664771 -0.76278879 0,
  0.44492702 -0.89556683 0,0.2358568 -0.97178782 0,
  0.048788733 -0.99880912 0,-0.12871397 -0.99168176 0,
  -0.32276647 -0.94647864 0,-0.51301755 -0.85837812 0,
  -0.70766232 -0.7065508 0,-0.85627521 -0.51651986 0,
  -0.94040716 -0.34005054 0,-0.78148683 -0.10748689 0.61459328,
  -0.99408873 -0.0015237973 0.10856,-1 0 0,
  -0.99828999 -0.058455951 0,-0.99970215 -0.024405239 0] }
}
}
DEF SHAPE_2 Shape {
 appearance USE APP_1
 geometry DEF FACE_2 IndexedFaceSet {
  coord DEF COORD_2 Coordinate { point [
  0.65470214 0.10739732 1.9094488,0.65470214 0.077591442 1.9094488,
  0.65470214 0.10739732 1.9055118,0.65470214 0.077591442 1.9055118] }
 coordIndex [
  0,2,3,-1,0,3,1,-1]
  normalPerVertex TRUE
  normal DEF NORM_2 Normal { vector [
  -1 0 0,-1 0 0,
  -1 0 0,-1 0 0] }
}
}
DEF SHAPE_3 Shape {
 appearance USE APP_1
 geometry DEF FACE_3 IndexedFaceSet {
  coord DEF COORD_3 Coordinate { point [
  0.62278101 0.10739732 1.9094488,0.65470214 0.10739732 1.9094488,
  0.62278101 0.10739732 1.9055118,0.65470214 0.10739732 1.9055118] }
 coordIndex [
  3,1,0,-1,3,0,2,-1]
  normalPerVertex TRUE
  normal DEF NORM_3 Normal { vector [
  0 -1 0,0 -1 0,
  0 -1 0,0 -1 0] }
}
}
DEF SHAPE_4 Shape {
 appearance USE APP_1
 geometry DEF FACE_4 IndexedFaceSet {
  coord DEF COORD_4 Coordinate { point [
  0.62278101 -0.10220533 1.9094488,0.62278101 0.10739732 1.9094488,
  0.62278101 -0.10220533 1.9055118,0.62278101 0.10739732 1.9055118] }
 coordIndex [
  3,1,0,-1,3,0,2,-1]
  normalPerVertex TRUE
  normal DEF NORM_4 Normal { vector [
  1 0 0,1 0 0,
  1 0 0,1 0 0] }
}
}
DEF SHAPE_5 Shape {
 appearance USE APP_1
 geometry DEF FACE_5 IndexedFaceSet {
  coord DEF COORD_5 Coordinate { point [
  0.65816347 -0.10220533 1.9094488,0.62278101 -0.10220533 1.9094488,
  0.65816347 -0.10220533 1.9055118,0.62278101 -0.10220533 1.9055118] }
 coordIndex [
  0,2,3,-1,0,3,1,-1]
  normalPerVertex TRUE
  normal DEF NORM_5 Normal { vector [
  0 1 0,0 1 0,
  0 1 0,0 1 0] }
}
}
DEF SHAPE_6 Shape {
 appearance USE APP_1
 geometry DEF FACE_6 IndexedFaceSet {
  coord DEF COORD_6 Coordinate { point [
  0.56855353 -0.10220533 1.9055118,0.53317106 -0.10220533 1.9055118,
  0.56855353 0.10739732 1.9055118,0.53317106 0.10739732 1.9055118] }
 coordIndex [
  2,1,0,-1,2,3,1,-1]
  normalPerVertex TRUE
  normal DEF NORM_6 Normal { vector [
  0 0 1,0 0 1,
  0 0 1,0 0 1] }
}
}
DEF SHAPE_7 Shape {
 appearance USE APP_1
 geometry DEF FACE_7 IndexedFaceSet {
  coord DEF COORD_7 Coordinate { point [
  0.56855353 0.10739732 1.9094488,0.56855353 -0.10220533 1.9094488,
  0.56855353 0.10739732 1.9055118,0.56855353 -0.10220533 1.9055118] }
 coordIndex [
  0,2,3,-1,0,3,1,-1]
  normalPerVertex TRUE
  normal DEF NORM_7 Normal { vector [
  -1 0 0,-1 0 0,
  -1 0 0,-1 0 0] }
}
}
DEF SHAPE_8 Shape {
 appearance USE APP_1
 geometry DEF FACE_8 IndexedFaceSet {
  coord DEF COORD_8 Coordinate { point [
  0.53317106 0.10739732 1.9094488,0.56855353 0.10739732 1.9094488,
  0.53317106 0.10739732 1.9055118,0.56855353 0.10739732 1.9055118] }
 coordIndex [
  3,1,0,-1,3,0,2,-1]
  normalPerVertex TRUE
  normal DEF NORM_8 Normal { vector [
  0 -1 0,0 -1 0,
  0 -1 0,0 -1 0] }
}
}
DEF SHAPE_9 Shape {
 appearance USE APP_1
 geometry DEF FACE_9 IndexedFaceSet {
  coord DEF COORD_9 Coordinate { point [
  0.53317106 -0.10220533 1.9094488,0.53317106 0.10739732 1.9094488,
  0.53317106 -0.10220533 1.9055118,0.53317106 0.10739732 1.9055118] }
 coordIndex [
  3,1,0,-1,3,0,2,-1]
  normalPerVertex TRUE
  normal DEF NORM_9 Normal { vector [
  1 0 0,1 0 0,
  1 0 0,1 0 0] }
}
}
DEF SHAPE_10 Shape {
 appearance USE APP_1
 geometry DEF FACE_10 IndexedFaceSet {
  coord DEF COORD_10 Coordinate { point [
  0.56855353 -0.10220533 1.9094488,0.53317106 -0.10220533 1.9094488,
  0.56855353 -0.10220533 1.9055118,0.53317106 -0.10220533 1.9055118] }
 coordIndex [
  0,2,3,-1,0,3,1,-1]
  normalPerVertex TRUE
  normal DEF NORM_10 Normal { vector [
  0 1 0,0 1 0,
  0 1 0,0 1 0] }
}
}
DEF SHAPE_11 Shape {
 appearance USE APP_1
 geometry DEF FACE_11 IndexedFaceSet {
  coord DEF COORD_11 Coordinate { point [
  0.56855353 0.14643341 1.9055118,0.53317106 0.14643341 1.9055118,
  0.56855353 0.18700787 1.9055118,0.53317106 0.18700787 1.9055118] }
 coordIndex [
  2,1,0,-1,2,3,1,-1]
  normalPerVertex TRUE
  normal DEF NORM_11 Normal { vector [
  0 0 1,0 0 1,
  0 0 1,0 0 1] }
}
}
DEF SHAPE_12 Shape {
 appearance USE APP_1
 geometry DEF FACE_12 IndexedFaceSet {
  coord DEF COORD_12 Coordinate { point [
  0.56855353 0.18700787 1.9094488,0.56855353 0.14643341 1.9094488,
  0.56855353 0.18700787 1.9055118,0.56855353 0.14643341 1.9055118] }
 coordIndex [
  0,2,3,-1,0,3,1,-1]
  normalPerVertex TRUE
  normal DEF NORM_12 Normal { vector [
  -1 0 0,-1 0 0,
  -1 0 0,-1 0 0] }
}
}
DEF SHAPE_13 Shape {
 appearance USE APP_1
 geometry DEF FACE_13 IndexedFaceSet {
  coord DEF COORD_13 Coordinate { point [
  0.53317106 0.18700787 1.9094488,0.56855353 0.18700787 1.9094488,
  0.53317106 0.18700787 1.9055118,0.56855353 0.18700787 1.9055118] }
 coordIndex [
  3,1,0,-1,3,0,2,-1]
  normalPerVertex TRUE
  normal DEF NORM_13 Normal { vector [
  0 -1 0,0 -1 0,
  0 -1 0,0 -1 0] }
}
}
DEF SHAPE_14 Shape {
 appearance USE APP_1
 geometry DEF FACE_14 IndexedFaceSet {
  coord DEF COORD_14 Coordinate { point [
  0.53317106 0.14643341 1.9094488,0.53317106 0.18700787 1.9094488,
  0.53317106 0.14643341 1.9055118,0.53317106 0.18700787 1.9055118] }
 coordIndex [
  3,1,0,-1,3,0,2,-1]
  normalPerVertex TRUE
  normal DEF NORM_14 Normal { vector [
  1 0 0,1 0 0,
  1 0 0,1 0 0] }
}
}
DEF SHAPE_15 Shape {
 appearance USE APP_1
 geometry DEF FACE_15 IndexedFaceSet {
  coord DEF COORD_15 Coordinate { point [
  0.56855353 0.14643341 1.9094488,0.53317106 0.14643341 1.9094488,
  0.56855353 0.14643341 1.9055118,0.53317106 0.14643341 1.9055118] }
 coordIndex [
  0,2,3,-1,0,3,1,-1]
  normalPerVertex TRUE
  normal DEF NORM_15 Normal { vector [
  0 1 0,0 1 0,
  0 1 0,0 1 0] }
}
}
DEF SHAPE_16 Shape {
 appearance USE APP_1
 geometry DEF FACE_16 IndexedFaceSet {
  coord DEF COORD_16 Coordinate { point [
  0.36683501 -0.10220533 1.9055118,0.33164484 -0.10220533 1.9055118,
  0.36683501 -0.019325749 1.9055118,0.39183349 0.0050958444 1.9055118,
  0.46125235 -0.10220533 1.9055118,0.50509584 -0.10220533 1.9055118,
  0.41702427 0.029517438 1.9055118,0.49701941 0.10739732 1.9055118,
  0.45106066 0.10739732 1.9055118,0.36683501 0.022017894 1.9055118,
  0.36683501 0.18700787 1.9055118,0.33164484 0.18700787 1.9055118] }
 coordIndex [
  2,1,0,-1,9,1,2,-1,3,9,2,-1,6,3,4,-1,6,4,5,-1,6,9,3,-1,11,1,9,-1,10,11,9,-1,
  8,9,6,-1,7,8,6,-1]
  normalPerVertex TRUE
  normal DEF NORM_16 Normal { vector [
  0 0 1,0 0 1,
  0 0 1,0 0 1,
  0 0 1,0 0 1,
  0 0 1,0 0 1,
  0 0 1,0 0 1,
  0 0 1,0 0 1] }
}
}
DEF SHAPE_17 Shape {
 appearance USE APP_1
 geometry DEF FACE_17 IndexedFaceSet {
  coord DEF COORD_17 Coordinate { point [
  0.36683501 -0.019325749 1.9094488,0.36683501 -0.10220533 1.9094488,
  0.36683501 -0.019325749 1.9055118,0.36683501 -0.10220533 1.9055118] }
 coordIndex [
  0,2,3,-1,0,3,1,-1]
  normalPerVertex TRUE
  normal DEF NORM_17 Normal { vector [
  -1 0 0,-1 0 0,
  -1 0 0,-1 0 0] }
}
}
DEF SHAPE_18 Shape {
 appearance USE APP_1
 geometry DEF FACE_18 IndexedFaceSet {
  coord DEF COORD_18 Coordinate { point [
  0.39183349 0.0050958444 1.9094488,0.36683501 -0.019325749 1.9094488,
  0.39183349 0.0050958444 1.9055118,0.36683501 -0.019325749 1.9055118] }
 coordIndex [
  1,0,2,-1,1,2,3,-1]
  normalPerVertex TRUE
  normal DEF NORM_18 Normal { vector [
  -0.69880501 0.71531221 0,-0.69880501 0.71531221 0,
  -0.69880501 0.71531221 0,-0.69880501 0.71531221 0] }
}
}
DEF SHAPE_19 Shape {
 appearance USE APP_1
 geometry DEF FACE_19 IndexedFaceSet {
  coord DEF COORD_19 Coordinate { point [
  0.46125235 -0.10220533 1.9094488,0.39183349 0.0050958444 1.9094488,
  0.46125235 -0.10220533 1.9055118,0.39183349 0.0050958444 1.9055118] }
 coordIndex [
  1,0,2,-1,1,2,3,-1]
  normalPerVertex TRUE
  normal DEF NORM_19 Normal { vector [
  0.83961052 0.54318889 0,0.83961052 0.54318889 0,
  0.83961052 0.54318889 0,0.83961052 0.54318889 0] }
}
}
DEF SHAPE_20 Shape {
 appearance USE APP_1
 geometry DEF FACE_20 IndexedFaceSet {
  coord DEF COORD_20 Coordinate { point [
  0.50509584 -0.10220533 1.9094488,0.46125235 -0.10220533 1.9094488,
  0.50509584 -0.10220533 1.9055118,0.46125235 -0.10220533 1.9055118] }
 coordIndex [
  0,2,3,-1,0,3,1,-1]
  normalPerVertex TRUE
  normal DEF NORM_20 Normal { vector [
  0 1 0,0 1 0,
  0 1 0,0 1 0] }
}
}
DEF SHAPE_21 Shape {
 appearance USE APP_1
 geometry DEF FACE_21 IndexedFaceSet {
  coord DEF COORD_21 Coordinate { point [
  0.41702427 0.029517438 1.9094488,0.50509584 -0.10220533 1.9094488,
  0.41702427 0.029517438 1.9055118,0.50509584 -0.10220533 1.9055118] }
 coordIndex [
  1,0,2,-1,1,2,3,-1]
  normalPerVertex TRUE
  normal DEF NORM_21 Normal { vector [
  -0.83130272 -0.55581992 0,-0.83130272 -0.55581992 0,
  -0.83130272 -0.55581992 0,-0.83130272 -0.55581992 0] }
}
}
DEF SHAPE_22 Shape {
 appearance USE APP_1
 geometry DEF FACE_22 IndexedFaceSet {
  coord DEF COORD_22 Coordinate { point [
  0.49701941 0.10739732 1.9094488,0.41702427 0.029517438 1.9094488,
  0.49701941 0.10739732 1.9055118,0.41702427 0.029517438 1.9055118] }
 coordIndex [
  1,0,2,-1,1,2,3,-1]
  normalPerVertex TRUE
  normal DEF NORM_22 Normal { vector [
  -0.69757015 0.7165165 0,-0.69757015 0.7165165 0,
  -0.69757015 0.7165165 0,-0.69757015 0.7165165 0] }
}
}
DEF SHAPE_23 Shape {
 appearance USE APP_1
 geometry DEF FACE_23 IndexedFaceSet {
  coord DEF COORD_23 Coordinate { point [
  0.45106066 0.10739732 1.9094488,0.49701941 0.10739732 1.9094488,
  0.45106066 0.10739732 1.9055118,0.49701941 0.10739732 1.9055118] }
 coordIndex [
  3,1,0,-1,3,0,2,-1]
  normalPerVertex TRUE
  normal DEF NORM_23 Normal { vector [
  0 -1 0,0 -1 0,
  0 -1 0,0 -1 0] }
}
}
DEF SHAPE_24 Shape {
 appearance USE APP_1
 geometry DEF FACE_24 IndexedFaceSet {
  coord DEF COORD_24 Coordinate { point [
  0.36683501 0.022017894 1.9094488,0.45106066 0.10739732 1.9094488,
  0.36683501 0.022017894 1.9055118,0.45106066 0.10739732 1.9055118] }
 coordIndex [
  1,0,2,-1,1,2,3,-1]
  normalPerVertex TRUE
  normal DEF NORM_24 Normal { vector [
  0.71190056 -0.70228028 0,0.71190056 -0.70228028 0,
  0.71190056 -0.70228028 0,0.71190056 -0.70228028 0] }
}
}
DEF SHAPE_25 Shape {
 appearance USE APP_1
 geometry DEF FACE_25 IndexedFaceSet {
  coord DEF COORD_25 Coordinate { point [
  0.36683501 0.18700787 1.9094488,0.36683501 0.022017894 1.9094488,
  0.36683501 0.18700787 1.9055118,0.36683501 0.022017894 1.9055118] }
 coordIndex [
  0,2,3,-1,0,3,1,-1]
  normalPerVertex TRUE
  normal DEF NORM_25 Normal { vector [
  -1 0 0,-1 0 0,
  -1 0 0,-1 0 0] }
}
}
DEF SHAPE_26 Shape {
 appearance USE APP_1
 geometry DEF FACE_26 IndexedFaceSet {
  coord DEF COORD_26 Coordinate { point [
  0.33164484 0.18700787 1.9094488,0.36683501 0.18700787 1.9094488,
  0.33164484 0.18700787 1.9055118,0.36683501 0.18700787 1.9055118] }
 coordIndex [
  3,1,0,-1,3,0,2,-1]
  normalPerVertex TRUE
  normal DEF NORM_26 Normal { vector [
  0 -1 0,0 -1 0,
  0 -1 0,0 -1 0] }
}
}
DEF SHAPE_27 Shape {
 appearance USE APP_1
 geometry DEF FACE_27 IndexedFaceSet {
  coord DEF COORD_27 Coordinate { point [
  0.33164484 -0.10220533 1.9094488,0.33164484 0.18700787 1.9094488,
  0.33164484 -0.10220533 1.9055118,0.33164484 0.18700787 1.9055118] }
 coordIndex [
  3,1,0,-1,3,0,2,-1]
  normalPerVertex TRUE
  normal DEF NORM_27 Normal { vector [
  1 0 0,1 0 0,
  1 0 0,1 0 0] }
}
}
DEF SHAPE_28 Shape {
 appearance USE APP_1
 geometry DEF FACE_28 IndexedFaceSet {
  coord DEF COORD_28 Coordinate { point [
  0.36683501 -0.10220533 1.9094488,0.33164484 -0.10220533 1.9094488,
  0.36683501 -0.10220533 1.9055118,0.33164484 -0.10220533 1.9055118] }
 coordIndex [
  0,2,3,-1,0,3,1,-1]
  normalPerVertex TRUE
  normal DEF NORM_28 Normal { vector [
  0 1 0,0 1 0,
  0 1 0,0 1 0] }
}
}
DEF SHAPE_29 Shape {
 appearance USE APP_1
 geometry DEF FACE_29 IndexedFaceSet {
  coord DEF COORD_29 Coordinate { point [
  0.23184321 -0.10220533 1.9055118,0.19665304 -0.10220533 1.9055118,
  0.29780074 0.067784345 1.9055118,0.28427875 0.073562316 1.9055118,
  0.27332593 0.075259344 1.9055118,0.26253489 0.074056886 1.9055118,
  0.25592782 0.07144036 1.9055118,0.24979795 0.067358457 1.9055118,
  0.24471255 0.062178756 1.9055118,0.23949345 0.053401029 1.9055118,
  0.2351817 0.039417521 1.9055118,0.23259481 0.023292224 1.9055118,
  0.23184321 -0.024102734 1.9055118,0.31049228 0.10066696 1.9055118,
  0.22857418 0.075476186 1.9055118,0.24210817 0.09612719 1.9055118,
  0.25035589 0.10424062 1.9055118,0.26016525 0.10959351 1.9055118,
  0.27089629 0.11190427 1.9055118,0.28524209 0.1109067 1.9055118,
  0.29782224 0.10711368 1.9055118,0.22857418 0.10739732 1.9055118,
  0.19665304 0.10739732 1.9055118] }
 coordIndex [
  12,1,0,-1,11,1,12,-1,14,10,9,-1,22,11,10,-1,22,1,11,-1,22,10,14,-1,8,14,9,-1,7,14,8,-1,
  21,22,14,-1,15,6,5,-1,15,7,6,-1,15,14,7,-1,16,15,5,-1,17,5,4,-1,17,16,5,-1,18,17,4,-1,
  19,4,3,-1,19,18,4,-1,20,19,3,-1,13,3,2,-1,13,20,3,-1]
  normalPerVertex TRUE
  normal DEF NORM_29 Normal { vector [
  0 0 1,0 0 1,
  0 0 1,0 0 1,
  0 0 1,0 0 1,
  0 0 1,0 0 1,
  0 0 1,0 0 1,
  0 0 1,0 0 1,
  0 0 1,0 0 1,
  0 0 1,0 0 1,
  0 0 1,0 0 1,
  0 0 1,0 0 1,
  0 0 1,0 0 1,
  0 0 1] }
}
}
DEF SHAPE_30 Shape {
 appearance USE APP_1
 geometry DEF FACE_30 IndexedFaceSet {
  coord DEF COORD_30 Coordinate { point [
  0.29780074 0.067784345 1.9094488,0.28427875 0.073562316 1.9094488,
  0.27332593 0.075259344 1.9094488,0.26253489 0.074056886 1.9094488,
  0.25592782 0.07144036 1.9094488,0.24979795 0.067358457 1.9094488,
  0.24471255 0.062178756 1.9094488,0.23949345 0.053401029 1.9094488,
  0.2351817 0.039417521 1.9094488,0.23259481 0.023292224 1.9094488,
  0.23184321 -0.024102734 1.9094488,0.23184321 -0.10220533 1.9094488,
  0.29780074 0.067784345 1.9055118,0.28427875 0.073562316 1.9055118,
  0.27332593 0.075259344 1.9055118,0.26253489 0.074056886 1.9055118,
  0.25592782 0.07144036 1.9055118,0.24979795 0.067358457 1.9055118,
  0.24471255 0.062178756 1.9055118,0.23949345 0.053401029 1.9055118,
  0.2351817 0.039417521 1.9055118,0.23259481 0.023292224 1.9055118,
  0.23184321 -0.024102734 1.9055118,0.23184321 -0.10220533 1.9055118,
  0.27184078 0.07528389 1.9062992,0.23780438 0.048939336 1.9062992,
  0.23184321 0.0074033966 1.9062992] }
 coordIndex [
  1,0,12,-1,1,12,13,-1,2,13,14,-1,2,1,13,-1,4,15,16,-1,4,3,15,-1,5,16,17,-1,5,4,16,-1,
  6,17,18,-1,6,5,17,-1,7,18,19,-1,7,6,18,-1,9,20,21,-1,9,8,20,-1,11,22,23,-1,11,10,22,-1,
  24,3,2,-1,24,14,15,-1,24,2,14,-1,24,15,3,-1,25,8,7,-1,25,19,20,-1,25,7,19,-1,25,20,8,-1,
  26,10,9,-1,26,21,22,-1,26,9,21,-1,26,22,10,-1]
  normalPerVertex TRUE
  normal DEF NORM_30 Normal { vector [
  0.39293264 0.91956726 0,0.32933387 0.94421354 0,
  0.076478472 0.99693936 0.016215691,-0.19208772 0.98115687 0.020820855,
  -0.43386009 0.90098025 0,-0.60974196 0.79259999 0,
  -0.77927343 0.62668407 0,-0.90491338 0.42451372 0.0303294,
  -0.97304252 0.2287443 0.029398861,-0.99472343 0.075442518 0.069524949,
  -0.99916161 0.0040723829 0.040736847,-1 0 0,
  0.39293264 0.91956726 0,0.25063156 0.96808255 0,
  0.10088862 0.99426483 -0.035481345,-0.26197536 0.96485966 -0.020365137,
  -0.49611449 0.86825711 0,-0.66312715 0.74850677 0,
  -0.8258492 0.56389104 0,-0.89816495 0.43521786 -0.062330894,
  -0.98135114 0.19065543 -0.024504005,-0.98624778 0.08292552 -0.1429639,
  -0.99953484 0.00076195611 -0.030487987,-1 0 0,
  -0.11074565 0.99384878 0,-0.95560347 0.29465573 0,
  -0.99987428 0.015856264 0] }
}
}
DEF SHAPE_31 Shape {
 appearance USE APP_1
 geometry DEF FACE_31 IndexedFaceSet {
  coord DEF COORD_31 Coordinate { point [
  0.10935065 -0.075860778 1.9094488,0.083026832 -0.094681482 1.9094488,
  0.060191562 -0.10355278 1.9094488,0.034916291 -0.10698673 1.9094488,
  0.010212995 -0.10496312 1.9094488,-0.0063464783 -0.099637408 1.9094488,
  -0.018938383 -0.091733968 1.9094488,-0.029132708 -0.080792826 1.9094488,
  -0.035473909 -0.068927196 1.9094488,-0.038774497 -0.055447147 1.9094488,
  -0.038996953 -0.040589526 1.9094488,-0.035848728 -0.026469907 1.9094488,
  -0.029268537 -0.013631418 1.9094488,-0.02004373 -0.0030314301 1.9094488,
  -0.0086441269 0.0048323942 1.9094488,0.0041081756 0.010845355 1.9094488,
  0.059087552 0.020861177 1.9094488,0.1068508 0.031055806 1.9094488,
  0.10935065 -0.075860778 1.9055118,0.083026832 -0.094681482 1.9055118,
  0.060191562 -0.10355278 1.9055118,0.034916291 -0.10698673 1.9055118,
  0.010212995 -0.10496312 1.9055118,-0.0063464783 -0.099637408 1.9055118,
  -0.018938383 -0.091733968 1.9055118,-0.029132708 -0.080792826 1.9055118,
  -0.035473909 -0.068927196 1.9055118,-0.038774497 -0.055447147 1.9055118,
  -0.038996953 -0.040589526 1.9055118,-0.035848728 -0.026469907 1.9055118,
  -0.029268537 -0.013631418 1.9055118,-0.02004373 -0.0030314301 1.9055118,
  -0.0086441269 0.0048323942 1.9055118,0.0041081756 0.010845355 1.9055118,
  0.059087552 0.020861177 1.9055118,0.1068508 0.031055806 1.9055118,
  0.032432241 -0.10701273 1.9059493,-0.020833755 -0.090090683 1.9059493,
  0.011664271 0.013364573 1.9059493] }
 coordIndex [
  1,0,18,-1,1,18,19,-1,2,19,20,-1,2,1,19,-1,3,20,21,-1,3,2,20,-1,5,22,23,-1,5,4,22,-1,
  6,23,24,-1,6,5,23,-1,8,25,26,-1,8,7,25,-1,9,26,27,-1,9,8,26,-1,10,27,28,-1,10,9,27,-1,
  11,28,29,-1,11,10,28,-1,30,11,29,-1,12,11,30,-1,13,30,31,-1,13,12,30,-1,14,31,32,-1,14,13,31,-1,
  15,32,33,-1,15,14,32,-1,17,16,34,-1,17,34,35,-1,36,4,3,-1,36,21,22,-1,36,3,21,-1,36,22,4,-1,
  37,7,6,-1,37,24,25,-1,37,6,24,-1,37,25,7,-1,38,15,33,-1,38,34,16,-1,38,16,15,-1,38,33,34,-1]
  normalPerVertex TRUE
  normal DEF NORM_31 Normal { vector [
  -0.58160604 0.8134706 0,-0.52460203 0.85134758 0,
  -0.28601939 0.95822383 0,-0.067772702 0.99751693 -0.019153092,
  0.14931051 0.9885126 -0.023435122,0.37611319 0.92657373 0,
  0.60084007 0.79905588 -0.022380989,0.79308715 0.60855341 -0.025990686,
  0.91882926 0.39465527 0,0.98694696 0.16104566 0,
  0.99810379 -0.061553435 0,0.94062585 -0.33944516 0,
  0.82911061 -0.55908461 0,0.69761778 -0.71647012 0,
  0.5217066 -0.85312497 0,0.27044562 -0.94497875 -0.18404979,
  0.18047351 -0.97760039 -0.10829032,0.20873906 -0.97797137 0,
  -0.58160604 0.8134706 0,-0.45281372 0.89160515 0,
  -0.20970325 0.97776508 0,-0.10534717 0.99332943 0.046889375,
  0.21716395 0.97583532 0.02419175,0.45166993 0.89218511 0,
  0.56656974 0.82228884 0.053289773,0.83980703 0.54231714 0.024824746,
  0.94867987 0.31623804 0,0.99626168 0.086386691 0,
  0.99021377 -0.13955894 0,0.94062585 -0.33944516 0,
  0.82911061 -0.55908461 0,0.63505908 -0.77246357 0,
  0.47443725 -0.88028932 0,0.29828741 -0.81699163 0.49350713,
  0.18991983 -0.97622144 0.10450913,0.20873906 -0.97797137 0,
  0.081643184 0.99666162 0,0.73163567 0.68169586 0,
  0.17922445 -0.98380821 0] }
}
}
DEF SHAPE_32 Shape {
 appearance USE APP_1
 geometry DEF FACE_32 IndexedFaceSet {
  coord DEF COORD_32 Coordinate { point [
  0.11704249 -0.10220533 1.9094488,0.11255294 -0.091488456 1.9094488,
  0.11062784 -0.084005991 1.9094488,0.10935065 -0.075860778 1.9094488,
  0.11704249 -0.10220533 1.9055118,0.11255294 -0.091488456 1.9055118,
  0.11062784 -0.084005991 1.9055118,0.10935065 -0.075860778 1.9055118] }
 coordIndex [
  1,0,4,-1,1,4,5,-1,2,5,6,-1,2,1,5,-1,3,6,7,-1,3,2,6,-1]
  normalPerVertex TRUE
  normal DEF NORM_32 Normal { vector [
  0.9223364 0.38638785 0,0.93568279 0.35284235 0,
  0.97626025 0.21660082 0,0.98792859 0.15490999 0,
  0.9223364 0.38638785 0,0.95110845 0.30885711 0,
  0.98270653 0.18516983 0,0.98792859 0.15490999 0] }
}
}
DEF SHAPE_33 Shape {
 appearance USE APP_1
 geometry DEF FACE_33 IndexedFaceSet {
  coord DEF COORD_33 Coordinate { point [
  0.0091644232 -0.069707305 1.9094488,0.018161493 -0.075220223 1.9094488,
  0.029621563 -0.078482061 1.9094488,0.042612418 -0.07930235 1.9094488,
  0.054922251 -0.078148087 1.9094488,0.066303509 -0.075240476 1.9094488,
  0.076826068 -0.070614457 1.9094488,0.086153767 -0.0644536 1.9094488,
  0.095129503 -0.055330748 1.9094488,0.1010867 -0.045660371 1.9094488,
  0.10503856 -0.032875622 1.9094488,0.10679457 -0.014498081 1.9094488,
  0.10646621 0.0033651803 1.9094488,0.0091644232 -0.069707305 1.9055118,
  0.018161493 -0.075220223 1.9055118,0.029621563 -0.078482061 1.9055118,
  0.042612418 -0.07930235 1.9055118,0.054922251 -0.078148087 1.9055118,
  0.066303509 -0.075240476 1.9055118,0.076826068 -0.070614457 1.9055118,
  0.086153767 -0.0644536 1.9055118,0.095129503 -0.055330748 1.9055118,
  0.1010867 -0.045660371 1.9055118,0.10503856 -0.032875622 1.9055118,
  0.10679457 -0.014498081 1.9055118,0.10646621 0.0033651803 1.9055118,
  0.077429508 -0.070284193 1.9062992,0.10108192 -0.045670303 1.9062992,
  0.1068508 -0.0099032447 1.9062992] }
 coordIndex [
  1,0,13,-1,1,13,14,-1,2,14,15,-1,2,1,14,-1,3,15,16,-1,3,2,15,-1,4,16,17,-1,4,3,16,-1,
  5,17,18,-1,5,4,17,-1,6,18,19,-1,6,5,18,-1,8,20,21,-1,8,7,20,-1,11,23,24,-1,11,10,23,-1,
  26,7,6,-1,26,19,20,-1,26,6,19,-1,26,20,7,-1,27,9,8,-1,27,10,9,-1,27,21,22,-1,27,22,23,-1,
  27,8,21,-1,27,23,10,-1,28,12,11,-1,28,24,25,-1,28,25,12,-1,28,11,24,-1]
  normalPerVertex TRUE
  normal DEF NORM_33 Normal { vector [
  -0.52246451 -0.85266103 0,-0.43644278 -0.89973202 0,
  -0.20035789 -0.97972277 0,-0.012699279 -0.99991936 0,
  0.1433917 -0.98966601 0,0.29931045 -0.95415578 0,
  0.44611645 -0.8949611 0.0049751003,0.61996814 -0.78461076 0.0050461136,
  0.77920581 -0.62676814 7.1863127e-05,0.91488197 -0.40372139 -0.0001154093,
  0.97778932 -0.20959013 -0.00013115776,0.99817447 -0.059300838 0.01145198,
  0.99945635 0.023474314 0.023150758,-0.52246451 -0.85266103 0,
  -0.35286131 -0.93567563 0,-0.12982626 -0.99153676 0,
  0.039538781 -0.99921804 0,0.19490633 -0.98082186 0,
  0.35111735 -0.93633146 0,0.43002009 -0.90274929 -0.01124494,
  0.66345606 -0.74820322 -0.0042422559,0.78923998 -0.61408488 -0.0001252264,
  0.91488188 -0.40372135 0.00046163715,0.98767034 -0.15654801 0.00010526103,
  0.99755525 -0.065635631 -0.023989385,0.99892593 0.026707361 -0.0378642,
  0.55112725 -0.83442121 0,0.91488198 -0.40372139 0,
  0.99983109 0.018378847 0] }
}
}
DEF SHAPE_34 Shape {
 appearance USE APP_1
 geometry DEF FACE_34 IndexedFaceSet {
  coord DEF COORD_34 Coordinate { point [
  0.15319414 -0.10220533 1.9094488,0.11704249 -0.10220533 1.9094488,
  0.15319414 -0.10220533 1.9055118,0.11704249 -0.10220533 1.9055118] }
 coordIndex [
  0,2,3,-1,0,3,1,-1]
  normalPerVertex TRUE
  normal DEF NORM_34 Normal { vector [
  0 1 0,0 1 0,
  0 1 0,0 1 0] }
}
}
DEF SHAPE_35 Shape {
 appearance USE APP_1
 geometry DEF FACE_35 IndexedFaceSet {
  coord DEF COORD_35 Coordinate { point [
  -0.0331407 0.047593264 1.9094488,-0.025167267 0.071560415 1.9094488,
  -0.018809386 0.081956296 1.9094488,-0.010562229 0.090810407 1.9094488,
  0.00025384659 0.098470675 1.9094488,0.013472921 0.10459235 1.9094488,
  0.030359367 0.10927247 1.9094488,0.051723974 0.11178359 1.9094488,
  0.081413839 0.11096028 1.9094488,0.10493881 0.10558934 1.9094488,
  0.12201733 0.096757997 1.9094488,0.13002205 0.089321155 1.9094488,
  0.13573256 0.080170759 1.9094488,0.14012074 0.067356193 1.9094488,
  0.1417766 0.054346909 1.9094488,0.14235447 -0.035324588 1.9094488,
  0.14482314 -0.078740324 1.9094488,0.14810505 -0.090653128 1.9094488,
  0.15319414 -0.10220533 1.9094488,-0.0331407 0.047593264 1.9055118,
  -0.025167267 0.071560415 1.9055118,-0.018809386 0.081956296 1.9055118,
  -0.010562229 0.090810407 1.9055118,0.00025384659 0.098470675 1.9055118,
  0.013472921 0.10459235 1.9055118,0.030359367 0.10927247 1.9055118,
  0.051723974 0.11178359 1.9055118,0.081413839 0.11096028 1.9055118,
  0.10493881 0.10558934 1.9055118,0.12201733 0.096757997 1.9055118,
  0.13002205 0.089321155 1.9055118,0.13573256 0.080170759 1.9055118,
  0.14012074 0.067356193 1.9055118,0.1417766 0.054346909 1.9055118,
  0.14235447 -0.035324588 1.9055118,0.14482314 -0.078740324 1.9055118,
  0.14810505 -0.090653128 1.9055118,0.15319414 -0.10220533 1.9055118,
  -0.017564723 0.083552618 1.9059055,0.013779528 0.10470518 1.9059055,
  0.10473554 0.10566666 1.9059055,0.12954173 0.089898387 1.9059055,
  0.1405026 0.065669089 1.9059055] }
 coordIndex [
  1,0,19,-1,1,19,20,-1,2,20,21,-1,2,1,20,-1,4,22,23,-1,4,3,22,-1,5,23,24,-1,5,4,23,-1,
  7,25,26,-1,7,6,25,-1,8,26,27,-1,8,7,26,-1,10,28,29,-1,10,9,28,-1,12,30,31,-1,12,11,30,-1,
  13,31,32,-1,13,12,31,-1,15,33,34,-1,15,14,33,-1,16,15,34,-1,16,34,35,-1,36,16,35,-1,17,16,36,-1,
  18,17,36,-1,18,36,37,-1,38,3,2,-1,38,21,22,-1,38,2,21,-1,38,22,3,-1,39,6,5,-1,39,24,25,-1,
  39,5,24,-1,39,25,6,-1,40,9,8,-1,40,27,28,-1,40,8,27,-1,40,28,9,-1,41,11,10,-1,41,29,30,-1,
  41,10,29,-1,41,30,11,-1,42,14,13,-1,42,32,33,-1,42,13,32,-1,42,33,14,-1]
  normalPerVertex TRUE
  normal DEF NORM_35 Normal { vector [
  0.94886863 -0.31567122 0,0.93404099 -0.35716582 0,
  0.81745616 -0.57580399 -0.01466954,0.67162839 -0.74071569 -0.01598647,
  0.52401408 -0.8517096 0,0.36739568 -0.93006096 -0.0026495693,
  0.20781933 -0.97816475 -0.0021993323,0.057883958 -0.99832332 0,
  -0.11262841 -0.99363561 -0.0017671044,-0.33652517 -0.9416636 -0.00452369,
  -0.53817451 -0.84282093 -0.0045913662,-0.77482279 -0.63205359 -0.012565993,
  -0.89152605 -0.45296942 0,-0.96463991 -0.26321761 -0.013650421,
  -0.9995486 -0.029641277 -0.0048976907,-0.99986766 -0.016268451 0,
  -0.99464212 -0.10337816 0,-0.94186086 -0.33600315 0,
  -0.91513615 -0.40314493 0,0.94886863 -0.31567122 0,
  0.9077182 -0.41958034 0,0.8362291 -0.54723805 0.035375098,
  0.62294863 -0.78212903 0.014463149,0.47122752 -0.88201169 0,
  0.40314209 -0.91510917 0.0071868565,0.16268708 -0.98667582 0.0019327683,
  0.010706184 -0.99994269 0,-0.1193273 -0.99284944 0.0033128133,
  -0.44566141 -0.89519027 0.0045044248,-0.54316375 -0.83958065 0.008801549,
  -0.83941009 -0.54337915 0.011392675,-0.9231203 -0.38451127 0,
  -0.95399557 -0.29796149 0.033337808,-0.99990448 -0.013518454 0.0028764257,
  -0.99951217 -0.031231877 0,-0.99464212 -0.10337816 0,
  -0.94186086 -0.33600315 0,-0.91513615 -0.40314493 0,
  0.73174251 -0.68158117 0,0.26708438 -0.96367315 0,
  -0.22258106 -0.97491419 0,-0.68064191 -0.73261627 0,
  -0.99199669 -0.1262639 0] }
}
}
DEF SHAPE_36 Shape {
 appearance USE APP_1
 geometry DEF FACE_36 IndexedFaceSet {
  coord DEF COORD_36 Coordinate { point [
  -0.3031243 0.18700787 1.9094488,-0.22082161 -0.060477097 1.9094488,
  -0.3031243 0.18700787 1.9055118,-0.22082161 -0.060477097 1.9055118,
  -0.23466692 -0.017595085 1.9074803] }
 coordIndex [
  4,1,0,-1,4,0,2,-1,4,2,3,-1,4,3,1,-1]
  normalPerVertex TRUE
  normal DEF NORM_36 Normal { vector [
  -0.94585731 -0.31574739 -0.075216602,-0.93926818 -0.31001812 -0.14718713,
  -0.94585731 -0.31574739 0.075216602,-0.93926818 -0.31001812 0.14718713,
  -0.94890426 -0.31556412 0] }
}
}
DEF SHAPE_37 Shape {
 appearance USE APP_1
 geometry DEF FACE_37 IndexedFaceSet {
  coord DEF COORD_37 Coordinate { point [
  -0.36023622 0.18700787 1.9094488,-0.3031243 0.18700787 1.9094488,
  -0.36023622 0.18700787 1.9055118,-0.3031243 0.18700787 1.9055118] }
 coordIndex [
  3,1,0,-1,3,0,2,-1]
  normalPerVertex TRUE
  normal DEF NORM_37 Normal { vector [
  0 -1 0,0 -1 0,
  0 -1 0,0 -1 0] }
}
}
DEF SHAPE_38 Shape {
 appearance USE APP_1
 geometry DEF FACE_38 IndexedFaceSet {
  coord DEF COORD_38 Coordinate { point [
  -0.36023622 -0.10220533 1.9094488,-0.36023622 0.18700787 1.9094488,
  -0.36023622 -0.10220533 1.9055118,-0.36023622 0.18700787 1.9055118] }
 coordIndex [
  3,1,0,-1,3,0,2,-1]
  normalPerVertex TRUE
  normal DEF NORM_38 Normal { vector [
  1 0 0,1 0 0,
  1 0 0,1 0 0] }
}
}
DEF SHAPE_39 Shape {
 appearance USE APP_1
 geometry DEF FACE_39 IndexedFaceSet {
  coord DEF COORD_39 Coordinate { point [
  -0.32350768 -0.10220533 1.9094488,-0.36023622 -0.10220533 1.9094488,
  -0.32350768 -0.10220533 1.9055118,-0.36023622 -0.10220533 1.9055118] }
 coordIndex [
  0,2,3,-1,0,3,1,-1]
  normalPerVertex TRUE
  normal DEF NORM_39 Normal { vector [
  0 1 0,0 1 0,
  0 1 0,0 1 0] }
}
}
DEF SHAPE_40 Shape {
 appearance USE APP_1
 geometry DEF FACE_40 IndexedFaceSet {
  coord DEF COORD_40 Coordinate { point [
  0.55965494 0.85520861 1.9055118,0.24685903 0.85520861 1.9055118,
  -0.0083555081 0.41732283 1.9055118,0.3016448 0.41732283 1.9055118,
  0.36483096 0.52411911 1.9055118,0.17938447 0.52411911 1.9055118,
  0.21614128 0.58656566 1.9055118,0.40150634 0.58656566 1.9055118,
  0.4651607 0.69536365 1.9055118,0.2806031 0.69536365 1.9055118,
  0.31156513 0.74626813 1.9055118,0.49553239 0.74626813 1.9055118] }
 coordIndex [
  3,5,2,-1,6,2,5,-1,4,5,3,-1,7,9,6,-1,1,9,10,-1,1,2,6,-1,1,6,9,-1,0,10,11,-1,
  0,1,10,-1,8,9,7,-1]
  normalPerVertex TRUE
  normal DEF NORM_40 Normal { vector [
  0 0 1,0 0 1,
  0 0 1,0 0 1,
  0 0 1,0 0 1,
  0 0 1,0 0 1,
  0 0 1,0 0 1,
  0 0 1,0 0 1] }
}
}
DEF SHAPE_41 Shape {
 appearance USE APP_1
 geometry DEF FACE_41 IndexedFaceSet {
  coord DEF COORD_41 Coordinate { point [
  0.49553239 0.74626813 1.9055118,0.49553239 0.74626813 1.9094488,
  0.55965494 0.85520861 1.9055118,0.55965494 0.85520861 1.9094488] }
 coordIndex [
  3,0,1,-1,3,2,0,-1]
  normalPerVertex TRUE
  normal DEF NORM_41 Normal { vector [
  -0.86179619 0.50725469 0,-0.86179619 0.50725469 0,
  -0.86179619 0.50725469 0,-0.86179619 0.50725469 0] }
}
}
DEF SHAPE_42 Shape {
 appearance USE APP_1
 geometry DEF FACE_42 IndexedFaceSet {
  coord DEF COORD_42 Coordinate { point [
  0.31156513 0.74626813 1.9055118,0.31156513 0.74626813 1.9094488,
  0.49553239 0.74626813 1.9055118,0.49553239 0.74626813 1.9094488] }
 coordIndex [
  2,0,1,-1,2,1,3,-1]
  normalPerVertex TRUE
  normal DEF NORM_42 Normal { vector [
  0 1 0,0 1 0,
  0 1 0,0 1 0] }
}
}
DEF SHAPE_43 Shape {
 appearance USE APP_1
 geometry DEF FACE_43 IndexedFaceSet {
  coord DEF COORD_43 Coordinate { point [
  0.2806031 0.69536365 1.9055118,0.2806031 0.69536365 1.9094488,
  0.31156513 0.74626813 1.9055118,0.31156513 0.74626813 1.9094488] }
 coordIndex [
  3,0,1,-1,3,2,0,-1]
  normalPerVertex TRUE
  normal DEF NORM_43 Normal { vector [
  -0.85437224 0.5196615 0,-0.85437224 0.5196615 0,
  -0.85437224 0.5196615 0,-0.85437224 0.5196615 0] }
}
}
DEF SHAPE_44 Shape {
 appearance USE APP_1
 geometry DEF FACE_44 IndexedFaceSet {
  coord DEF COORD_44 Coordinate { point [
  0.4651607 0.69536365 1.9055118,0.4651607 0.69536365 1.9094488,
  0.2806031 0.69536365 1.9055118,0.2806031 0.69536365 1.9094488] }
 coordIndex [
  3,0,1,-1,3,2,0,-1]
  normalPerVertex TRUE
  normal DEF NORM_44 Normal { vector [
  0 -1 0,0 -1 0,
  0 -1 0,0 -1 0] }
}
}
DEF SHAPE_45 Shape {
 appearance USE APP_1
 geometry DEF FACE_45 IndexedFaceSet {
  coord DEF COORD_45 Coordinate { point [
  0.40150634 0.58656566 1.9055118,0.40150634 0.58656566 1.9094488,
  0.4651607 0.69536365 1.9055118,0.4651607 0.69536365 1.9094488] }
 coordIndex [
  3,0,1,-1,3,2,0,-1]
  normalPerVertex TRUE
  normal DEF NORM_45 Normal { vector [
  -0.86312607 0.5049885 0,-0.86312607 0.5049885 0,
  -0.86312607 0.5049885 0,-0.86312607 0.5049885 0] }
}
}
DEF SHAPE_46 Shape {
 appearance USE APP_1
 geometry DEF FACE_46 IndexedFaceSet {
  coord DEF COORD_46 Coordinate { point [
  0.21614128 0.58656566 1.9055118,0.21614128 0.58656566 1.9094488,
  0.40150634 0.58656566 1.9055118,0.40150634 0.58656566 1.9094488] }
 coordIndex [
  3,0,1,-1,3,2,0,-1]
  normalPerVertex TRUE
  normal DEF NORM_46 Normal { vector [
  0 1 0,0 1 0,
  0 1 0,0 1 0] }
}
}
DEF SHAPE_47 Shape {
 appearance USE APP_1
 geometry DEF FACE_47 IndexedFaceSet {
  coord DEF COORD_47 Coordinate { point [
  0.17938447 0.52411911 1.9055118,0.17938447 0.52411911 1.9094488,
  0.21614128 0.58656566 1.9055118,0.21614128 0.58656566 1.9094488] }
 coordIndex [
  3,0,1,-1,3,2,0,-1]
  normalPerVertex TRUE
  normal DEF NORM_47 Normal { vector [
  -0.86179215 0.50726156 0,-0.86179215 0.50726156 0,
  -0.86179215 0.50726156 0,-0.86179215 0.50726156 0] }
}
}
DEF SHAPE_48 Shape {
 appearance USE APP_1
 geometry DEF FACE_48 IndexedFaceSet {
  coord DEF COORD_48 Coordinate { point [
  0.36483096 0.52411911 1.9055118,0.36483096 0.52411911 1.9094488,
  0.17938447 0.52411911 1.9055118,0.17938447 0.52411911 1.9094488] }
 coordIndex [
  3,0,1,-1,3,2,0,-1]
  normalPerVertex TRUE
  normal DEF NORM_48 Normal { vector [
  0 -1 0,0 -1 0,
  0 -1 0,0 -1 0] }
}
}
DEF SHAPE_49 Shape {
 appearance USE APP_1
 geometry DEF FACE_49 IndexedFaceSet {
  coord DEF COORD_49 Coordinate { point [
  0.3016448 0.41732283 1.9055118,0.3016448 0.41732283 1.9094488,
  0.36483096 0.52411911 1.9055118,0.36483096 0.52411911 1.9094488] }
 coordIndex [
  3,0,1,-1,3,2,0,-1]
  normalPerVertex TRUE
  normal DEF NORM_49 Normal { vector [
  -0.86064662 0.5092027 0,-0.86064662 0.5092027 0,
  -0.86064662 0.5092027 0,-0.86064662 0.5092027 0] }
}
}
DEF SHAPE_50 Shape {
 appearance USE APP_1
 geometry DEF FACE_50 IndexedFaceSet {
  coord DEF COORD_50 Coordinate { point [
  -0.0083555081 0.41732283 1.9055118,-0.0083555081 0.41732283 1.9094488,
  0.3016448 0.41732283 1.9055118,0.3016448 0.41732283 1.9094488] }
 coordIndex [
  2,0,1,-1,2,1,3,-1]
  normalPerVertex TRUE
  normal DEF NORM_50 Normal { vector [
  0 1 0,0 1 0,
  0 1 0,0 1 0] }
}
}
DEF SHAPE_51 Shape {
 appearance USE APP_1
 geometry DEF FACE_51 IndexedFaceSet {
  coord DEF COORD_51 Coordinate { point [
  0.24685903 0.85520861 1.9055118,0.24685903 0.85520861 1.9094488,
  -0.0083555081 0.41732283 1.9055118,-0.0083555081 0.41732283 1.9094488] }
 coordIndex [
  3,0,1,-1,3,2,0,-1]
  normalPerVertex TRUE
  normal DEF NORM_51 Normal { vector [
  0.86396676 -0.50354885 0,0.86396676 -0.50354885 0,
  0.86396676 -0.50354885 0,0.86396676 -0.50354885 0] }
}
}
DEF SHAPE_52 Shape {
 appearance USE APP_1
 geometry DEF FACE_52 IndexedFaceSet {
  coord DEF COORD_52 Coordinate { point [
  0.55965494 0.85520861 1.9055118,0.55965494 0.85520861 1.9094488,
  0.24685903 0.85520861 1.9055118,0.24685903 0.85520861 1.9094488] }
 coordIndex [
  3,0,1,-1,3,2,0,-1]
  normalPerVertex TRUE
  normal DEF NORM_52 Normal { vector [
  0 -1 0,0 -1 0,
  0 -1 0,0 -1 0] }
}
}
DEF SHAPE_53 Shape {
 appearance USE APP_1
 geometry DEF FACE_53 IndexedFaceSet {
  coord DEF COORD_53 Coordinate { point [
  -0.34015748 0.85520861 1.9055118,-0.23001597 0.85520861 1.9055118,
  -0.21926781 0.62802479 1.9055118,-0.17091466 0.69536365 1.9055118,
  -0.056742589 0.69536365 1.9055118,-0.044650908 0.62551417 1.9055118,
  0.092361003 0.85520861 1.9055118,0.21593771 0.85520861 1.9055118,
  -0.040620347 0.41732283 1.9055118,-0.1534489 0.41732283 1.9055118,
  -0.16419706 0.49253961 1.9055118,-0.21389373 0.41732283 1.9055118,
  -0.31732442 0.41732283 1.9055118] }
 coordIndex [
  10,9,8,-1,5,8,7,-1,5,10,8,-1,12,11,10,-1,6,5,7,-1,2,12,10,-1,2,10,5,-1,3,5,4,-1,
  3,2,5,-1,0,12,2,-1,1,0,2,-1]
  normalPerVertex TRUE
  normal DEF NORM_53 Normal { vector [
  0 0 1,0 0 1,
  0 0 1,0 0 1,
  0 0 1,0 0 1,
  0 0 1,0 0 1,
  0 0 1,0 0 1,
  0 0 1,0 0 1,
  0 0 1] }
}
}
DEF SHAPE_54 Shape {
 appearance USE APP_1
 geometry DEF FACE_54 IndexedFaceSet {
  coord DEF COORD_54 Coordinate { point [
  -0.21389373 0.41732283 1.9094488,-0.31732442 0.41732283 1.9094488,
  -0.21389373 0.41732283 1.9055118,-0.31732442 0.41732283 1.9055118] }
 coordIndex [
  1,0,2,-1,1,2,3,-1]
  normalPerVertex TRUE
  normal DEF NORM_54 Normal { vector [
  0 1 0,0 1 0,
  0 1 0,0 1 0] }
}
}
DEF SHAPE_55 Shape {
 appearance USE APP_1
 geometry DEF FACE_55 IndexedFaceSet {
  coord DEF COORD_55 Coordinate { point [
  -0.16419706 0.49253961 1.9094488,-0.21389373 0.41732283 1.9094488,
  -0.16419706 0.49253961 1.9055118,-0.21389373 0.41732283 1.9055118] }
 coordIndex [
  1,0,2,-1,1,2,3,-1]
  normalPerVertex TRUE
  normal DEF NORM_55 Normal { vector [
  -0.83433594 0.55125633 0,-0.83433594 0.55125633 0,
  -0.83433594 0.55125633 0,-0.83433594 0.55125633 0] }
}
}
DEF SHAPE_56 Shape {
 appearance USE APP_1
 geometry DEF FACE_56 IndexedFaceSet {
  coord DEF COORD_56 Coordinate { point [
  -0.1534489 0.41732283 1.9094488,-0.16419706 0.49253961 1.9094488,
  -0.1534489 0.41732283 1.9055118,-0.16419706 0.49253961 1.9055118] }
 coordIndex [
  1,0,2,-1,1,2,3,-1]
  normalPerVertex TRUE
  normal DEF NORM_56 Normal { vector [
  0.98994413 0.14145886 0,0.98994413 0.14145886 0,
  0.98994413 0.14145886 0,0.98994413 0.14145886 0] }
}
}
DEF SHAPE_57 Shape {
 appearance USE APP_1
 geometry DEF FACE_57 IndexedFaceSet {
  coord DEF COORD_57 Coordinate { point [
  -0.040620347 0.41732283 1.9094488,-0.1534489 0.41732283 1.9094488,
  -0.040620347 0.41732283 1.9055118,-0.1534489 0.41732283 1.9055118] }
 coordIndex [
  0,2,3,-1,0,3,1,-1]
  normalPerVertex TRUE
  normal DEF NORM_57 Normal { vector [
  0 1 0,0 1 0,
  0 1 0,0 1 0] }
}
}
DEF SHAPE_58 Shape {
 appearance USE APP_1
 geometry DEF FACE_58 IndexedFaceSet {
  coord DEF COORD_58 Coordinate { point [
  0.21593771 0.85520861 1.9094488,-0.040620347 0.41732283 1.9094488,
  0.21593771 0.85520861 1.9055118,-0.040620347 0.41732283 1.9055118] }
 coordIndex [
  1,0,2,-1,1,2,3,-1]
  normalPerVertex TRUE
  normal DEF NORM_58 Normal { vector [
  -0.8628128 0.50552356 0,-0.8628128 0.50552356 0,
  -0.8628128 0.50552356 0,-0.8628128 0.50552356 0] }
}
}
DEF SHAPE_59 Shape {
 appearance USE APP_1
 geometry DEF FACE_59 IndexedFaceSet {
  coord DEF COORD_59 Coordinate { point [
  0.092361003 0.85520861 1.9094488,0.21593771 0.85520861 1.9094488,
  0.092361003 0.85520861 1.9055118,0.21593771 0.85520861 1.9055118] }
 coordIndex [
  1,0,2,-1,1,2,3,-1]
  normalPerVertex TRUE
  normal DEF NORM_59 Normal { vector [
  0 -1 0,0 -1 0,
  0 -1 0,0 -1 0] }
}
}
DEF SHAPE_60 Shape {
 appearance USE APP_1
 geometry DEF FACE_60 IndexedFaceSet {
  coord DEF COORD_60 Coordinate { point [
  -0.044650908 0.62551417 1.9094488,0.092361003 0.85520861 1.9094488,
  -0.044650908 0.62551417 1.9055118,0.092361003 0.85520861 1.9055118] }
 coordIndex [
  1,0,2,-1,1,2,3,-1]
  normalPerVertex TRUE
  normal DEF NORM_60 Normal { vector [
  0.85881755 -0.51228158 0,0.85881755 -0.51228158 0,
  0.85881755 -0.51228158 0,0.85881755 -0.51228158 0] }
}
}
DEF SHAPE_61 Shape {
 appearance USE APP_1
 geometry DEF FACE_61 IndexedFaceSet {
  coord DEF COORD_61 Coordinate { point [
  -0.056742589 0.69536365 1.9094488,-0.044650908 0.62551417 1.9094488,
  -0.056742589 0.69536365 1.9055118,-0.044650908 0.62551417 1.9055118] }
 coordIndex [
  1,0,2,-1,1,2,3,-1]
  normalPerVertex TRUE
  normal DEF NORM_61 Normal { vector [
  -0.98534494 -0.1705736 0,-0.98534494 -0.1705736 0,
  -0.98534494 -0.1705736 0,-0.98534494 -0.1705736 0] }
}
}
DEF SHAPE_62 Shape {
 appearance USE APP_1
 geometry DEF FACE_62 IndexedFaceSet {
  coord DEF COORD_62 Coordinate { point [
  -0.17091466 0.69536365 1.9094488,-0.056742589 0.69536365 1.9094488,
  -0.17091466 0.69536365 1.9055118,-0.056742589 0.69536365 1.9055118] }
 coordIndex [
  1,0,2,-1,1,2,3,-1]
  normalPerVertex TRUE
  normal DEF NORM_62 Normal { vector [
  0 -1 0,0 -1 0,
  0 -1 0,0 -1 0] }
}
}
DEF SHAPE_63 Shape {
 appearance USE APP_1
 geometry DEF FACE_63 IndexedFaceSet {
  coord DEF COORD_63 Coordinate { point [
  -0.21926781 0.62802479 1.9094488,-0.17091466 0.69536365 1.9094488,
  -0.21926781 0.62802479 1.9055118,-0.17091466 0.69536365 1.9055118] }
 coordIndex [
  1,0,2,-1,1,2,3,-1]
  normalPerVertex TRUE
  normal DEF NORM_63 Normal { vector [
  0.81228197 -0.58326495 0,0.81228197 -0.58326495 0,
  0.81228197 -0.58326495 0,0.81228197 -0.58326495 0] }
}
}
DEF SHAPE_64 Shape {
 appearance USE APP_1
 geometry DEF FACE_64 IndexedFaceSet {
  coord DEF COORD_64 Coordinate { point [
  -0.23001597 0.85520861 1.9094488,-0.21926781 0.62802479 1.9094488,
  -0.23001597 0.85520861 1.9055118,-0.21926781 0.62802479 1.9055118] }
 coordIndex [
  1,0,2,-1,1,2,3,-1]
  normalPerVertex TRUE
  normal DEF NORM_64 Normal { vector [
  -0.99888274 -0.047257557 0,-0.99888274 -0.047257557 0,
  -0.99888274 -0.047257557 0,-0.99888274 -0.047257557 0] }
}
}
DEF SHAPE_65 Shape {
 appearance USE APP_1
 geometry DEF FACE_65 IndexedFaceSet {
  coord DEF COORD_65 Coordinate { point [
  -0.34015748 0.85520861 1.9094488,-0.23001597 0.85520861 1.9094488,
  -0.34015748 0.85520861 1.9055118,-0.23001597 0.85520861 1.9055118] }
 coordIndex [
  1,0,2,-1,1,2,3,-1]
  normalPerVertex TRUE
  normal DEF NORM_65 Normal { vector [
  0 -1 0,0 -1 0,
  0 -1 0,0 -1 0] }
}
}
DEF SHAPE_66 Shape {
 appearance USE APP_1
 geometry DEF FACE_66 IndexedFaceSet {
  coord DEF COORD_66 Coordinate { point [
  -0.31732442 0.41732283 1.9094488,-0.34015748 0.85520861 1.9094488,
  -0.31732442 0.41732283 1.9055118,-0.34015748 0.85520861 1.9055118] }
 coordIndex [
  1,0,2,-1,1,2,3,-1]
  normalPerVertex TRUE
  normal DEF NORM_66 Normal { vector [
  0.99864327 0.052073119 0,0.99864327 0.052073119 0,
  0.99864327 0.052073119 0,0.99864327 0.052073119 0] }
}
}
DEF SHAPE_67 Shape {
 appearance USE APP_1
 geometry DEF FACE_67 IndexedFaceSet {
  coord DEF COORD_67 Coordinate { point [
  -0.44645669 1.0229608 1.9055118,-0.44645669 -1.0229608 1.9055118,
  -0.69235094 -0.87545562 1.9055118,-0.89254958 -0.67016983 1.9055118,
  -1.0338394 -0.42065242 1.9055118,-1.1068952 -0.14337168 1.9055118,
  -1.1068952 0.14337168 1.9055118,-1.0338394 0.42065242 1.9055118,
  -0.89254958 0.67016983 1.9055118,-0.69235094 0.87545562 1.9055118] }
 coordIndex [
  4,2,1,-1,4,3,2,-1,8,1,0,-1,8,5,4,-1,8,6,5,-1,8,7,6,-1,8,4,1,-1,9,8,0,-1]
  normalPerVertex TRUE
  normal DEF NORM_67 Normal { vector [
  0 0 1,0 0 1,
  0 0 1,0 0 1,
  0 0 1,0 0 1,
  0 0 1,0 0 1,
  0 0 1,0 0 1] }
}
}
DEF SHAPE_68 Shape {
 appearance USE APP_1
 geometry DEF FACE_68 IndexedFaceSet {
  coord DEF COORD_68 Coordinate { point [
  -0.44645669 1.0229608 1.9094488,-0.44645669 -1.0229608 1.9094488,
  -0.44645669 1.0229608 1.9055118,-0.44645669 -1.0229608 1.9055118] }
 coordIndex [
  0,2,3,-1,0,3,1,-1]
  normalPerVertex TRUE
  normal DEF NORM_68 Normal { vector [
  -1 0 0,-1 0 0,
  -1 0 0,-1 0 0] }
}
}
DEF SHAPE_69 Shape {
 appearance USE APP_1
 geometry DEF FACE_69 IndexedFaceSet {
  coord DEF COORD_69 Coordinate { point [
  -0.44645669 1.0229608 1.9055118,-0.44645669 1.0229608 1.9094488,
  -0.44645669 -1.0229608 1.9055118,-0.69235094 -0.87545562 1.9055118,
  -0.89254958 -0.67016983 1.9055118,-1.0338394 -0.42065242 1.9055118,
  -1.1068952 -0.14337168 1.9055118,-1.1068952 0.14337168 1.9055118,
  -1.0338394 0.42065242 1.9055118,-0.89254958 0.67016983 1.9055118,
  -0.69235094 0.87545562 1.9055118,-0.44645669 -1.0229608 1.9094488,
  -0.66957041 -0.89299934 1.9094488,-0.85685089 -0.71524745 1.9094488,
  -0.99827547 -0.49921783 1.9094488,-1.0862756 -0.25647168 1.9094488,
  -1.1161417 0 1.9094488,-1.0862756 0.25647168 1.9094488,
  -0.99827547 0.49921783 1.9094488,-0.85685089 0.71524745 1.9094488,
  -0.66957041 0.89299934 1.9094488] }
 coordIndex [
  2,12,11,-1,3,13,12,-1,3,12,2,-1,4,14,13,-1,4,13,3,-1,5,15,14,-1,5,14,4,-1,6,16,15,-1,
  6,15,5,-1,7,17,16,-1,7,16,6,-1,8,18,17,-1,8,17,7,-1,9,19,18,-1,9,18,8,-1,10,20,19,-1,
  10,19,9,-1,0,1,20,-1,0,20,10,-1]
  normalPerVertex TRUE
  normal DEF NORM_69 Normal { vector [
  0.46527646 -0.78646708 0.40618636,0.50332704 -0.86409599 0,
  0.46527646 0.78646708 0.40618636,0.55551206 0.66318214 0.50159327,
  0.63540894 0.45741242 0.62211683,0.67891445 0.2667382 0.6840511,
  0.69833097 0.087597727 0.71039461,0.69833097 -0.087597727 0.71039461,
  0.67891445 -0.2667382 0.6840511,0.63540894 -0.45741242 0.62211683,
  0.55551206 -0.66318214 0.50159327,0.50332704 0.86409599 0,
  0.56890461 0.82018966 0.06030305,0.74352148 0.65643921 -0.1275279,
  0.85673235 0.44840628 -0.25483621,0.9181234 0.22574412 -0.3257131,
  0.93740826 0 -0.34823233,0.9181234 -0.22574412 -0.3257131,
  0.85673235 -0.44840628 -0.25483621,0.74352148 -0.65643921 -0.1275279,
  0.56890461 -0.82018966 0.06030305] }
}
}
DEF SHAPE_70 Shape {
 appearance DEF APP_2 Appearance {
  material Material {
   ambientIntensity 0.14285715
   diffuseColor 0.69999999 0.69999999 0.69999999
   emissiveColor 0 0 0
   shininess 0.1
   specularColor 0.12 0.12 0.12
   transparency 0
} }
 geometry DEF FACE_70 IndexedFaceSet {
  coord DEF COORD_70 Coordinate { point [
  0.62992126 -0.12795276 -0.11811024,0.63059201 -0.12795276 -0.1232051,
  0.63255856 -0.12795276 -0.12795276,0.63568687 -0.12795276 -0.13202966,
  0.63976378 -0.12795276 -0.13515798,0.64451144 -0.12795276 -0.13712452,
  0.6496063 -0.12795276 -0.13779528,1.4370079 -0.12795276 -0.13779528,
  1.4370079 -0.12795276 -0.25590551,0.6496063 -0.12795276 -0.25590551,
  0.51181102 -0.12795276 -0.11811024,0.51650628 -0.12795276 -0.15377428,
  0.53027209 -0.12795276 -0.18700787,0.55217033 -0.12795276 -0.21554621,
  0.58070866 -0.12795276 -0.23744445,0.61394226 -0.12795276 -0.25121025,
  0.51181102 -0.12795276 0.074409449,0.51972291 -0.12795276 0.074409449,
  0.51972291 -0.12795276 0.23188976,0.62200937 -0.12795276 0.23188976,
  0.62200937 -0.12795276 0.074409449,0.62992126 -0.12795276 0.074409449] }
 coordIndex [
  2,12,13,-1,2,13,3,-1,4,13,14,-1,4,3,13,-1,1,11,12,-1,1,12,2,-1,5,14,15,-1,5,4,14,-1,
  6,15,9,-1,6,5,15,-1,0,10,11,-1,0,11,1,-1,17,16,10,-1,20,17,10,-1,20,10,0,-1,21,20,0,-1,
  19,18,17,-1,19,17,20,-1,7,9,8,-1,7,6,9,-1]
  normalPerVertex TRUE
  normal DEF NORM_70 Normal { vector [
  0 -1 0,0 -1 0,
  0 -1 0,0 -1 0,
  0 -1 0,0 -1 0,
  0 -1 0,0 -1 0,
  0 -1 0,0 -1 0,
  0 -1 0,0 -1 0,
  0 -1 0,0 -1 0,
  0 -1 0,0 -1 0,
  0 -1 0,0 -1 0,
  0 -1 0,0 -1 0,
  0 -1 0,0 -1 0] }
}
}
DEF SHAPE_71 Shape {
 appearance USE APP_2
 geometry DEF FACE_71 IndexedFaceSet {
  coord DEF COORD_71 Coordinate { point [
  0.62992126 0.12795276 -0.11811024,0.62992126 -0.12795276 -0.11811024,
  0.62992126 -0.12795276 0.074409449,0.62992126 -0.12449912 0.074409449,
  0.62992126 -0.12449912 0.23188976,0.62992126 0.12449912 0.23188976,
  0.62992126 0.12449912 0.074409449,0.62992126 0.12795276 0.074409449] }
 coordIndex [
  3,2,1,-1,6,1,0,-1,6,3,1,-1,7,6,0,-1,5,4,3,-1,5,3,6,-1]
  normalPerVertex TRUE
  normal DEF NORM_71 Normal { vector [
  1 0 0,1 0 0,
  1 0 0,1 0 0,
  1 0 0,1 0 0,
  1 0 0,1 0 0] }
}
}
DEF SHAPE_72 Shape {
 appearance USE APP_2
 geometry DEF FACE_72 IndexedFaceSet {
  coord DEF COORD_72 Coordinate { point [
  0.6496063 0.12795276 -0.13779528,0.6496063 -0.12795276 -0.13779528,
  0.62992126 -0.12795276 -0.11811024,0.63059201 -0.12795276 -0.1232051,
  0.63255856 -0.12795276 -0.12795276,0.63568687 -0.12795276 -0.13202966,
  0.63976378 -0.12795276 -0.13515798,0.64451144 -0.12795276 -0.13712452,
  0.62992126 0.12795276 -0.11811024,0.63059201 0.12795276 -0.1232051,
  0.63255856 0.12795276 -0.12795276,0.63568687 0.12795276 -0.13202966,
  0.63976378 0.12795276 -0.13515798,0.64451144 0.12795276 -0.13712452] }
 coordIndex [
  13,1,0,-1,13,7,1,-1,12,6,7,-1,12,7,13,-1,11,5,6,-1,11,6,12,-1,10,4,5,-1,10,5,11,-1,
  9,3,4,-1,9,4,10,-1,8,2,3,-1,8,3,9,-1]
  normalPerVertex TRUE
  normal DEF NORM_72 Normal { vector [
  0.13052619 0 0.99144486,0.13052619 0 0.99144486,
  0.99144486 0 0.13052619,0.9763442 0 0.21622209,
  0.88711369 0 0.46155098,0.73742784 0 0.67542593,
  0.5374875 0 0.84327172,0.30091828 0 0.95364993,
  0.99144486 0 0.13052619,0.95364993 0 0.30091828,
  0.84327172 0 0.5374875,0.67542593 0 0.73742784,
  0.46155098 0 0.88711369,0.21622209 0 0.9763442] }
}
}
DEF SHAPE_73 Shape {
 appearance USE APP_2
 geometry DEF FACE_73 IndexedFaceSet {
  coord DEF COORD_73 Coordinate { point [
  1.4370079 0.12795276 -0.13779528,1.4370079 -0.12795276 -0.13779528,
  0.6496063 -0.12795276 -0.13779528,0.6496063 0.12795276 -0.13779528] }
 coordIndex [
  3,1,0,-1,3,2,1,-1]
  normalPerVertex TRUE
  normal DEF NORM_73 Normal { vector [
  0 0 1,0 0 1,
  0 0 1,0 0 1] }
}
}
DEF SHAPE_74 Shape {
 appearance USE APP_2
 geometry DEF FACE_74 IndexedFaceSet {
  coord DEF COORD_74 Coordinate { point [
  0.51181102 0.12795276 -0.11811024,0.51650628 0.12795276 -0.15377428,
  0.53027209 0.12795276 -0.18700787,0.55217033 0.12795276 -0.21554621,
  0.58070866 0.12795276 -0.23744445,0.61394226 0.12795276 -0.25121025,
  0.6496063 0.12795276 -0.25590551,1.4370079 0.12795276 -0.25590551,
  1.4370079 0.12795276 -0.13779528,0.6496063 0.12795276 -0.13779528,
  0.62992126 0.12795276 -0.11811024,0.63059201 0.12795276 -0.1232051,
  0.63255856 0.12795276 -0.12795276,0.63568687 0.12795276 -0.13202966,
  0.63976378 0.12795276 -0.13515798,0.64451144 0.12795276 -0.13712452,
  0.62992126 0.12795276 0.074409449,0.62200937 0.12795276 0.074409449,
  0.62200937 0.12795276 0.23188976,0.51972291 0.12795276 0.23188976,
  0.51972291 0.12795276 0.074409449,0.51181102 0.12795276 0.074409449] }
 coordIndex [
  17,19,18,-1,17,20,19,-1,0,21,20,-1,10,17,16,-1,10,0,20,-1,10,20,17,-1,11,1,0,-1,11,0,10,-1,
  12,2,1,-1,12,1,11,-1,13,3,2,-1,13,2,12,-1,4,13,14,-1,4,3,13,-1,5,14,15,-1,5,4,14,-1,
  6,15,9,-1,6,5,15,-1,7,9,8,-1,7,6,9,-1]
  normalPerVertex TRUE
  normal DEF NORM_74 Normal { vector [
  0 1 0,0 1 0,
  0 1 0,0 1 0,
  0 1 0,0 1 0,
  0 1 0,0 1 0,
  0 1 0,0 1 0,
  0 1 0,0 1 0,
  0 1 0,0 1 0,
  0 1 0,0 1 0,
  0 1 0,0 1 0,
  0 1 0,0 1 0,
  0 1 0,0 1 0] }
}
}
DEF SHAPE_75 Shape {
 appearance USE APP_2
 geometry DEF FACE_75 IndexedFaceSet {
  coord DEF COORD_75 Coordinate { point [
  0.51181102 -0.12795276 -0.11811024,0.51181102 0.12795276 -0.11811024,
  0.51181102 0.12795276 0.074409449,0.51181102 0.12449912 0.074409449,
  0.51181102 0.12449912 0.23188976,0.51181102 -0.12449912 0.23188976,
  0.51181102 -0.12449912 0.074409449,0.51181102 -0.12795276 0.074409449] }
 coordIndex [
  0,7,6,-1,3,5,4,-1,3,6,5,-1,3,0,6,-1,1,3,2,-1,1,0,3,-1]
  normalPerVertex TRUE
  normal DEF NORM_75 Normal { vector [
  -1 0 0,-1 0 0,
  -1 0 0,-1 0 0,
  -1 0 0,-1 0 0,
  -1 0 0,-1 0 0] }
}
}
DEF SHAPE_76 Shape {
 appearance USE APP_2
 geometry DEF FACE_76 IndexedFaceSet {
  coord DEF COORD_76 Coordinate { point [
  0.6496063 -0.12795276 -0.25590551,0.6496063 0.12795276 -0.25590551,
  0.51181102 -0.12795276 -0.11811024,0.51650628 -0.12795276 -0.15377428,
  0.53027209 -0.12795276 -0.18700787,0.55217033 -0.12795276 -0.21554621,
  0.58070866 -0.12795276 -0.23744445,0.61394226 -0.12795276 -0.25121025,
  0.51181102 0.12795276 -0.11811024,0.51650628 0.12795276 -0.15377428,
  0.53027209 0.12795276 -0.18700787,0.55217033 0.12795276 -0.21554621,
  0.58070866 0.12795276 -0.23744445,0.61394226 0.12795276 -0.25121025] }
 coordIndex [
  13,1,0,-1,13,7,6,-1,13,0,7,-1,12,13,6,-1,11,6,5,-1,11,12,6,-1,10,4,3,-1,10,5,4,-1,
  10,11,5,-1,9,10,3,-1,8,3,2,-1,8,9,3,-1]
  normalPerVertex TRUE
  normal DEF NORM_76 Normal { vector [
  -0.13052619 0 -0.99144486,-0.13052619 0 -0.99144486,
  -0.99144486 0 -0.13052619,-0.96592583 0 -0.25881905,
  -0.8660254 0 -0.5,-0.73742784 0 -0.67542593,
  -0.5 0 -0.8660254,-0.25881905 0 -0.96592583,
  -0.99144486 0 -0.13052619,-0.96592583 0 -0.25881905,
  -0.8660254 0 -0.5,-0.67542593 0 -0.73742784,
  -0.5 0 -0.8660254,-0.25881905 0 -0.96592583] }
}
}
DEF SHAPE_77 Shape {
 appearance USE APP_2
 geometry DEF FACE_77 IndexedFaceSet {
  coord DEF COORD_77 Coordinate { point [
  0.6496063 0.12795276 -0.25590551,1.4370079 0.12795276 -0.25590551,
  0.6496063 -0.12795276 -0.25590551,1.4370079 -0.12795276 -0.25590551] }
 coordIndex [
  1,2,0,-1,1,3,2,-1]
  normalPerVertex TRUE
  normal DEF NORM_77 Normal { vector [
  0 0 -1,0 0 -1,
  0 0 -1,0 0 -1] }
}
}
DEF SHAPE_78 Shape {
 appearance USE APP_2
 geometry DEF FACE_78 IndexedFaceSet {
  coord DEF COORD_78 Coordinate { point [
  1.4370079 -0.12795276 -0.25590551,1.4370079 0.12795276 -0.25590551,
  1.4370079 0.12795276 -0.13779528,1.4370079 -0.12795276 -0.13779528] }
 coordIndex [
  2,0,1,-1,2,3,0,-1]
  normalPerVertex TRUE
  normal DEF NORM_78 Normal { vector [
  1 0 0,1 0 0,
  1 0 0,1 0 0] }
}
}
DEF SHAPE_79 Shape {
 appearance USE APP_2
 geometry DEF FACE_79 IndexedFaceSet {
  coord DEF COORD_79 Coordinate { point [
  -0.51181102 0.12795276 0.074409449,-0.51972291 0.12795276 0.074409449,
  -0.51181102 0.12795276 -0.11811024,-0.6496063 0.12795276 -0.25590551,
  -0.61394226 0.12795276 -0.25121025,-0.58070866 0.12795276 -0.23744445,
  -0.55217033 0.12795276 -0.21554621,-0.53027209 0.12795276 -0.18700787,
  -0.51650628 0.12795276 -0.15377428,-1.4370079 0.12795276 -0.25590551,
  -1.4370079 0.12795276 -0.13779528,-0.6496063 0.12795276 -0.13779528,
  -0.64451144 0.12795276 -0.13712452,-0.63976378 0.12795276 -0.13515798,
  -0.63568687 0.12795276 -0.13202966,-0.63255856 0.12795276 -0.12795276,
  -0.63059201 0.12795276 -0.1232051,-0.62992126 0.12795276 -0.11811024,
  -0.62992126 0.12795276 0.074409449,-0.62200937 0.12795276 0.074409449,
  -0.62200937 0.12795276 0.23188976,-0.51972291 0.12795276 0.23188976] }
 coordIndex [
  11,3,9,-1,11,9,10,-1,12,4,3,-1,12,3,11,-1,13,5,4,-1,13,4,12,-1,14,6,5,-1,14,5,13,-1,
  7,14,15,-1,7,6,14,-1,8,15,16,-1,8,16,17,-1,8,7,15,-1,2,8,17,-1,19,17,18,-1,1,2,17,-1,
  1,17,19,-1,0,2,1,-1,21,19,20,-1,21,1,19,-1]
  normalPerVertex TRUE
  normal DEF NORM_79 Normal { vector [
  0 1 0,0 1 0,
  0 1 0,0 1 0,
  0 1 0,0 1 0,
  0 1 0,0 1 0,
  0 1 0,0 1 0,
  0 1 0,0 1 0,
  0 1 0,0 1 0,
  0 1 0,0 1 0,
  0 1 0,0 1 0,
  0 1 0,0 1 0,
  0 1 0,0 1 0] }
}
}
DEF SHAPE_80 Shape {
 appearance USE APP_2
 geometry DEF FACE_80 IndexedFaceSet {
  coord DEF COORD_80 Coordinate { point [
  -1.4370079 -0.12795276 -0.13779528,-0.6496063 -0.12795276 -0.13779528,
  -0.6496063 0.12795276 -0.13779528,-1.4370079 0.12795276 -0.13779528] }
 coordIndex [
  2,0,1,-1,2,3,0,-1]
  normalPerVertex TRUE
  normal DEF NORM_80 Normal { vector [
  0 0 1,0 0 1,
  0 0 1,0 0 1] }
}
}
DEF SHAPE_81 Shape {
 appearance USE APP_2
 geometry DEF FACE_81 IndexedFaceSet {
  coord DEF COORD_81 Coordinate { point [
  -0.6496063 -0.12795276 -0.13779528,-0.6496063 0.12795276 -0.13779528,
  -0.64451144 0.12795276 -0.13712452,-0.63976378 0.12795276 -0.13515798,
  -0.63568687 0.12795276 -0.13202966,-0.63255856 0.12795276 -0.12795276,
  -0.63059201 0.12795276 -0.1232051,-0.62992126 0.12795276 -0.11811024,
  -0.62992126 -0.12795276 -0.11811024,-0.64451144 -0.12795276 -0.13712452,
  -0.63976378 -0.12795276 -0.13515798,-0.63568687 -0.12795276 -0.13202966,
  -0.63255856 -0.12795276 -0.12795276,-0.63059201 -0.12795276 -0.1232051] }
 coordIndex [
  6,8,7,-1,6,13,8,-1,5,12,13,-1,5,13,6,-1,4,11,12,-1,4,12,5,-1,3,9,10,-1,3,10,11,-1,
  3,11,4,-1,2,9,3,-1,1,0,9,-1,1,9,2,-1]
  normalPerVertex TRUE
  normal DEF NORM_81 Normal { vector [
  -0.13052619 0 0.99144486,-0.13052619 0 0.99144486,
  -0.25881905 0 0.96592583,-0.5 0 0.8660254,
  -0.73742784 0 0.67542593,-0.88711369 0 0.46155098,
  -0.9763442 0 0.21622209,-0.99144486 0 0.13052619,
  -0.99144486 0 0.13052619,-0.25881905 0 0.96592583,
  -0.5 0 0.8660254,-0.67542593 0 0.73742784,
  -0.84327172 0 0.5374875,-0.95364993 0 0.30091828] }
}
}
DEF SHAPE_82 Shape {
 appearance USE APP_2
 geometry DEF FACE_82 IndexedFaceSet {
  coord DEF COORD_82 Coordinate { point [
  -0.62992126 0.12795276 0.074409449,-0.62992126 0.12449912 0.074409449,
  -0.62992126 0.12795276 -0.11811024,-0.62992126 -0.12795276 -0.11811024,
  -0.62992126 -0.12795276 0.074409449,-0.62992126 -0.12449912 0.074409449,
  -0.62992126 -0.12449912 0.23188976,-0.62992126 0.12449912 0.23188976] }
 coordIndex [
  5,3,4,-1,1,2,3,-1,1,3,5,-1,0,2,1,-1,7,5,6,-1,7,1,5,-1]
  normalPerVertex TRUE
  normal DEF NORM_82 Normal { vector [
  -1 0 0,-1 0 0,
  -1 0 0,-1 0 0,
  -1 0 0,-1 0 0,
  -1 0 0,-1 0 0] }
}
}
DEF SHAPE_83 Shape {
 appearance USE APP_2
 geometry DEF FACE_83 IndexedFaceSet {
  coord DEF COORD_83 Coordinate { point [
  -0.62992126 -0.12795276 0.074409449,-0.62200937 -0.12795276 0.074409449,
  -0.62992126 -0.12795276 -0.11811024,-0.6496063 -0.12795276 -0.13779528,
  -0.64451144 -0.12795276 -0.13712452,-0.63976378 -0.12795276 -0.13515798,
  -0.63568687 -0.12795276 -0.13202966,-0.63255856 -0.12795276 -0.12795276,
  -0.63059201 -0.12795276 -0.1232051,-1.4370079 -0.12795276 -0.13779528,
  -1.4370079 -0.12795276 -0.25590551,-0.6496063 -0.12795276 -0.25590551,
  -0.61394226 -0.12795276 -0.25121025,-0.58070866 -0.12795276 -0.23744445,
  -0.55217033 -0.12795276 -0.21554621,-0.53027209 -0.12795276 -0.18700787,
  -0.51650628 -0.12795276 -0.15377428,-0.51181102 -0.12795276 -0.11811024,
  -0.51181102 -0.12795276 0.074409449,-0.51972291 -0.12795276 0.074409449,
  -0.51972291 -0.12795276 0.23188976,-0.62200937 -0.12795276 0.23188976] }
 coordIndex [
  19,20,21,-1,19,21,1,-1,2,1,0,-1,17,18,19,-1,17,19,1,-1,17,1,2,-1,11,3,9,-1,11,9,10,-1,
  16,2,8,-1,16,17,2,-1,12,4,3,-1,12,5,4,-1,12,3,11,-1,15,8,7,-1,15,16,8,-1,13,5,12,-1,
  14,6,5,-1,14,7,6,-1,14,5,13,-1,14,15,7,-1]
  normalPerVertex TRUE
  normal DEF NORM_83 Normal { vector [
  0 -1 0,0 -1 0,
  0 -1 0,0 -1 0,
  0 -1 0,0 -1 0,
  0 -1 0,0 -1 0,
  0 -1 0,0 -1 0,
  0 -1 0,0 -1 0,
  0 -1 0,0 -1 0,
  0 -1 0,0 -1 0,
  0 -1 0,0 -1 0,
  0 -1 0,0 -1 0,
  0 -1 0,0 -1 0] }
}
}
DEF SHAPE_84 Shape {
 appearance USE APP_2
 geometry DEF FACE_84 IndexedFaceSet {
  coord DEF COORD_84 Coordinate { point [
  -0.6496063 0.12795276 -0.25590551,-0.6496063 -0.12795276 -0.25590551,
  -1.4370079 -0.12795276 -0.25590551,-1.4370079 0.12795276 -0.25590551] }
 coordIndex [
  3,0,1,-1,3,1,2,-1]
  normalPerVertex TRUE
  normal DEF NORM_84 Normal { vector [
  0 0 -1,0 0 -1,
  0 0 -1,0 0 -1] }
}
}
DEF SHAPE_85 Shape {
 appearance USE APP_2
 geometry DEF FACE_85 IndexedFaceSet {
  coord DEF COORD_85 Coordinate { point [
  -0.51181102 0.12795276 -0.11811024,-0.51181102 -0.12795276 -0.11811024,
  -0.6496063 -0.12795276 -0.25590551,-0.61394226 -0.12795276 -0.25121025,
  -0.58070866 -0.12795276 -0.23744445,-0.55217033 -0.12795276 -0.21554621,
  -0.53027209 -0.12795276 -0.18700787,-0.51650628 -0.12795276 -0.15377428,
  -0.6496063 0.12795276 -0.25590551,-0.61394226 0.12795276 -0.25121025,
  -0.58070866 0.12795276 -0.23744445,-0.55217033 0.12795276 -0.21554621,
  -0.53027209 0.12795276 -0.18700787,-0.51650628 0.12795276 -0.15377428] }
 coordIndex [
  13,0,1,-1,13,1,7,-1,12,7,6,-1,12,13,7,-1,11,6,5,-1,11,12,6,-1,10,5,4,-1,10,11,5,-1,
  9,4,3,-1,9,10,4,-1,8,3,2,-1,8,9,3,-1]
  normalPerVertex TRUE
  normal DEF NORM_85 Normal { vector [
  0.99144486 0 -0.13052619,0.99144486 0 -0.13052619,
  0.13052619 0 -0.99144486,0.21622209 0 -0.9763442,
  0.46155098 0 -0.88711369,0.67542593 0 -0.73742784,
  0.84327172 0 -0.5374875,0.95364993 0 -0.30091828,
  0.13052619 0 -0.99144486,0.30091828 0 -0.95364993,
  0.5374875 0 -0.84327172,0.73742784 0 -0.67542593,
  0.88711369 0 -0.46155098,0.9763442 0 -0.21622209] }
}
}
DEF SHAPE_86 Shape {
 appearance USE APP_2
 geometry DEF FACE_86 IndexedFaceSet {
  coord DEF COORD_86 Coordinate { point [
  -0.51181102 -0.12795276 0.074409449,-0.51181102 -0.12449912 0.074409449,
  -0.51181102 -0.12795276 -0.11811024,-0.51181102 0.12795276 -0.11811024,
  -0.51181102 0.12795276 0.074409449,-0.51181102 0.12449912 0.074409449,
  -0.51181102 0.12449912 0.23188976,-0.51181102 -0.12449912 0.23188976] }
 coordIndex [
  2,1,0,-1,5,6,7,-1,5,7,1,-1,5,1,2,-1,3,4,5,-1,3,5,2,-1]
  normalPerVertex TRUE
  normal DEF NORM_86 Normal { vector [
  1 0 0,1 0 0,
  1 0 0,1 0 0,
  1 0 0,1 0 0,
  1 0 0,1 0 0] }
}
}
DEF SHAPE_87 Shape {
 appearance USE APP_2
 geometry DEF FACE_87 IndexedFaceSet {
  coord DEF COORD_87 Coordinate { point [
  -1.4370079 0.12795276 -0.25590551,-1.4370079 -0.12795276 -0.25590551,
  -1.4370079 -0.12795276 -0.13779528,-1.4370079 0.12795276 -0.13779528] }
 coordIndex [
  3,0,1,-1,3,1,2,-1]
  normalPerVertex TRUE
  normal DEF NORM_87 Normal { vector [
  -1 0 0,-1 0 0,
  -1 0 0,-1 0 0] }
}
}
DEF SHAPE_88 Shape {
 appearance DEF APP_3 Appearance {
  material Material {
   ambientIntensity 0.83333337
   diffuseColor 0.12 0.12 0.12
   emissiveColor 0 0 0
   shininess 0.1
   specularColor 0.12 0.12 0.12
   transparency 0
} }
 geometry DEF FACE_88 IndexedFaceSet {
  coord DEF COORD_88 Coordinate { point [
  0.62200937 -0.12795276 0.23188976,0.58828502 -0.13668987 0.23188976,
  0.55344726 -0.13668987 0.23188976,0.51972291 -0.12795276 0.23188976] }
 coordIndex [
  3,0,1,-1,3,1,2,-1]
  normalPerVertex TRUE
  normal DEF NORM_88 Normal { vector [
  0 0 -1,0 0 -1,
  0 0 -1,0 0 -1] }
}
}
DEF SHAPE_89 Shape {
 appearance USE APP_3
 geometry DEF FACE_89 IndexedFaceSet {
  coord DEF COORD_89 Coordinate { point [
  0.62200937 -0.12795276 0.23188976,0.58828502 -0.13668987 0.23188976,
  0.55344726 -0.13668987 0.23188976,0.51972291 -0.12795276 0.23188976,
  0.51972291 -0.12795276 0.074409449,0.5411141 -0.13454499 0.074409449,
  0.56329039 -0.13758687 0.074409449,0.58566658 -0.13699812 0.074409449,
  0.58566658 -0.13699812 0.03503937,0.61233852 -0.13140616 0.03503937,
  0.60357752 -0.13385628 0.03503937,0.59467393 -0.13572298 0.03503937,
  0.61233852 -0.13140616 0.074409449,0.61559041 -0.13033525 0.074409449,
  0.61881469 -0.12918388 0.074409449,0.62200937 -0.12795276 0.074409449] }
 coordIndex [
  3,5,4,-1,7,11,8,-1,2,6,5,-1,2,5,3,-1,12,9,10,-1,12,10,11,-1,12,11,7,-1,1,7,6,-1,
  1,6,2,-1,1,12,7,-1,0,13,12,-1,0,14,13,-1,0,15,14,-1,0,12,1,-1]
  normalPerVertex TRUE
  normal DEF NORM_89 Normal { vector [
  -0.27044697 0.96272356 -0.0046676442,-0.12583225 0.99204595 -0.003329078,
  0.12873153 0.9916717 -0.0039294392,0.26795779 0.96342263 -0.0039317283,
  0.2945073 0.95564923 0,0.23124371 0.97289374 -0.0020279622,
  0.030884839 0.99952069 -0.002123028,-0.13499149 0.99084537 -0.0016599659,
  -0.14016913 0.99012758 0,-0.26932783 0.96304855 0,
  -0.23738421 0.9713859 -0.0076272587,-0.19223179 0.98127374 -0.012198007,
  -0.23265023 0.9725523 -0.003986475,-0.32457024 0.94586098 -0.0010801662,
  -0.34796948 0.93750582 -0.00027008339,-0.35958937 0.93311065 0] }
}
}
DEF SHAPE_90 Shape {
 appearance USE APP_3
 geometry DEF FACE_90 IndexedFaceSet {
  coord DEF COORD_90 Coordinate { point [
  -0.51181102 0.12449912 0.23188976,-0.51181102 -0.12449912 0.23188976,
  -0.48277737 -0.10596182 0.23188976,-0.45924863 -0.080802659 0.23188976,
  -0.44269519 -0.050593917 0.23188976,-0.43415151 -0.017223419 0.23188976,
  -0.43415151 0.017223419 0.23188976,-0.44269519 0.050593917 0.23188976,
  -0.45924863 0.080802659 0.23188976,-0.48277737 0.10596182 0.23188976] }
 coordIndex [
  0,2,1,-1,9,3,2,-1,9,4,3,-1,9,5,4,-1,9,6,5,-1,9,7,6,-1,9,8,7,-1,9,2,0,-1]
  normalPerVertex TRUE
  normal DEF NORM_90 Normal { vector [
  0 0 -1,0 0 -1,
  0 0 -1,0 0 -1,
  0 0 -1,0 0 -1,
  0 0 -1,0 0 -1,
  0 0 -1,0 0 -1] }
}
}
DEF SHAPE_91 Shape {
 appearance USE APP_3
 geometry DEF FACE_91 IndexedFaceSet {
  coord DEF COORD_91 Coordinate { point [
  -0.51181102 -0.12449912 0.074409449,-0.49598611 -0.11567419 0.074409449,
  -0.48145593 -0.10484918 0.074409449,-0.4684717 -0.092211262 0.074409449,
  -0.4684717 -0.092211262 0.03503937,-0.46090001 -0.083036061 0.03503937,
  -0.4541479 -0.073241989 0.03503937,-0.44826569 -0.062902042 0.03503937,
  -0.44826569 -0.062902042 0.074409449,-0.43692343 -0.032355639 0.074409449,
  -0.43307087 0 0.074409449,-0.43692343 0.032355639 0.074409449,
  -0.44826569 0.062902042 0.074409449,-0.44826569 0.062902042 0.03503937,
  -0.4541479 0.073241989 0.03503937,-0.46090001 0.083036061 0.03503937,
  -0.4684717 0.092211262 0.03503937,-0.4684717 0.092211262 0.074409449,
  -0.48145593 0.10484918 0.074409449,-0.49598611 0.11567419 0.074409449,
  -0.51181102 0.12449912 0.074409449,-0.51181102 0.12449912 0.23188976,
  -0.51181102 -0.12449912 0.23188976,-0.48277737 -0.10596182 0.23188976,
  -0.45924863 -0.080802659 0.23188976,-0.44269519 -0.050593917 0.23188976,
  -0.43415151 -0.017223419 0.23188976,-0.43415151 0.017223419 0.23188976,
  -0.44269519 0.050593917 0.23188976,-0.45924863 0.080802659 0.23188976,
  -0.48277737 0.10596182 0.23188976] }
 coordIndex [
  3,5,4,-1,22,1,0,-1,8,6,5,-1,8,7,6,-1,8,5,3,-1,23,2,1,-1,23,3,2,-1,23,1,22,-1,
  24,3,23,-1,24,8,3,-1,25,9,8,-1,25,8,24,-1,26,10,9,-1,26,9,25,-1,12,14,13,-1,27,11,10,-1,
  27,10,26,-1,17,15,14,-1,17,16,15,-1,17,14,12,-1,28,12,11,-1,28,11,27,-1,29,12,28,-1,29,17,12,-1,
  30,18,17,-1,30,19,18,-1,30,17,29,-1,21,20,19,-1,21,19,30,-1]
  normalPerVertex TRUE
  normal DEF NORM_91 Normal { vector [
  -0.48704706 0.87337573 0,-0.54084265 0.84111781 -0.003171923,
  -0.6488627 0.76090551 -6.8759412e-05,-0.76957954 0.63854699 -0.0022525305,
  -0.77128439 0.63649068 0,-0.81319647 0.58161569 -0.020849197,
  -0.84696895 0.53148237 -0.01304171,-0.86919514 0.49446922 0,
  -0.87629528 0.48177382 -0.00075192092,-0.9709184 0.23940524 0.0016113772,
  -0.99999866 0 0.0016364811,-0.9709184 -0.23940524 0.0016113772,
  -0.87755937 -0.47946798 -9.1123945e-05,-0.86919514 -0.49446922 0,
  -0.83281531 -0.55315818 -0.020849197,-0.79797207 -0.60255331 -0.01304171,
  -0.77128439 -0.63649068 0,-0.77122028 -0.63656156 -0.0029424829,
  -0.6488627 -0.76090551 -6.8759412e-05,-0.54084265 -0.84111781 -0.003171923,
  -0.48704706 -0.87337573 0,-0.52073325 -0.85370765 -0.0044872296,
  -0.52073325 0.85370765 -0.0044872296,-0.64259571 0.76619227 -0.0044905323,
  -0.81462032 0.57999129 -0.0019579519,-0.9325527 0.36102436 -0.0026229404,
  -0.99242643 0.12281117 -0.0026812057,-0.99242643 -0.12281117 -0.0026812057,
  -0.9325527 -0.36102436 -0.0026229404,-0.81462032 -0.57999129 -0.0019579519,
  -0.64259571 -0.76619227 -0.0044905323] }
}
}
DEF SHAPE_92 Shape {
 appearance USE APP_3
 geometry DEF FACE_92 IndexedFaceSet {
  coord DEF COORD_92 Coordinate { point [
  0.77509843 0 0.03503937,0.74868759 0.20061023 0.03503937,
  0.67125493 0.38754921 0.03503937,0.54807735 0.54807735 0.03503937,
  0.38754921 0.67125493 0.03503937,0.20061023 0.74868759 0.03503937,
  0 0.77509843 0.03503937,-0.20061023 0.74868759 0.03503937,
  -0.38754921 0.67125493 0.03503937,-0.54807735 0.54807735 0.03503937,
  -0.67125493 0.38754921 0.03503937,-0.74868759 0.20061023 0.03503937,
  -0.77509843 0 0.03503937,-0.74868759 -0.20061023 0.03503937,
  -0.67125493 -0.38754921 0.03503937,-0.54807735 -0.54807735 0.03503937,
  -0.38754921 -0.67125493 0.03503937,-0.20061023 -0.74868759 0.03503937,
  0 -0.77509843 0.03503937,0.20061023 -0.74868759 0.03503937,
  0.38754921 -0.67125493 0.03503937,0.54807735 -0.54807735 0.03503937,
  0.67125493 -0.38754921 0.03503937,0.74868759 -0.20061023 0.03503937,
  0.75029528 0 0.03503937,0.72472958 0.19419071 0.03503937,
  0.64977477 0.37514764 0.03503937,0.53053888 0.53053888 0.03503937,
  0.37514764 0.64977477 0.03503937,0.19419071 0.72472958 0.03503937,
  0 0.75029528 0.03503937,-0.19419071 0.72472958 0.03503937,
  -0.37514764 0.64977477 0.03503937,-0.53053888 0.53053888 0.03503937,
  -0.64977477 0.37514764 0.03503937,-0.72472958 0.19419071 0.03503937,
  -0.75029528 0 0.03503937,-0.72472958 -0.19419071 0.03503937,
  -0.64977477 -0.37514764 0.03503937,-0.53053888 -0.53053888 0.03503937,
  -0.37514764 -0.64977477 0.03503937,-0.19419071 -0.72472958 0.03503937,
  0 -0.75029528 0.03503937,0.19419071 -0.72472958 0.03503937,
  0.37514764 -0.64977477 0.03503937,0.53053888 -0.53053888 0.03503937,
  0.64977477 -0.37514764 0.03503937,0.72472958 -0.19419071 0.03503937] }
 coordIndex [
  38,15,14,-1,38,39,15,-1,40,16,15,-1,40,15,39,-1,13,38,14,-1,37,38,13,-1,41,17,16,-1,41,16,40,-1,
  36,13,12,-1,36,37,13,-1,42,18,17,-1,42,17,41,-1,43,19,18,-1,43,18,42,-1,35,12,11,-1,35,36,12,-1,
  44,20,19,-1,44,19,43,-1,34,11,10,-1,34,35,11,-1,21,44,45,-1,21,20,44,-1,9,33,34,-1,9,34,10,-1,
  46,21,45,-1,32,33,9,-1,22,21,46,-1,8,32,9,-1,47,22,46,-1,31,32,8,-1,23,22,47,-1,7,31,8,-1,
  30,31,7,-1,0,23,47,-1,0,47,24,-1,6,30,7,-1,1,24,25,-1,1,0,24,-1,5,30,6,-1,5,29,30,-1,
  4,28,29,-1,4,29,5,-1,2,1,25,-1,2,25,26,-1,3,26,27,-1,3,27,28,-1,3,28,4,-1,3,2,26,-1]
  normalPerVertex TRUE
  normal DEF NORM_92 Normal { vector [
  0 0 -1,0 0 -1,
  0 0 -1,0 0 -1,
  0 0 -1,0 0 -1,
  0 0 -1,0 0 -1,
  0 0 -1,0 0 -1,
  0 0 -1,0 0 -1,
  0 0 -1,0 0 -1,
  0 0 -1,0 0 -1,
  0 0 -1,0 0 -1,
  0 0 -1,0 0 -1,
  0 0 -1,0 0 -1,
  0 0 -1,0 0 -1,
  0 0 -1,0 0 -1,
  0 0 -1,0 0 -1,
  0 0 -1,0 0 -1,
  0 0 -1,0 0 -1,
  0 0 -1,0 0 -1,
  0 0 -1,0 0 -1,
  0 0 -1,0 0 -1,
  0 0 -1,0 0 -1,
  0 0 -1,0 0 -1,
  0 0 -1,0 0 -1,
  0 0 -1,0 0 -1,
  0 0 -1,0 0 -1] }
}
}
DEF SHAPE_93 Shape {
 appearance USE APP_3
 geometry DEF FACE_93 IndexedFaceSet {
  coord DEF COORD_93 Coordinate { point [
  0.75029528 0 0.03503937,0.72472958 0.19419071 0.03503937,
  0.64977477 0.37514764 0.03503937,0.53053888 0.53053888 0.03503937,
  0.37514764 0.64977477 0.03503937,0.19419071 0.72472958 0.03503937,
  0 0.75029528 0.03503937,-0.19419071 0.72472958 0.03503937,
  -0.37514764 0.64977477 0.03503937,-0.53053888 0.53053888 0.03503937,
  -0.64977477 0.37514764 0.03503937,-0.72472958 0.19419071 0.03503937,
  -0.75029528 0 0.03503937,-0.72472958 -0.19419071 0.03503937,
  -0.64977477 -0.37514764 0.03503937,-0.53053888 -0.53053888 0.03503937,
  -0.37514764 -0.64977477 0.03503937,-0.19419071 -0.72472958 0.03503937,
  0 -0.75029528 0.03503937,0.19419071 -0.72472958 0.03503937,
  0.37514764 -0.64977477 0.03503937,0.53053888 -0.53053888 0.03503937,
  0.64977477 -0.37514764 0.03503937,0.72472958 -0.19419071 0.03503937,
  0.75029528 0 0.03503937,0.75029528 0 0.074409449,
  0.75029528 0 0.074409449,0.72472958 0.19419071 0.074409449,
  0.64977477 0.37514764 0.074409449,0.53053888 0.53053888 0.074409449,
  0.37514764 0.64977477 0.074409449,0.19419071 0.72472958 0.074409449,
  0 0.75029528 0.074409449,-0.19419071 0.72472958 0.074409449,
  -0.37514764 0.64977477 0.074409449,-0.53053888 0.53053888 0.074409449,
  -0.64977477 0.37514764 0.074409449,-0.72472958 0.19419071 0.074409449,
  -0.75029528 0 0.074409449,-0.72472958 -0.19419071 0.074409449,
  -0.64977477 -0.37514764 0.074409449,-0.53053888 -0.53053888 0.074409449,
  -0.37514764 -0.64977477 0.074409449,-0.19419071 -0.72472958 0.074409449,
  0 -0.75029528 0.074409449,0.19419071 -0.72472958 0.074409449,
  0.37514764 -0.64977477 0.074409449,0.53053888 -0.53053888 0.074409449,
  0.64977477 -0.37514764 0.074409449,0.72472958 -0.19419071 0.074409449] }
 coordIndex [
  23,25,24,-1,23,49,25,-1,22,48,49,-1,22,49,23,-1,21,47,48,-1,21,48,22,-1,20,46,47,-1,20,47,21,-1,
  19,45,46,-1,19,46,20,-1,18,44,45,-1,18,45,19,-1,17,43,44,-1,17,44,18,-1,16,42,43,-1,16,43,17,-1,
  15,41,42,-1,15,42,16,-1,14,40,41,-1,14,41,15,-1,13,39,40,-1,13,40,14,-1,12,39,13,-1,12,38,39,-1,
  11,38,12,-1,11,37,38,-1,10,37,11,-1,10,36,37,-1,9,36,10,-1,9,35,36,-1,8,35,9,-1,8,34,35,-1,
  7,34,8,-1,7,33,34,-1,6,33,7,-1,6,32,33,-1,5,30,31,-1,5,31,32,-1,5,32,6,-1,4,30,5,-1,
  3,29,30,-1,3,30,4,-1,2,28,29,-1,2,29,3,-1,1,27,28,-1,1,28,2,-1,0,26,27,-1,0,27,1,-1]
  normalPerVertex TRUE
  normal DEF NORM_93 Normal { vector [
  -0.99144486 -0.13052619 0,-0.95364993 -0.30091828 0,
  -0.84327172 -0.5374875 0,-0.67542593 -0.73742784 0,
  -0.5 -0.8660254 0,-0.25881905 -0.96592583 0,
  0.04384197 -0.99903848 0,0.30091828 -0.95364993 0,
  0.5374875 -0.84327172 0,0.73742784 -0.67542593 0,
  0.88711369 -0.46155098 0,0.9763442 -0.21622209 0,
  0.99903848 0.04384197 0,0.95364993 0.30091828 0,
  0.84327172 0.5374875 0,0.67542593 0.73742784 0,
  0.46155098 0.88711369 0,0.21622209 0.9763442 0,
  -0.04384197 0.99903848 0,-0.30091828 0.95364993 0,
  -0.5374875 0.84327172 0,-0.73742784 0.67542593 0,
  -0.88711369 0.46155098 0,-0.9763442 0.21622209 0,
  -0.99144486 0.13052619 0,-0.99144486 0.13052619 0,
  -0.99144486 -0.13052619 0,-0.9763442 -0.21622209 0,
  -0.88711369 -0.46155098 0,-0.73742784 -0.67542593 0,
  -0.5 -0.8660254 0,-0.25881905 -0.96592583 0,
  -0.04384197 -0.99903848 0,0.21622209 -0.9763442 0,
  0.46155098 -0.88711369 0,0.67542593 -0.73742784 0,
  0.84327172 -0.5374875 0,0.95364993 -0.30091828 0,
  0.99903848 -0.04384197 0,0.9763442 0.21622209 0,
  0.88711369 0.46155098 0,0.73742784 0.67542593 0,
  0.5374875 0.84327172 0,0.30091828 0.95364993 0,
  0.04384197 0.99903848 0,-0.21622209 0.9763442 0,
  -0.46155098 0.88711369 0,-0.67542593 0.73742784 0,
  -0.84327172 0.5374875 0,-0.95364993 0.30091828 0] }
}
}
DEF SHAPE_94 Shape {
 appearance USE APP_3
 geometry DEF FACE_94 IndexedFaceSet {
  coord DEF COORD_94 Coordinate { point [
  0.77509843 0 0.03503937,0.74868759 0.20061023 0.03503937,
  0.67125493 0.38754921 0.03503937,0.54807735 0.54807735 0.03503937,
  0.38754921 0.67125493 0.03503937,0.20061023 0.74868759 0.03503937,
  0 0.77509843 0.03503937,-0.20061023 0.74868759 0.03503937,
  -0.38754921 0.67125493 0.03503937,-0.54807735 0.54807735 0.03503937,
  -0.67125493 0.38754921 0.03503937,-0.74868759 0.20061023 0.03503937,
  -0.77509843 0 0.03503937,-0.74868759 -0.20061023 0.03503937,
  -0.67125493 -0.38754921 0.03503937,-0.54807735 -0.54807735 0.03503937,
  -0.38754921 -0.67125493 0.03503937,-0.20061023 -0.74868759 0.03503937,
  0 -0.77509843 0.03503937,0.20061023 -0.74868759 0.03503937,
  0.38754921 -0.67125493 0.03503937,0.54807735 -0.54807735 0.03503937,
  0.67125493 -0.38754921 0.03503937,0.74868759 -0.20061023 0.03503937,
  0.77509843 0 0.03503937,0.77509843 0 0.074409449,
  0.77509843 0 0.074409449,0.74868759 0.20061023 0.074409449,
  0.67125493 0.38754921 0.074409449,0.54807735 0.54807735 0.074409449,
  0.38754921 0.67125493 0.074409449,0.20061023 0.74868759 0.074409449,
  0 0.77509843 0.074409449,-0.20061023 0.74868759 0.074409449,
  -0.38754921 0.67125493 0.074409449,-0.54807735 0.54807735 0.074409449,
  -0.67125493 0.38754921 0.074409449,-0.74868759 0.20061023 0.074409449,
  -0.77509843 0 0.074409449,-0.74868759 -0.20061023 0.074409449,
  -0.67125493 -0.38754921 0.074409449,-0.54807735 -0.54807735 0.074409449,
  -0.38754921 -0.67125493 0.074409449,-0.20061023 -0.74868759 0.074409449,
  0 -0.77509843 0.074409449,0.20061023 -0.74868759 0.074409449,
  0.38754921 -0.67125493 0.074409449,0.54807735 -0.54807735 0.074409449,
  0.67125493 -0.38754921 0.074409449,0.74868759 -0.20061023 0.074409449] }
 coordIndex [
  23,24,25,-1,23,25,49,-1,22,49,48,-1,22,23,49,-1,21,48,47,-1,21,22,48,-1,20,47,46,-1,20,21,47,-1,
  19,46,45,-1,19,20,46,-1,18,45,44,-1,18,19,45,-1,17,44,43,-1,17,18,44,-1,16,43,42,-1,16,17,43,-1,
  15,42,41,-1,15,16,42,-1,14,41,40,-1,14,15,41,-1,13,40,39,-1,13,14,40,-1,12,13,39,-1,12,39,38,-1,
  11,12,38,-1,11,38,37,-1,10,11,37,-1,10,37,36,-1,9,10,36,-1,9,36,35,-1,8,9,35,-1,8,35,34,-1,
  7,8,34,-1,7,34,33,-1,6,7,33,-1,6,33,32,-1,5,32,31,-1,5,6,32,-1,4,31,30,-1,4,5,31,-1,
  3,4,30,-1,3,30,29,-1,2,29,28,-1,2,3,29,-1,1,28,27,-1,1,2,28,-1,0,27,26,-1,0,1,27,-1]
  normalPerVertex TRUE
  normal DEF NORM_94 Normal { vector [
  0.99144486 0.13052619 0,0.95364993 0.30091828 0,
  0.84327172 0.5374875 0,0.67542593 0.73742784 0,
  0.46155098 0.88711369 0,0.21622209 0.9763442 0,
  -0.04384197 0.99903848 0,-0.30091828 0.95364993 0,
  -0.5374875 0.84327172 0,-0.73742784 0.67542593 0,
  -0.88711369 0.46155098 0,-0.9763442 0.21622209 0,
  -0.99903848 -0.04384197 0,-0.95364993 -0.30091828 0,
  -0.84327172 -0.5374875 0,-0.67542593 -0.73742784 0,
  -0.46155098 -0.88711369 0,-0.21622209 -0.9763442 0,
  0.04384197 -0.99903848 0,0.30091828 -0.95364993 0,
  0.5374875 -0.84327172 0,0.73742784 -0.67542593 0,
  0.88711369 -0.46155098 0,0.9763442 -0.21622209 0,
  0.99144486 -0.13052619 0,0.99144486 -0.13052619 0,
  0.99144486 0.13052619 0,0.9763442 0.21622209 0,
  0.88711369 0.46155098 0,0.73742784 0.67542593 0,
  0.5374875 0.84327172 0,0.30091828 0.95364993 0,
  0.04384197 0.99903848 0,-0.21622209 0.9763442 0,
  -0.46155098 0.88711369 0,-0.67542593 0.73742784 0,
  -0.84327172 0.5374875 0,-0.95364993 0.30091828 0,
  -0.99903848 0.04384197 0,-0.9763442 -0.21622209 0,
  -0.88711369 -0.46155098 0,-0.73742784 -0.67542593 0,
  -0.5374875 -0.84327172 0,-0.30091828 -0.95364993 0,
  -0.04384197 -0.99903848 0,0.21622209 -0.9763442 0,
  0.46155098 -0.88711369 0,0.67542593 -0.73742784 0,
  0.84327172 -0.5374875 0,0.95364993 -0.30091828 0] }
}
}
DEF SHAPE_95 Shape {
 appearance USE APP_3
 geometry DEF FACE_95 IndexedFaceSet {
  coord DEF COORD_95 Coordinate { point [
  -0.61233852 -0.13140616 0.03503937,-0.60357752 -0.13385628 0.03503937,
  -0.59467393 -0.13572298 0.03503937,-0.58566658 -0.13699812 0.03503937,
  -0.5615803 -0.27722484 0.03503937,-0.47668926 -0.40619379 0.03503937,
  -0.36282506 -0.51047431 0.03503937,-0.22690837 -0.58372822 0.03503937,
  -0.077200198 -0.62150316 0.03503937,0.077200198 -0.62150316 0.03503937,
  0.22690837 -0.58372822 0.03503937,0.36282506 -0.51047431 0.03503937,
  0.47668926 -0.40619379 0.03503937,0.5615803 -0.27722484 0.03503937,
  0.61233852 -0.13140616 0.03503937,0.60357752 -0.13385628 0.03503937,
  0.59467393 -0.13572298 0.03503937,0.58566658 -0.13699812 0.03503937,
  -0.53527135 -0.27433267 0.03503937,-0.45321255 -0.39543927 0.03503937,
  -0.3443443 -0.49315397 0.03503937,-0.21510662 -0.56169651 0.03503937,
  -0.073144476 -0.59701233 0.03503937,0.073144476 -0.59701233 0.03503937,
  0.21510662 -0.56169651 0.03503937,0.3443443 -0.49315397 0.03503937,
  0.45321255 -0.39543927 0.03503937,0.53527135 -0.27433267 0.03503937] }
 coordIndex [
  19,6,5,-1,20,6,19,-1,7,6,20,-1,18,5,4,-1,18,19,5,-1,21,7,20,-1,1,4,0,-1,2,4,1,-1,
  3,18,4,-1,3,4,2,-1,8,7,21,-1,22,8,21,-1,23,9,8,-1,23,8,22,-1,24,10,9,-1,24,9,23,-1,
  25,10,24,-1,11,10,25,-1,26,11,25,-1,12,11,26,-1,27,12,26,-1,13,12,27,-1,17,13,27,-1,16,13,17,-1,
  15,13,16,-1,14,13,15,-1]
  normalPerVertex TRUE
  normal DEF NORM_95 Normal { vector [
  0 0 -1,0 0 -1,
  0 0 -1,0 0 -1,
  0 0 -1,0 0 -1,
  0 0 -1,0 0 -1,
  0 0 -1,0 0 -1,
  0 0 -1,0 0 -1,
  0 0 -1,0 0 -1,
  0 0 -1,0 0 -1,
  0 0 -1,0 0 -1,
  0 0 -1,0 0 -1,
  0 0 -1,0 0 -1,
  0 0 -1,0 0 -1,
  0 0 -1,0 0 -1,
  0 0 -1,0 0 -1] }
}
}
DEF SHAPE_96 Shape {
 appearance USE APP_3
 geometry DEF FACE_96 IndexedFaceSet {
  coord DEF COORD_96 Coordinate { point [
  -0.58566658 -0.13699812 0.074409449,-0.58566658 -0.13699812 0.03503937,
  -0.53527135 -0.27433267 0.03503937,-0.45321255 -0.39543927 0.03503937,
  -0.3443443 -0.49315397 0.03503937,-0.21510662 -0.56169651 0.03503937,
  -0.073144476 -0.59701233 0.03503937,0.073144476 -0.59701233 0.03503937,
  0.21510662 -0.56169651 0.03503937,0.3443443 -0.49315397 0.03503937,
  0.45321255 -0.39543927 0.03503937,0.53527135 -0.27433267 0.03503937,
  0.58566658 -0.13699812 0.03503937,0.58566658 -0.13699812 0.074409449,
  -0.53527135 -0.27433267 0.074409449,-0.45321255 -0.39543927 0.074409449,
  -0.3443443 -0.49315397 0.074409449,-0.21510662 -0.56169651 0.074409449,
  -0.073144476 -0.59701233 0.074409449,0.073144476 -0.59701233 0.074409449,
  0.21510662 -0.56169651 0.074409449,0.3443443 -0.49315397 0.074409449,
  0.45321255 -0.39543927 0.074409449,0.53527135 -0.27433267 0.074409449] }
 coordIndex [
  11,13,12,-1,11,22,23,-1,11,23,13,-1,10,21,22,-1,10,22,11,-1,9,20,21,-1,9,21,10,-1,8,19,20,-1,
  8,20,9,-1,7,19,8,-1,6,18,19,-1,6,19,7,-1,5,17,18,-1,5,18,6,-1,4,16,17,-1,4,17,5,-1,
  3,15,16,-1,3,16,4,-1,2,14,15,-1,2,15,3,-1,1,0,14,-1,1,14,2,-1]
  normalPerVertex TRUE
  normal DEF NORM_96 Normal { vector [
  0.93878961 0.34449103 0,0.93878961 0.34449103 0,
  0.87057675 0.49203265 0,0.72604533 0.68764684 0,
  0.53856525 0.84258381 0,0.31922675 0.94767837 0,
  0.081004628 0.99671373 0,-0.12160823 0.99257818 0,
  -0.31922675 0.94767837 0,-0.53856525 0.84258381 0,
  -0.72604533 0.68764684 0,-0.88992913 0.45609882 0,
  -0.93878961 0.34449103 0,-0.93878961 0.34449103 0,
  0.90779912 0.41940524 0,0.77969985 0.62615345 0,
  0.60547803 0.79586202 0,0.39543961 0.91849198 0,
  0.16200926 0.98678924 0,-0.12160823 0.99257818 0,
  -0.39543961 0.91849198 0,-0.60547803 0.79586202 0,
  -0.77969985 0.62615345 0,-0.88992913 0.45609882 0] }
}
}
DEF SHAPE_97 Shape {
 appearance USE APP_3
 geometry DEF FACE_97 IndexedFaceSet {
  coord DEF COORD_97 Coordinate { point [
  0.61233852 -0.13140616 0.074409449,0.61233852 -0.13140616 0.03503937,
  -0.61233852 -0.13140616 0.074409449,-0.5615803 -0.27722484 0.074409449,
  -0.47668926 -0.40619379 0.074409449,-0.36282506 -0.51047431 0.074409449,
  -0.22690837 -0.58372822 0.074409449,-0.077200198 -0.62150316 0.074409449,
  0.077200198 -0.62150316 0.074409449,0.22690837 -0.58372822 0.074409449,
  0.36282506 -0.51047431 0.074409449,0.47668926 -0.40619379 0.074409449,
  0.5615803 -0.27722484 0.074409449,-0.61233852 -0.13140616 0.03503937,
  -0.5615803 -0.27722484 0.03503937,-0.47668926 -0.40619379 0.03503937,
  -0.36282506 -0.51047431 0.03503937,-0.22690837 -0.58372822 0.03503937,
  -0.077200198 -0.62150316 0.03503937,0.077200198 -0.62150316 0.03503937,
  0.22690837 -0.58372822 0.03503937,0.36282506 -0.51047431 0.03503937,
  0.47668926 -0.40619379 0.03503937,0.5615803 -0.27722484 0.03503937] }
 coordIndex [
  23,1,0,-1,23,0,12,-1,22,12,11,-1,22,23,12,-1,21,11,10,-1,21,22,11,-1,20,10,9,-1,20,21,10,-1,
  19,9,8,-1,19,20,9,-1,18,8,7,-1,18,19,8,-1,17,7,6,-1,17,18,7,-1,16,6,5,-1,16,17,6,-1,
  15,5,4,-1,15,16,5,-1,14,4,3,-1,14,15,4,-1,13,3,2,-1,13,14,3,-1]
  normalPerVertex TRUE
  normal DEF NORM_97 Normal { vector [
  0.94441904 -0.3287441 0,0.94441904 -0.3287441 0,
  -0.94441904 -0.3287441 0,-0.91423751 -0.4051787 0,
  -0.78732458 -0.61653873 0,-0.61255809 -0.79042557 0,
  -0.40056035 -0.91627038 0,-0.16421657 -0.98642431 0,
  0.082108286 -0.99662341 0,0.3234426 -0.94624779 0,
  0.5451181 -0.83835927 0,0.73366133 -0.6795153 0,
  0.87761267 -0.47937043 0,-0.94441904 -0.3287441 0,
  -0.87761267 -0.47937043 0,-0.73366133 -0.6795153 0,
  -0.5451181 -0.83835927 0,-0.3234426 -0.94624779 0,
  -0.082108286 -0.99662341 0,0.16421657 -0.98642431 0,
  0.40056035 -0.91627038 0,0.61255809 -0.79042557 0,
  0.78732458 -0.61653873 0,0.91423751 -0.4051787 0] }
}
}
DEF SHAPE_98 Shape {
 appearance USE APP_3
 geometry DEF FACE_98 IndexedFaceSet {
  coord DEF COORD_98 Coordinate { point [
  -0.4684717 -0.092211262 0.03503937,-0.46090001 -0.083036061 0.03503937,
  -0.4541479 -0.073241989 0.03503937,-0.44826569 -0.062902042 0.03503937,
  -0.43104062 -0.20535977 0.03503937,-0.36675339 -0.30571327 0.03503937,
  -0.27961546 -0.38701918 0.03503937,-0.17505598 -0.44421172 0.03503937,
  -0.059589578 -0.47372749 0.03503937,0.059589578 -0.47372749 0.03503937,
  0.17505598 -0.44421172 0.03503937,0.27961546 -0.38701918 0.03503937,
  0.36675339 -0.30571327 0.03503937,0.43104062 -0.20535977 0.03503937,
  0.4684717 -0.092211262 0.03503937,0.46090001 -0.083036061 0.03503937,
  0.4541479 -0.073241989 0.03503937,0.44826569 -0.062902042 0.03503937,
  -0.41698429 -0.17613319 0.03503937,-0.35761922 -0.27750186 0.03503937,
  -0.27416871 -0.36018094 0.03503937,-0.17225309 -0.41860204 0.03503937,
  -0.058736315 -0.44883052 0.03503937,0.058736315 -0.44883052 0.03503937,
  0.17225309 -0.41860204 0.03503937,0.27416871 -0.36018094 0.03503937,
  0.35761922 -0.27750186 0.03503937,0.41698429 -0.17613319 0.03503937] }
 coordIndex [
  19,5,4,-1,20,6,5,-1,20,5,19,-1,18,19,4,-1,21,7,6,-1,21,6,20,-1,0,18,4,-1,1,18,0,-1,
  2,18,1,-1,3,18,2,-1,22,8,7,-1,22,7,21,-1,9,8,22,-1,23,9,22,-1,10,9,23,-1,24,10,23,-1,
  11,10,24,-1,25,11,24,-1,12,11,25,-1,26,12,25,-1,13,12,26,-1,27,13,26,-1,14,13,27,-1,15,14,27,-1,
  16,15,27,-1,17,16,27,-1]
  normalPerVertex TRUE
  normal DEF NORM_98 Normal { vector [
  0 0 -1,0 0 -1,
  0 0 -1,0 0 -1,
  0 0 -1,0 0 -1,
  0 0 -1,0 0 -1,
  0 0 -1,0 0 -1,
  0 0 -1,0 0 -1,
  0 0 -1,0 0 -1,
  0 0 -1,0 0 -1,
  0 0 -1,0 0 -1,
  0 0 -1,0 0 -1,
  0 0 -1,0 0 -1,
  0 0 -1,0 0 -1,
  0 0 -1,0 0 -1,
  0 0 -1,0 0 -1] }
}
}
DEF SHAPE_99 Shape {
 appearance USE APP_3
 geometry DEF FACE_99 IndexedFaceSet {
  coord DEF COORD_99 Coordinate { point [
  -0.44826569 -0.062902042 0.074409449,-0.44826569 -0.062902042 0.03503937,
  -0.41698429 -0.17613319 0.03503937,-0.35761922 -0.27750186 0.03503937,
  -0.27416871 -0.36018094 0.03503937,-0.17225309 -0.41860204 0.03503937,
  -0.058736315 -0.44883052 0.03503937,0.058736315 -0.44883052 0.03503937,
  0.17225309 -0.41860204 0.03503937,0.27416871 -0.36018094 0.03503937,
  0.35761922 -0.27750186 0.03503937,0.41698429 -0.17613319 0.03503937,
  0.44826569 -0.062902042 0.03503937,0.44826569 -0.062902042 0.074409449,
  -0.41698429 -0.17613319 0.074409449,-0.35761922 -0.27750186 0.074409449,
  -0.27416871 -0.36018094 0.074409449,-0.17225309 -0.41860204 0.074409449,
  -0.058736315 -0.44883052 0.074409449,0.058736315 -0.44883052 0.074409449,
  0.17225309 -0.41860204 0.074409449,0.27416871 -0.36018094 0.074409449,
  0.35761922 -0.27750186 0.074409449,0.41698429 -0.17613319 0.074409449] }
 coordIndex [
  11,13,12,-1,11,23,13,-1,10,22,23,-1,10,23,11,-1,9,21,22,-1,9,22,10,-1,8,20,21,-1,8,21,9,-1,
  7,19,20,-1,7,20,8,-1,6,18,19,-1,6,19,7,-1,5,17,18,-1,5,18,6,-1,4,16,17,-1,4,17,5,-1,
  3,15,16,-1,3,16,4,-1,2,14,15,-1,2,15,3,-1,1,0,14,-1,1,14,2,-1]
  normalPerVertex TRUE
  normal DEF NORM_99 Normal { vector [
  0.96389386 0.26628674 0,0.96389386 0.26628674 0,
  0.90335894 0.42888533 0,0.76257625 0.64689834 0,
  0.57043448 0.82134311 0,0.33987427 0.94047088 0,
  0.086423714 0.99625847 0,-0.17284743 0.98494861 0,
  -0.42047739 0.90730301 0,-0.63978844 0.76855107 0,
  -0.8160101 0.57803764 0,-0.93727394 0.3485937 0,
  -0.96389386 0.26628674 0,-0.96389386 0.26628674 0,
  0.93727394 0.3485937 0,0.8160101 0.57803764 0,
  0.63978844 0.76855107 0,0.42047739 0.90730301 0,
  0.17284743 0.98494861 0,-0.086423714 0.99625847 0,
  -0.33987427 0.94047088 0,-0.57043448 0.82134311 0,
  -0.76257625 0.64689834 0,-0.90335894 0.42888533 0] }
}
}
DEF SHAPE_100 Shape {
 appearance USE APP_3
 geometry DEF FACE_100 IndexedFaceSet {
  coord DEF COORD_100 Coordinate { point [
  0.4684717 -0.092211262 0.074409449,0.4684717 -0.092211262 0.03503937,
  -0.4684717 -0.092211262 0.074409449,-0.43104062 -0.20535977 0.074409449,
  -0.36675339 -0.30571327 0.074409449,-0.27961546 -0.38701918 0.074409449,
  -0.17505598 -0.44421172 0.074409449,-0.059589578 -0.47372749 0.074409449,
  0.059589578 -0.47372749 0.074409449,0.17505598 -0.44421172 0.074409449,
  0.27961546 -0.38701918 0.074409449,0.36675339 -0.30571327 0.074409449,
  0.43104062 -0.20535977 0.074409449,-0.4684717 -0.092211262 0.03503937,
  -0.43104062 -0.20535977 0.03503937,-0.36675339 -0.30571327 0.03503937,
  -0.27961546 -0.38701918 0.03503937,-0.17505598 -0.44421172 0.03503937,
  -0.059589578 -0.47372749 0.03503937,0.059589578 -0.47372749 0.03503937,
  0.17505598 -0.44421172 0.03503937,0.27961546 -0.38701918 0.03503937,
  0.36675339 -0.30571327 0.03503937,0.43104062 -0.20535977 0.03503937] }
 coordIndex [
  23,1,0,-1,23,0,12,-1,22,12,11,-1,22,23,12,-1,21,11,10,-1,21,22,11,-1,20,10,9,-1,20,21,10,-1,
  19,9,8,-1,19,20,9,-1,18,8,7,-1,18,19,8,-1,17,7,6,-1,17,18,7,-1,16,6,5,-1,16,17,6,-1,
  15,5,4,-1,15,16,5,-1,14,4,3,-1,14,15,4,-1,13,3,2,-1,13,14,3,-1]
  normalPerVertex TRUE
  normal DEF NORM_100 Normal { vector [
  0.94939849 -0.31407406 0,0.94939849 -0.31407406 0,
  -0.94939849 -0.31407406 0,-0.92000319 -0.39191086 0,
  -0.79428245 -0.60754867 0,-0.61907365 -0.78533293 0,
  -0.40529323 -0.91418674 0,-0.16626087 -0.9860818 0,
  0.083130435 -0.99653867 0,0.32734227 -0.94490584 0,
  0.55115892 -0.83440029 0,0.74063541 -0.67190712 0,
  0.88396634 -0.46755054 0,-0.94939849 -0.31407406 0,
  -0.88396634 -0.46755054 0,-0.74063541 -0.67190712 0,
  -0.55115892 -0.83440029 0,-0.32734227 -0.94490584 0,
  -0.083130435 -0.99653867 0,0.16626087 -0.9860818 0,
  0.40529323 -0.91418674 0,0.61907365 -0.78533293 0,
  0.79428245 -0.60754867 0,0.92000319 -0.39191086 0] }
}
}
DEF SHAPE_101 Shape {
 appearance USE APP_3
 geometry DEF FACE_101 IndexedFaceSet {
  coord DEF COORD_101 Coordinate { point [
  0.32864173 0 0.03503937,0.31744354 0.085058739 0.03503937,
  0.28461209 0.16432087 0.03503937,0.2323848 0.2323848 0.03503937,
  0.16432087 0.28461209 0.03503937,0.085058739 0.31744354 0.03503937,
  0 0.32864173 0.03503937,-0.085058739 0.31744354 0.03503937,
  -0.16432087 0.28461209 0.03503937,-0.2323848 0.2323848 0.03503937,
  -0.28461209 0.16432087 0.03503937,-0.31744354 0.085058739 0.03503937,
  -0.32864173 0 0.03503937,-0.31744354 -0.085058739 0.03503937,
  -0.28461209 -0.16432087 0.03503937,-0.2323848 -0.2323848 0.03503937,
  -0.16432087 -0.28461209 0.03503937,-0.085058739 -0.31744354 0.03503937,
  0 -0.32864173 0.03503937,0.085058739 -0.31744354 0.03503937,
  0.16432087 -0.28461209 0.03503937,0.2323848 -0.2323848 0.03503937,
  0.28461209 -0.16432087 0.03503937,0.31744354 -0.085058739 0.03503937,
  0.30383858 0 0.03503937,0.29348553 0.078639212 0.03503937,
  0.26313193 0.15191929 0.03503937,0.21484632 0.21484632 0.03503937,
  0.15191929 0.26313193 0.03503937,0.078639212 0.29348553 0.03503937,
  0 0.30383858 0.03503937,-0.078639212 0.29348553 0.03503937,
  -0.15191929 0.26313193 0.03503937,-0.21484632 0.21484632 0.03503937,
  -0.26313193 0.15191929 0.03503937,-0.29348553 0.078639212 0.03503937,
  -0.30383858 0 0.03503937,-0.29348553 -0.078639212 0.03503937,
  -0.26313193 -0.15191929 0.03503937,-0.21484632 -0.21484632 0.03503937,
  -0.15191929 -0.26313193 0.03503937,-0.078639212 -0.29348553 0.03503937,
  0 -0.30383858 0.03503937,0.078639212 -0.29348553 0.03503937,
  0.15191929 -0.26313193 0.03503937,0.21484632 -0.21484632 0.03503937,
  0.26313193 -0.15191929 0.03503937,0.29348553 -0.078639212 0.03503937] }
 coordIndex [
  38,15,14,-1,38,39,15,-1,40,16,15,-1,40,15,39,-1,37,14,13,-1,37,38,14,-1,41,17,16,-1,41,16,40,-1,
  36,13,12,-1,36,37,13,-1,42,18,17,-1,42,17,41,-1,43,19,18,-1,43,18,42,-1,35,12,11,-1,35,36,12,-1,
  10,35,11,-1,44,20,19,-1,44,19,43,-1,34,35,10,-1,21,20,44,-1,45,21,44,-1,9,33,34,-1,9,34,10,-1,
  22,45,46,-1,22,21,45,-1,8,33,9,-1,8,32,33,-1,31,32,8,-1,23,46,47,-1,23,22,46,-1,7,31,8,-1,
  0,23,47,-1,0,47,24,-1,6,31,7,-1,6,30,31,-1,1,24,25,-1,1,0,24,-1,5,30,6,-1,5,29,30,-1,
  28,29,5,-1,4,28,5,-1,2,1,25,-1,2,25,26,-1,3,2,26,-1,3,26,27,-1,3,27,28,-1,3,28,4,-1]
  normalPerVertex TRUE
  normal DEF NORM_101 Normal { vector [
  0 0 -1,0 0 -1,
  0 0 -1,0 0 -1,
  0 0 -1,0 0 -1,
  0 0 -1,0 0 -1,
  0 0 -1,0 0 -1,
  0 0 -1,0 0 -1,
  0 0 -1,0 0 -1,
  0 0 -1,0 0 -1,
  0 0 -1,0 0 -1,
  0 0 -1,0 0 -1,
  0 0 -1,0 0 -1,
  0 0 -1,0 0 -1,
  0 0 -1,0 0 -1,
  0 0 -1,0 0 -1,
  0 0 -1,0 0 -1,
  0 0 -1,0 0 -1,
  0 0 -1,0 0 -1,
  0 0 -1,0 0 -1,
  0 0 -1,0 0 -1,
  0 0 -1,0 0 -1,
  0 0 -1,0 0 -1,
  0 0 -1,0 0 -1,
  0 0 -1,0 0 -1,
  0 0 -1,0 0 -1] }
}
}
DEF SHAPE_102 Shape {
 appearance USE APP_3
 geometry DEF FACE_102 IndexedFaceSet {
  coord DEF COORD_102 Coordinate { point [
  0.30383858 0 0.03503937,0.29348553 0.078639212 0.03503937,
  0.26313193 0.15191929 0.03503937,0.21484632 0.21484632 0.03503937,
  0.15191929 0.26313193 0.03503937,0.078639212 0.29348553 0.03503937,
  0 0.30383858 0.03503937,-0.078639212 0.29348553 0.03503937,
  -0.15191929 0.26313193 0.03503937,-0.21484632 0.21484632 0.03503937,
  -0.26313193 0.15191929 0.03503937,-0.29348553 0.078639212 0.03503937,
  -0.30383858 0 0.03503937,-0.29348553 -0.078639212 0.03503937,
  -0.26313193 -0.15191929 0.03503937,-0.21484632 -0.21484632 0.03503937,
  -0.15191929 -0.26313193 0.03503937,-0.078639212 -0.29348553 0.03503937,
  0 -0.30383858 0.03503937,0.078639212 -0.29348553 0.03503937,
  0.15191929 -0.26313193 0.03503937,0.21484632 -0.21484632 0.03503937,
  0.26313193 -0.15191929 0.03503937,0.29348553 -0.078639212 0.03503937,
  0.30383858 0 0.03503937,0.30383858 0 0.074409449,
  0.30383858 0 0.074409449,0.29348553 0.078639212 0.074409449,
  0.26313193 0.15191929 0.074409449,0.21484632 0.21484632 0.074409449,
  0.15191929 0.26313193 0.074409449,0.078639212 0.29348553 0.074409449,
  0 0.30383858 0.074409449,-0.078639212 0.29348553 0.074409449,
  -0.15191929 0.26313193 0.074409449,-0.21484632 0.21484632 0.074409449,
  -0.26313193 0.15191929 0.074409449,-0.29348553 0.078639212 0.074409449,
  -0.30383858 0 0.074409449,-0.29348553 -0.078639212 0.074409449,
  -0.26313193 -0.15191929 0.074409449,-0.21484632 -0.21484632 0.074409449,
  -0.15191929 -0.26313193 0.074409449,-0.078639212 -0.29348553 0.074409449,
  0 -0.30383858 0.074409449,0.078639212 -0.29348553 0.074409449,
  0.15191929 -0.26313193 0.074409449,0.21484632 -0.21484632 0.074409449,
  0.26313193 -0.15191929 0.074409449,0.29348553 -0.078639212 0.074409449] }
 coordIndex [
  23,25,24,-1,23,49,25,-1,22,48,49,-1,22,49,23,-1,21,47,48,-1,21,48,22,-1,20,46,47,-1,20,47,21,-1,
  19,45,46,-1,19,46,20,-1,18,44,45,-1,18,45,19,-1,17,43,44,-1,17,44,18,-1,16,42,43,-1,16,43,17,-1,
  15,41,42,-1,15,42,16,-1,14,40,41,-1,14,41,15,-1,13,39,40,-1,13,40,14,-1,12,39,13,-1,12,38,39,-1,
  11,38,12,-1,11,37,38,-1,10,37,11,-1,10,36,37,-1,9,36,10,-1,9,35,36,-1,8,35,9,-1,8,34,35,-1,
  7,34,8,-1,7,33,34,-1,6,33,7,-1,6,32,33,-1,5,30,31,-1,5,31,32,-1,5,32,6,-1,4,30,5,-1,
  3,29,30,-1,3,30,4,-1,2,28,29,-1,2,29,3,-1,1,27,28,-1,1,28,2,-1,0,26,27,-1,0,27,1,-1]
  normalPerVertex TRUE
  normal DEF NORM_102 Normal { vector [
  -0.99144486 -0.13052619 0,-0.95364993 -0.30091828 0,
  -0.84327172 -0.5374875 0,-0.67542593 -0.73742784 0,
  -0.5 -0.8660254 0,-0.25881905 -0.96592583 0,
  0.04384197 -0.99903848 0,0.30091828 -0.95364993 0,
  0.5374875 -0.84327172 0,0.73742784 -0.67542593 0,
  0.88711369 -0.46155098 0,0.9763442 -0.21622209 0,
  0.99903848 0.04384197 0,0.95364993 0.30091828 0,
  0.84327172 0.5374875 0,0.67542593 0.73742784 0,
  0.46155098 0.88711369 0,0.21622209 0.9763442 0,
  -0.04384197 0.99903848 0,-0.30091828 0.95364993 0,
  -0.5374875 0.84327172 0,-0.73742784 0.67542593 0,
  -0.88711369 0.46155098 0,-0.9763442 0.21622209 0,
  -0.99144486 0.13052619 0,-0.99144486 0.13052619 0,
  -0.99144486 -0.13052619 0,-0.9763442 -0.21622209 0,
  -0.88711369 -0.46155098 0,-0.73742784 -0.67542593 0,
  -0.5 -0.8660254 0,-0.25881905 -0.96592583 0,
  -0.04384197 -0.99903848 0,0.21622209 -0.9763442 0,
  0.46155098 -0.88711369 0,0.67542593 -0.73742784 0,
  0.84327172 -0.5374875 0,0.95364993 -0.30091828 0,
  0.99903848 -0.04384197 0,0.9763442 0.21622209 0,
  0.88711369 0.46155098 0,0.73742784 0.67542593 0,
  0.5374875 0.84327172 0,0.30091828 0.95364993 0,
  0.04384197 0.99903848 0,-0.21622209 0.9763442 0,
  -0.46155098 0.88711369 0,-0.67542593 0.73742784 0,
  -0.84327172 0.5374875 0,-0.95364993 0.30091828 0] }
}
}
DEF SHAPE_103 Shape {
 appearance USE APP_3
 geometry DEF FACE_103 IndexedFaceSet {
  coord DEF COORD_103 Coordinate { point [
  0.32864173 0 0.03503937,0.31744354 0.085058739 0.03503937,
  0.28461209 0.16432087 0.03503937,0.2323848 0.2323848 0.03503937,
  0.16432087 0.28461209 0.03503937,0.085058739 0.31744354 0.03503937,
  0 0.32864173 0.03503937,-0.085058739 0.31744354 0.03503937,
  -0.16432087 0.28461209 0.03503937,-0.2323848 0.2323848 0.03503937,
  -0.28461209 0.16432087 0.03503937,-0.31744354 0.085058739 0.03503937,
  -0.32864173 0 0.03503937,-0.31744354 -0.085058739 0.03503937,
  -0.28461209 -0.16432087 0.03503937,-0.2323848 -0.2323848 0.03503937,
  -0.16432087 -0.28461209 0.03503937,-0.085058739 -0.31744354 0.03503937,
  0 -0.32864173 0.03503937,0.085058739 -0.31744354 0.03503937,
  0.16432087 -0.28461209 0.03503937,0.2323848 -0.2323848 0.03503937,
  0.28461209 -0.16432087 0.03503937,0.31744354 -0.085058739 0.03503937,
  0.32864173 0 0.03503937,0.32864173 0 0.074409449,
  0.32864173 0 0.074409449,0.31744354 0.085058739 0.074409449,
  0.28461209 0.16432087 0.074409449,0.2323848 0.2323848 0.074409449,
  0.16432087 0.28461209 0.074409449,0.085058739 0.31744354 0.074409449,
  0 0.32864173 0.074409449,-0.085058739 0.31744354 0.074409449,
  -0.16432087 0.28461209 0.074409449,-0.2323848 0.2323848 0.074409449,
  -0.28461209 0.16432087 0.074409449,-0.31744354 0.085058739 0.074409449,
  -0.32864173 0 0.074409449,-0.31744354 -0.085058739 0.074409449,
  -0.28461209 -0.16432087 0.074409449,-0.2323848 -0.2323848 0.074409449,
  -0.16432087 -0.28461209 0.074409449,-0.085058739 -0.31744354 0.074409449,
  0 -0.32864173 0.074409449,0.085058739 -0.31744354 0.074409449,
  0.16432087 -0.28461209 0.074409449,0.2323848 -0.2323848 0.074409449,
  0.28461209 -0.16432087 0.074409449,0.31744354 -0.085058739 0.074409449] }
 coordIndex [
  23,24,25,-1,23,25,49,-1,22,49,48,-1,22,23,49,-1,21,48,47,-1,21,22,48,-1,20,47,46,-1,20,21,47,-1,
  19,46,45,-1,19,20,46,-1,18,45,44,-1,18,19,45,-1,17,44,43,-1,17,18,44,-1,16,43,42,-1,16,17,43,-1,
  15,42,41,-1,15,16,42,-1,14,41,40,-1,14,15,41,-1,13,40,39,-1,13,14,40,-1,12,13,39,-1,12,39,38,-1,
  11,12,38,-1,11,38,37,-1,10,11,37,-1,10,37,36,-1,9,10,36,-1,9,36,35,-1,8,9,35,-1,8,35,34,-1,
  7,8,34,-1,7,34,33,-1,6,7,33,-1,6,33,32,-1,5,32,31,-1,5,6,32,-1,4,31,30,-1,4,5,31,-1,
  3,30,29,-1,3,4,30,-1,2,29,28,-1,2,3,29,-1,1,28,27,-1,1,2,28,-1,0,27,26,-1,0,1,27,-1]
  normalPerVertex TRUE
  normal DEF NORM_103 Normal { vector [
  0.99144486 0.13052619 0,0.95364993 0.30091828 0,
  0.84327172 0.5374875 0,0.67542593 0.73742784 0,
  0.46155098 0.88711369 0,0.21622209 0.9763442 0,
  -0.04384197 0.99903848 0,-0.30091828 0.95364993 0,
  -0.5374875 0.84327172 0,-0.73742784 0.67542593 0,
  -0.88711369 0.46155098 0,-0.9763442 0.21622209 0,
  -0.99903848 -0.04384197 0,-0.95364993 -0.30091828 0,
  -0.84327172 -0.5374875 0,-0.67542593 -0.73742784 0,
  -0.46155098 -0.88711369 0,-0.21622209 -0.9763442 0,
  0.04384197 -0.99903848 0,0.30091828 -0.95364993 0,
  0.5374875 -0.84327172 0,0.73742784 -0.67542593 0,
  0.88711369 -0.46155098 0,0.9763442 -0.21622209 0,
  0.99144486 -0.13052619 0,0.99144486 -0.13052619 0,
  0.99144486 0.13052619 0,0.9763442 0.21622209 0,
  0.88711369 0.46155098 0,0.73742784 0.67542593 0,
  0.5374875 0.84327172 0,0.30091828 0.95364993 0,
  0.04384197 0.99903848 0,-0.21622209 0.9763442 0,
  -0.46155098 0.88711369 0,-0.67542593 0.73742784 0,
  -0.84327172 0.5374875 0,-0.95364993 0.30091828 0,
  -0.99903848 0.04384197 0,-0.9763442 -0.21622209 0,
  -0.88711369 -0.46155098 0,-0.73742784 -0.67542593 0,
  -0.5374875 -0.84327172 0,-0.30091828 -0.95364993 0,
  -0.04384197 -0.99903848 0,0.21622209 -0.9763442 0,
  0.46155098 -0.88711369 0,0.67542593 -0.73742784 0,
  0.84327172 -0.5374875 0,0.95364993 -0.30091828 0] }
}
}
DEF SHAPE_104 Shape {
 appearance USE APP_3
 geometry DEF FACE_104 IndexedFaceSet {
  coord DEF COORD_104 Coordinate { point [
  0.17982283 0 0.03503937,0.17369552 0.046541574 0.03503937,
  0.15573114 0.089911417 0.03503937,0.12715395 0.12715395 0.03503937,
  0.089911417 0.15573114 0.03503937,0.046541574 0.17369552 0.03503937,
  0 0.17982283 0.03503937,-0.046541574 0.17369552 0.03503937,
  -0.089911417 0.15573114 0.03503937,-0.12715395 0.12715395 0.03503937,
  -0.15573114 0.089911417 0.03503937,-0.17369552 0.046541574 0.03503937,
  -0.17982283 0 0.03503937,-0.17369552 -0.046541574 0.03503937,
  -0.15573114 -0.089911417 0.03503937,-0.12715395 -0.12715395 0.03503937,
  -0.089911417 -0.15573114 0.03503937,-0.046541574 -0.17369552 0.03503937,
  0 -0.17982283 0.03503937,0.046541574 -0.17369552 0.03503937,
  0.089911417 -0.15573114 0.03503937,0.12715395 -0.12715395 0.03503937,
  0.15573114 -0.089911417 0.03503937,0.17369552 -0.046541574 0.03503937,
  0.15501969 0 0.03503937,0.14973752 0.040122047 0.03503937,
  0.13425099 0.077509843 0.03503937,0.10961547 0.10961547 0.03503937,
  0.077509843 0.13425099 0.03503937,0.040122047 0.14973752 0.03503937,
  0 0.15501969 0.03503937,-0.040122047 0.14973752 0.03503937,
  -0.077509843 0.13425099 0.03503937,-0.10961547 0.10961547 0.03503937,
  -0.13425099 0.077509843 0.03503937,-0.14973752 0.040122047 0.03503937,
  -0.15501969 0 0.03503937,-0.14973752 -0.040122047 0.03503937,
  -0.13425099 -0.077509843 0.03503937,-0.10961547 -0.10961547 0.03503937,
  -0.077509843 -0.13425099 0.03503937,-0.040122047 -0.14973752 0.03503937,
  0 -0.15501969 0.03503937,0.040122047 -0.14973752 0.03503937,
  0.077509843 -0.13425099 0.03503937,0.10961547 -0.10961547 0.03503937,
  0.13425099 -0.077509843 0.03503937,0.14973752 -0.040122047 0.03503937] }
 coordIndex [
  38,15,14,-1,38,39,15,-1,40,16,15,-1,40,15,39,-1,37,14,13,-1,37,38,14,-1,41,17,16,-1,41,16,40,-1,
  36,13,12,-1,36,37,13,-1,42,18,17,-1,42,17,41,-1,43,19,18,-1,43,18,42,-1,35,12,11,-1,35,36,12,-1,
  44,20,19,-1,44,19,43,-1,34,11,10,-1,34,35,11,-1,45,21,20,-1,45,20,44,-1,33,10,9,-1,33,34,10,-1,
  22,45,46,-1,22,21,45,-1,8,32,33,-1,8,33,9,-1,23,22,46,-1,23,46,47,-1,7,32,8,-1,7,31,32,-1,
  0,23,47,-1,0,47,24,-1,6,30,31,-1,6,31,7,-1,25,0,24,-1,29,30,6,-1,1,0,25,-1,5,29,6,-1,
  4,28,29,-1,4,29,5,-1,2,1,25,-1,2,25,26,-1,3,26,27,-1,3,27,28,-1,3,28,4,-1,3,2,26,-1]
  normalPerVertex TRUE
  normal DEF NORM_104 Normal { vector [
  0 0 -1,0 0 -1,
  0 0 -1,0 0 -1,
  0 0 -1,0 0 -1,
  0 0 -1,0 0 -1,
  0 0 -1,0 0 -1,
  0 0 -1,0 0 -1,
  0 0 -1,0 0 -1,
  0 0 -1,0 0 -1,
  0 0 -1,0 0 -1,
  0 0 -1,0 0 -1,
  0 0 -1,0 0 -1,
  0 0 -1,0 0 -1,
  0 0 -1,0 0 -1,
  0 0 -1,0 0 -1,
  0 0 -1,0 0 -1,
  0 0 -1,0 0 -1,
  0 0 -1,0 0 -1,
  0 0 -1,0 0 -1,
  0 0 -1,0 0 -1,
  0 0 -1,0 0 -1,
  0 0 -1,0 0 -1,
  0 0 -1,0 0 -1,
  0 0 -1,0 0 -1,
  0 0 -1,0 0 -1] }
}
}
DEF SHAPE_105 Shape {
 appearance USE APP_3
 geometry DEF FACE_105 IndexedFaceSet {
  coord DEF COORD_105 Coordinate { point [
  0.15501969 0 0.03503937,0.14973752 0.040122047 0.03503937,
  0.13425099 0.077509843 0.03503937,0.10961547 0.10961547 0.03503937,
  0.077509843 0.13425099 0.03503937,0.040122047 0.14973752 0.03503937,
  0 0.15501969 0.03503937,-0.040122047 0.14973752 0.03503937,
  -0.077509843 0.13425099 0.03503937,-0.10961547 0.10961547 0.03503937,
  -0.13425099 0.077509843 0.03503937,-0.14973752 0.040122047 0.03503937,
  -0.15501969 0 0.03503937,-0.14973752 -0.040122047 0.03503937,
  -0.13425099 -0.077509843 0.03503937,-0.10961547 -0.10961547 0.03503937,
  -0.077509843 -0.13425099 0.03503937,-0.040122047 -0.14973752 0.03503937,
  0 -0.15501969 0.03503937,0.040122047 -0.14973752 0.03503937,
  0.077509843 -0.13425099 0.03503937,0.10961547 -0.10961547 0.03503937,
  0.13425099 -0.077509843 0.03503937,0.14973752 -0.040122047 0.03503937,
  0.15501969 0 0.03503937,0.15501969 0 0.074409449,
  0.15501969 0 0.074409449,0.14973752 0.040122047 0.074409449,
  0.13425099 0.077509843 0.074409449,0.10961547 0.10961547 0.074409449,
  0.077509843 0.13425099 0.074409449,0.040122047 0.14973752 0.074409449,
  0 0.15501969 0.074409449,-0.040122047 0.14973752 0.074409449,
  -0.077509843 0.13425099 0.074409449,-0.10961547 0.10961547 0.074409449,
  -0.13425099 0.077509843 0.074409449,-0.14973752 0.040122047 0.074409449,
  -0.15501969 0 0.074409449,-0.14973752 -0.040122047 0.074409449,
  -0.13425099 -0.077509843 0.074409449,-0.10961547 -0.10961547 0.074409449,
  -0.077509843 -0.13425099 0.074409449,-0.040122047 -0.14973752 0.074409449,
  0 -0.15501969 0.074409449,0.040122047 -0.14973752 0.074409449,
  0.077509843 -0.13425099 0.074409449,0.10961547 -0.10961547 0.074409449,
  0.13425099 -0.077509843 0.074409449,0.14973752 -0.040122047 0.074409449] }
 coordIndex [
  23,25,24,-1,23,49,25,-1,22,48,49,-1,22,49,23,-1,21,47,48,-1,21,48,22,-1,20,46,47,-1,20,47,21,-1,
  19,45,46,-1,19,46,20,-1,18,44,45,-1,18,45,19,-1,17,43,44,-1,17,44,18,-1,16,42,43,-1,16,43,17,-1,
  15,41,42,-1,15,42,16,-1,14,40,41,-1,14,41,15,-1,13,39,40,-1,13,40,14,-1,12,39,13,-1,12,38,39,-1,
  11,38,12,-1,11,37,38,-1,10,37,11,-1,10,36,37,-1,9,36,10,-1,9,35,36,-1,8,35,9,-1,8,34,35,-1,
  7,34,8,-1,7,33,34,-1,6,33,7,-1,6,32,33,-1,5,30,31,-1,5,31,32,-1,5,32,6,-1,4,30,5,-1,
  3,29,30,-1,3,30,4,-1,2,28,29,-1,2,29,3,-1,1,27,28,-1,1,28,2,-1,0,26,27,-1,0,27,1,-1]
  normalPerVertex TRUE
  normal DEF NORM_105 Normal { vector [
  -0.99144486 -0.13052619 0,-0.95364993 -0.30091828 0,
  -0.84327172 -0.5374875 0,-0.67542593 -0.73742784 0,
  -0.5 -0.8660254 0,-0.25881905 -0.96592583 0,
  0.04384197 -0.99903848 0,0.30091828 -0.95364993 0,
  0.5374875 -0.84327172 0,0.73742784 -0.67542593 0,
  0.88711369 -0.46155098 0,0.9763442 -0.21622209 0,
  0.99903848 0.04384197 0,0.95364993 0.30091828 0,
  0.84327172 0.5374875 0,0.67542593 0.73742784 0,
  0.46155098 0.88711369 0,0.21622209 0.9763442 0,
  -0.04384197 0.99903848 0,-0.30091828 0.95364993 0,
  -0.5374875 0.84327172 0,-0.73742784 0.67542593 0,
  -0.88711369 0.46155098 0,-0.9763442 0.21622209 0,
  -0.99144486 0.13052619 0,-0.99144486 0.13052619 0,
  -0.99144486 -0.13052619 0,-0.9763442 -0.21622209 0,
  -0.88711369 -0.46155098 0,-0.73742784 -0.67542593 0,
  -0.5 -0.8660254 0,-0.25881905 -0.96592583 0,
  -0.04384197 -0.99903848 0,0.21622209 -0.9763442 0,
  0.46155098 -0.88711369 0,0.67542593 -0.73742784 0,
  0.84327172 -0.5374875 0,0.95364993 -0.30091828 0,
  0.99903848 -0.04384197 0,0.9763442 0.21622209 0,
  0.88711369 0.46155098 0,0.73742784 0.67542593 0,
  0.5374875 0.84327172 0,0.30091828 0.95364993 0,
  0.04384197 0.99903848 0,-0.21622209 0.9763442 0,
  -0.46155098 0.88711369 0,-0.67542593 0.73742784 0,
  -0.84327172 0.5374875 0,-0.95364993 0.30091828 0] }
}
}
DEF SHAPE_106 Shape {
 appearance USE APP_3
 geometry DEF FACE_106 IndexedFaceSet {
  coord DEF COORD_106 Coordinate { point [
  0.17982283 0 0.03503937,0.17369552 0.046541574 0.03503937,
  0.15573114 0.089911417 0.03503937,0.12715395 0.12715395 0.03503937,
  0.089911417 0.15573114 0.03503937,0.046541574 0.17369552 0.03503937,
  0 0.17982283 0.03503937,-0.046541574 0.17369552 0.03503937,
  -0.089911417 0.15573114 0.03503937,-0.12715395 0.12715395 0.03503937,
  -0.15573114 0.089911417 0.03503937,-0.17369552 0.046541574 0.03503937,
  -0.17982283 0 0.03503937,-0.17369552 -0.046541574 0.03503937,
  -0.15573114 -0.089911417 0.03503937,-0.12715395 -0.12715395 0.03503937,
  -0.089911417 -0.15573114 0.03503937,-0.046541574 -0.17369552 0.03503937,
  0 -0.17982283 0.03503937,0.046541574 -0.17369552 0.03503937,
  0.089911417 -0.15573114 0.03503937,0.12715395 -0.12715395 0.03503937,
  0.15573114 -0.089911417 0.03503937,0.17369552 -0.046541574 0.03503937,
  0.17982283 0 0.03503937,0.17982283 0 0.074409449,
  0.17982283 0 0.074409449,0.17369552 0.046541574 0.074409449,
  0.15573114 0.089911417 0.074409449,0.12715395 0.12715395 0.074409449,
  0.089911417 0.15573114 0.074409449,0.046541574 0.17369552 0.074409449,
  0 0.17982283 0.074409449,-0.046541574 0.17369552 0.074409449,
  -0.089911417 0.15573114 0.074409449,-0.12715395 0.12715395 0.074409449,
  -0.15573114 0.089911417 0.074409449,-0.17369552 0.046541574 0.074409449,
  -0.17982283 0 0.074409449,-0.17369552 -0.046541574 0.074409449,
  -0.15573114 -0.089911417 0.074409449,-0.12715395 -0.12715395 0.074409449,
  -0.089911417 -0.15573114 0.074409449,-0.046541574 -0.17369552 0.074409449,
  0 -0.17982283 0.074409449,0.046541574 -0.17369552 0.074409449,
  0.089911417 -0.15573114 0.074409449,0.12715395 -0.12715395 0.074409449,
  0.15573114 -0.089911417 0.074409449,0.17369552 -0.046541574 0.074409449] }
 coordIndex [
  23,24,25,-1,23,25,49,-1,22,49,48,-1,22,23,49,-1,21,48,47,-1,21,22,48,-1,20,47,46,-1,20,21,47,-1,
  19,46,45,-1,19,20,46,-1,18,45,44,-1,18,19,45,-1,17,44,43,-1,17,18,44,-1,16,43,42,-1,16,17,43,-1,
  15,42,41,-1,15,16,42,-1,14,41,40,-1,14,15,41,-1,13,40,39,-1,13,14,40,-1,12,13,39,-1,12,39,38,-1,
  11,12,38,-1,11,38,37,-1,10,11,37,-1,10,37,36,-1,9,10,36,-1,9,36,35,-1,8,9,35,-1,8,35,34,-1,
  7,8,34,-1,7,34,33,-1,6,7,33,-1,6,33,32,-1,5,31,30,-1,5,32,31,-1,5,6,32,-1,4,5,30,-1,
  3,30,29,-1,3,4,30,-1,2,29,28,-1,2,3,29,-1,1,28,27,-1,1,2,28,-1,0,27,26,-1,0,1,27,-1]
  normalPerVertex TRUE
  normal DEF NORM_106 Normal { vector [
  0.99144486 0.13052619 0,0.95364993 0.30091828 0,
  0.84327172 0.5374875 0,0.67542593 0.73742784 0,
  0.5 0.8660254 0,0.25881905 0.96592583 0,
  -0.04384197 0.99903848 0,-0.30091828 0.95364993 0,
  -0.5374875 0.84327172 0,-0.73742784 0.67542593 0,
  -0.88711369 0.46155098 0,-0.9763442 0.21622209 0,
  -0.99903848 -0.04384197 0,-0.95364993 -0.30091828 0,
  -0.84327172 -0.5374875 0,-0.67542593 -0.73742784 0,
  -0.46155098 -0.88711369 0,-0.21622209 -0.9763442 0,
  0.04384197 -0.99903848 0,0.30091828 -0.95364993 0,
  0.5374875 -0.84327172 0,0.73742784 -0.67542593 0,
  0.88711369 -0.46155098 0,0.9763442 -0.21622209 0,
  0.99144486 -0.13052619 0,0.99144486 -0.13052619 0,
  0.99144486 0.13052619 0,0.9763442 0.21622209 0,
  0.88711369 0.46155098 0,0.73742784 0.67542593 0,
  0.5 0.8660254 0,0.25881905 0.96592583 0,
  0.04384197 0.99903848 0,-0.21622209 0.9763442 0,
  -0.46155098 0.88711369 0,-0.67542593 0.73742784 0,
  -0.84327172 0.5374875 0,-0.95364993 0.30091828 0,
  -0.99903848 0.04384197 0,-0.9763442 -0.21622209 0,
  -0.88711369 -0.46155098 0,-0.73742784 -0.67542593 0,
  -0.5374875 -0.84327172 0,-0.30091828 -0.95364993 0,
  -0.04384197 -0.99903848 0,0.21622209 -0.9763442 0,
  0.46155098 -0.88711369 0,0.67542593 -0.73742784 0,
  0.84327172 -0.5374875 0,0.95364993 -0.30091828 0] }
}
}
DEF SHAPE_107 Shape {
 appearance USE APP_3
 geometry DEF FACE_107 IndexedFaceSet {
  coord DEF COORD_107 Coordinate { point [
  0.82874016 0 0.074409449,0.80050152 0.21449374 0.074409449,
  0.71771003 0.41437008 0.074409449,0.58600779 0.58600779 0.074409449,
  0.41437008 0.71771003 0.074409449,0.21449374 0.80050152 0.074409449,
  0 0.82874016 0.074409449,-0.21449374 0.80050152 0.074409449,
  -0.41437008 0.71771003 0.074409449,-0.58600779 0.58600779 0.074409449,
  -0.71771003 0.41437008 0.074409449,-0.80050152 0.21449374 0.074409449,
  -0.82874016 0 0.074409449,-0.80050152 -0.21449374 0.074409449,
  -0.71771003 -0.41437008 0.074409449,-0.58600779 -0.58600779 0.074409449,
  -0.41437008 -0.71771003 0.074409449,-0.21449374 -0.80050152 0.074409449,
  0 -0.82874016 0.074409449,0.21449374 -0.80050152 0.074409449,
  0.41437008 -0.71771003 0.074409449,0.58600779 -0.58600779 0.074409449,
  0.71771003 -0.41437008 0.074409449,0.80050152 -0.21449374 0.074409449,
  0.77509843 0 0.074409449,0.74868759 0.20061023 0.074409449,
  0.67125493 0.38754921 0.074409449,0.54807735 0.54807735 0.074409449,
  0.38754921 0.67125493 0.074409449,0.20061023 0.74868759 0.074409449,
  0 0.77509843 0.074409449,-0.20061023 0.74868759 0.074409449,
  -0.38754921 0.67125493 0.074409449,-0.54807735 0.54807735 0.074409449,
  -0.67125493 0.38754921 0.074409449,-0.74868759 0.20061023 0.074409449,
  -0.77509843 0 0.074409449,-0.74868759 -0.20061023 0.074409449,
  -0.67125493 -0.38754921 0.074409449,-0.54807735 -0.54807735 0.074409449,
  -0.38754921 -0.67125493 0.074409449,-0.20061023 -0.74868759 0.074409449,
  0 -0.77509843 0.074409449,0.20061023 -0.74868759 0.074409449,
  0.38754921 -0.67125493 0.074409449,0.54807735 -0.54807735 0.074409449,
  0.67125493 -0.38754921 0.074409449,0.74868759 -0.20061023 0.074409449] }
 coordIndex [
  38,15,14,-1,38,39,15,-1,40,16,15,-1,40,15,39,-1,37,14,13,-1,37,38,14,-1,41,17,16,-1,41,16,40,-1,
  36,13,12,-1,36,37,13,-1,42,18,17,-1,42,17,41,-1,43,19,18,-1,43,18,42,-1,35,12,11,-1,35,36,12,-1,
  44,20,19,-1,44,19,43,-1,34,11,10,-1,34,35,11,-1,21,44,45,-1,21,20,44,-1,9,33,34,-1,9,34,10,-1,
  46,21,45,-1,22,21,46,-1,8,33,9,-1,8,32,33,-1,47,22,46,-1,31,32,8,-1,23,22,47,-1,7,31,8,-1,
  24,23,47,-1,30,31,7,-1,0,23,24,-1,6,30,7,-1,25,0,24,-1,1,0,25,-1,5,30,6,-1,5,29,30,-1,
  2,1,25,-1,2,25,26,-1,4,28,29,-1,4,29,5,-1,3,26,27,-1,3,2,26,-1,3,27,28,-1,3,28,4,-1]
  normalPerVertex TRUE
  normal DEF NORM_107 Normal { vector [
  0 0 -1,0 0 -1,
  0 0 -1,0 0 -1,
  0 0 -1,0 0 -1,
  0 0 -1,0 0 -1,
  0 0 -1,0 0 -1,
  0 0 -1,0 0 -1,
  0 0 -1,0 0 -1,
  0 0 -1,0 0 -1,
  0 0 -1,0 0 -1,
  0 0 -1,0 0 -1,
  0 0 -1,0 0 -1,
  0 0 -1,0 0 -1,
  0 0 -1,0 0 -1,
  0 0 -1,0 0 -1,
  0 0 -1,0 0 -1,
  0 0 -1,0 0 -1,
  0 0 -1,0 0 -1,
  0 0 -1,0 0 -1,
  0 0 -1,0 0 -1,
  0 0 -1,0 0 -1,
  0 0 -1,0 0 -1,
  0 0 -1,0 0 -1,
  0 0 -1,0 0 -1,
  0 0 -1,0 0 -1] }
}
}
DEF SHAPE_108 Shape {
 appearance USE APP_2
 geometry DEF FACE_108 IndexedFaceSet {
  coord DEF COORD_108 Coordinate { point [
  0.86811024 0 0.03503937,0.8385301 0.22468346 0.03503937,
  0.75180552 0.43405512 0.03503937,0.61384663 0.61384663 0.03503937,
  0.43405512 0.75180552 0.03503937,0.22468346 0.8385301 0.03503937,
  0 0.86811024 0.03503937,-0.22468346 0.8385301 0.03503937,
  -0.43405512 0.75180552 0.03503937,-0.61384663 0.61384663 0.03503937,
  -0.75180552 0.43405512 0.03503937,-0.8385301 0.22468346 0.03503937,
  -0.86811024 0 0.03503937,-0.8385301 -0.22468346 0.03503937,
  -0.75180552 -0.43405512 0.03503937,-0.61384663 -0.61384663 0.03503937,
  -0.43405512 -0.75180552 0.03503937,-0.22468346 -0.8385301 0.03503937,
  0 -0.86811024 0.03503937,0.22468346 -0.8385301 0.03503937,
  0.43405512 -0.75180552 0.03503937,0.61384663 -0.61384663 0.03503937,
  0.75180552 -0.43405512 0.03503937,0.8385301 -0.22468346 0.03503937,
  0.86811024 0 0.03503937,0.86811024 0 0,
  0.8385301 0.22468346 0,0.75180552 0.43405512 0,
  0.61384663 0.61384663 0,0.43405512 0.75180552 0,
  0.22468346 0.8385301 0,0 0.86811024 0,
  -0.22468346 0.8385301 0,-0.43405512 0.75180552 0,
  -0.61384663 0.61384663 0,-0.75180552 0.43405512 0,
  -0.8385301 0.22468346 0,-0.86811024 0 0,
  -0.8385301 -0.22468346 0,-0.75180552 -0.43405512 0,
  -0.61384663 -0.61384663 0,-0.43405512 -0.75180552 0,
  -0.22468346 -0.8385301 0,0 -0.86811024 0,
  0.22468346 -0.8385301 0,0.43405512 -0.75180552 0,
  0.61384663 -0.61384663 0,0.75180552 -0.43405512 0,
  0.8385301 -0.22468346 0,0.86811024 0 0] }
 coordIndex [
  1,25,0,-1,1,26,25,-1,2,27,26,-1,2,26,1,-1,3,28,27,-1,3,27,2,-1,4,29,28,-1,4,28,3,-1,
  5,30,29,-1,5,29,4,-1,6,31,30,-1,6,30,5,-1,7,32,31,-1,7,31,6,-1,8,33,32,-1,8,32,7,-1,
  9,34,33,-1,9,33,8,-1,10,35,34,-1,10,34,9,-1,11,36,35,-1,11,35,10,-1,12,36,11,-1,12,37,36,-1,
  13,37,12,-1,13,38,37,-1,14,38,13,-1,14,39,38,-1,15,39,14,-1,15,40,39,-1,16,40,15,-1,16,41,40,-1,
  17,41,16,-1,17,42,41,-1,18,42,17,-1,18,43,42,-1,19,43,18,-1,19,44,43,-1,19,45,44,-1,20,45,19,-1,
  21,45,20,-1,21,46,45,-1,22,46,21,-1,22,47,46,-1,23,47,22,-1,23,48,47,-1,24,48,23,-1,24,49,48,-1]
  normalPerVertex TRUE
  normal DEF NORM_108 Normal { vector [
  -0.99144486 -0.13052619 0,-0.9763442 -0.21622209 0,
  -0.88711369 -0.46155098 0,-0.73742784 -0.67542593 0,
  -0.5374875 -0.84327172 0,-0.30091828 -0.95364993 0,
  -0.04384197 -0.99903848 0,0.21622209 -0.9763442 0,
  0.46155098 -0.88711369 0,0.67542593 -0.73742784 0,
  0.84327172 -0.5374875 0,0.95364993 -0.30091828 0,
  0.99903848 -0.04384197 0,0.9763442 0.21622209 0,
  0.88711369 0.46155098 0,0.73742784 0.67542593 0,
  0.5374875 0.84327172 0,0.30091828 0.95364993 0,
  0.04384197 0.99903848 0,-0.25881905 0.96592583 0,
  -0.5 0.8660254 0,-0.67542593 0.73742784 0,
  -0.84327172 0.5374875 0,-0.95364993 0.30091828 0,
  -0.99144486 0.13052619 0,-0.99144486 -0.13052619 0,
  -0.95364993 -0.30091828 0,-0.84327172 -0.5374875 0,
  -0.67542593 -0.73742784 0,-0.46155098 -0.88711369 0,
  -0.21622209 -0.9763442 0,0.04384197 -0.99903848 0,
  0.30091828 -0.95364993 0,0.5374875 -0.84327172 0,
  0.73742784 -0.67542593 0,0.88711369 -0.46155098 0,
  0.9763442 -0.21622209 0,0.99903848 0.04384197 0,
  0.95364993 0.30091828 0,0.84327172 0.5374875 0,
  0.67542593 0.73742784 0,0.46155098 0.88711369 0,
  0.21622209 0.9763442 0,-0.04384197 0.99903848 0,
  -0.25881905 0.96592583 0,-0.5 0.8660254 0,
  -0.73742784 0.67542593 0,-0.88711369 0.46155098 0,
  -0.9763442 0.21622209 0,-0.99144486 0.13052619 0] }
}
}
DEF SHAPE_109 Shape {
 appearance USE APP_2
 geometry DEF FACE_109 IndexedFaceSet {
  coord DEF COORD_109 Coordinate { point [
  -1.2401575 0 1.7854331,-1.1979001 0.32097637 1.7854331,
  -1.0740079 0.62007874 1.7854331,-0.87692376 0.87692376 1.7854331,
  -0.62007874 1.0740079 1.7854331,-0.32097637 1.1979001 1.7854331,
  0 1.2401575 1.7854331,0.32097637 1.1979001 1.7854331,
  0.62007874 1.0740079 1.7854331,0.87692376 0.87692376 1.7854331,
  1.0740079 0.62007874 1.7854331,1.1979001 0.32097637 1.7854331,
  1.2401575 0 1.7854331,1.2401575 0 0.58997,
  1.1979001 0.32097637 0.58997,1.0740079 0.62007874 0.58997,
  0.87692376 0.87692376 0.58997,0.62007874 1.0740079 0.58997,
  0.32097637 1.1979001 0.58997,0 1.2401575 0.58997,
  -0.32097637 1.1979001 0.58997,-0.62007874 1.0740079 0.58997,
  -0.87692376 0.87692376 0.58997,-1.0740079 0.62007874 0.58997,
  -1.1979001 0.32097637 0.58997,-1.2401575 0 0.58997,
  -1.1979001 -0.32097637 0.58997,-1.0740079 -0.62007874 0.58997,
  -0.87692376 -0.87692376 0.58997,-0.62007874 -1.0740079 0.58997,
  -0.32097637 -1.1979001 0.58997,0 -1.2401575 0.58997,
  0.32097637 -1.1979001 0.58997,0.62007874 -1.0740079 0.58997,
  0.87692376 -0.87692376 0.58997,1.0740079 -0.62007874 0.58997,
  1.1979001 -0.32097637 0.58997,1.2401575 0 0.58997,
  1.2401575 0 1.7854331,1.1979001 -0.32097637 1.7854331,
  1.0740079 -0.62007874 1.7854331,0.87692376 -0.87692376 1.7854331,
  0.62007874 -1.0740079 1.7854331,0.32097637 -1.1979001 1.7854331,
  0 -1.2401575 1.7854331,-0.32097637 -1.1979001 1.7854331,
  -0.62007874 -1.0740079 1.7854331,-0.87692376 -0.87692376 1.7854331,
  -1.0740079 -0.62007874 1.7854331,-1.1979001 -0.32097637 1.7854331] }
 coordIndex [
  37,38,39,-1,36,39,40,-1,36,37,39,-1,35,40,41,-1,35,36,40,-1,34,35,41,-1,33,41,42,-1,33,34,41,-1,
  32,42,43,-1,32,33,42,-1,31,43,44,-1,31,32,43,-1,30,44,45,-1,30,45,46,-1,30,31,44,-1,29,30,46,-1,
  28,46,47,-1,28,29,46,-1,27,47,48,-1,27,28,47,-1,26,48,49,-1,26,49,0,-1,26,27,48,-1,25,26,0,-1,
  24,0,1,-1,24,25,0,-1,23,1,2,-1,23,24,1,-1,22,2,3,-1,22,3,4,-1,22,23,2,-1,21,4,5,-1,
  21,22,4,-1,20,21,5,-1,19,5,6,-1,19,6,7,-1,19,20,5,-1,18,19,7,-1,17,7,8,-1,17,18,7,-1,
  16,8,9,-1,16,9,10,-1,16,17,8,-1,15,16,10,-1,14,10,11,-1,14,15,10,-1,13,11,12,-1,13,14,11,-1]
  normalPerVertex TRUE
  normal DEF NORM_109 Normal { vector [
  -1 0 0,-0.95364993 0.30091828 0,
  -0.84327172 0.5374875 0,-0.70710678 0.70710678 0,
  -0.5374875 0.84327172 0,-0.25881905 0.96592583 0,
  0 1 0,0.25881905 0.96592583 0,
  0.5374875 0.84327172 0,0.70710678 0.70710678 0,
  0.8660254 0.5 0,0.9763442 0.21622209 0,
  0.99144486 0.13052619 0,0.99144486 0.13052619 0,
  0.95364993 0.30091828 0,0.8660254 0.5 0,
  0.70710678 0.70710678 0,0.46155098 0.88711369 0,
  0.25881905 0.96592583 0,0 1 0,
  -0.25881905 0.96592583 0,-0.46155098 0.88711369 0,
  -0.70710678 0.70710678 0,-0.88711369 0.46155098 0,
  -0.9763442 0.21622209 0,-1 0 0,
  -0.96592583 -0.25881905 0,-0.84327172 -0.5374875 0,
  -0.67542593 -0.73742784 0,-0.5 -0.8660254 0,
  -0.25881905 -0.96592583 0,0.04384197 -0.99903848 0,
  0.30091828 -0.95364993 0,0.5374875 -0.84327172 0,
  0.70710678 -0.70710678 0,0.84327172 -0.5374875 0,
  0.95364993 -0.30091828 0,0.99144486 -0.13052619 0,
  0.99144486 -0.13052619 0,0.9763442 -0.21622209 0,
  0.88711369 -0.46155098 0,0.70710678 -0.70710678 0,
  0.46155098 -0.88711369 0,0.21622209 -0.9763442 0,
  -0.04384197 -0.99903848 0,-0.25881905 -0.96592583 0,
  -0.5 -0.8660254 0,-0.73742784 -0.67542593 0,
  -0.88711369 -0.46155098 0,-0.96592583 -0.25881905 0] }
}
}
DEF SHAPE_110 Shape {
 appearance USE APP_2
 geometry DEF FACE_110 IndexedFaceSet {
  coord DEF COORD_110 Coordinate { point [
  -1.2106299 0 0.30279227,-1.1693787 0.31333408 0.30279227,
  -1.0484363 0.60531496 0.30279227,-0.85604463 0.85604463 0.30279227,
  -0.60531496 1.0484363 0.30279227,-0.31333408 1.1693787 0.30279227,
  0 1.2106299 0.30279227,0.31333408 1.1693787 0.30279227,
  0.60531496 1.0484363 0.30279227,0.85604463 0.85604463 0.30279227,
  1.0484363 0.60531496 0.30279227,1.1693787 0.31333408 0.30279227,
  1.2106299 0 0.30279227,1.2106299 0 0.12401575,
  1.1693787 0.31333408 0.12401575,1.0484363 0.60531496 0.12401575,
  0.85604463 0.85604463 0.12401575,0.60531496 1.0484363 0.12401575,
  0.31333408 1.1693787 0.12401575,0 1.2106299 0.12401575,
  -0.31333408 1.1693787 0.12401575,-0.60531496 1.0484363 0.12401575,
  -0.85604463 0.85604463 0.12401575,-1.0484363 0.60531496 0.12401575,
  -1.1693787 0.31333408 0.12401575,-1.2106299 0 0.12401575,
  -1.1693787 -0.31333408 0.12401575,-1.0484363 -0.60531496 0.12401575,
  -0.85604463 -0.85604463 0.12401575,-0.60531496 -1.0484363 0.12401575,
  -0.31333408 -1.1693787 0.12401575,0 -1.2106299 0.12401575,
  0.31333408 -1.1693787 0.12401575,0.60531496 -1.0484363 0.12401575,
  0.85604463 -0.85604463 0.12401575,1.0484363 -0.60531496 0.12401575,
  1.1693787 -0.31333408 0.12401575,1.2106299 0 0.12401575,
  1.2106299 0 0.30279227,1.1693787 -0.31333408 0.30279227,
  1.0484363 -0.60531496 0.30279227,0.85604463 -0.85604463 0.30279227,
  0.60531496 -1.0484363 0.30279227,0.31333408 -1.1693787 0.30279227,
  0 -1.2106299 0.30279227,-0.31333408 -1.1693787 0.30279227,
  -0.60531496 -1.0484363 0.30279227,-0.85604463 -0.85604463 0.30279227,
  -1.0484363 -0.60531496 0.30279227,-1.1693787 -0.31333408 0.30279227] }
 coordIndex [
  37,38,39,-1,36,39,40,-1,36,37,39,-1,35,40,41,-1,35,36,40,-1,34,35,41,-1,33,41,42,-1,33,34,41,-1,
  32,42,43,-1,32,33,42,-1,31,43,44,-1,31,32,43,-1,30,44,45,-1,30,31,44,-1,29,45,46,-1,29,30,45,-1,
  28,46,47,-1,28,29,46,-1,27,47,48,-1,27,28,47,-1,26,48,49,-1,26,27,48,-1,25,26,49,-1,25,49,0,-1,
  24,0,1,-1,24,25,0,-1,23,1,2,-1,23,24,1,-1,22,2,3,-1,22,3,4,-1,22,23,2,-1,21,22,4,-1,
  20,4,5,-1,20,5,6,-1,20,21,4,-1,19,20,6,-1,18,6,7,-1,18,7,8,-1,18,19,6,-1,17,18,8,-1,
  16,8,9,-1,16,17,8,-1,15,9,10,-1,15,16,9,-1,14,10,11,-1,14,15,10,-1,13,11,12,-1,13,14,11,-1]
  normalPerVertex TRUE
  normal DEF NORM_110 Normal { vector [
  -0.99903848 0.04384197 0,-0.95364993 0.30091828 0,
  -0.84327172 0.5374875 0,-0.70710678 0.70710678 0,
  -0.5 0.8660254 0,-0.25881905 0.96592583 0,
  0 1 0,0.25881905 0.96592583 0,
  0.5 0.8660254 0,0.73742784 0.67542593 0,
  0.88711369 0.46155098 0,0.9763442 0.21622209 0,
  0.99144486 0.13052619 0,0.99144486 0.13052619 0,
  0.95364993 0.30091828 0,0.84327172 0.5374875 0,
  0.67542593 0.73742784 0,0.5 0.8660254 0,
  0.25881905 0.96592583 0,0 1 0,
  -0.25881905 0.96592583 0,-0.5 0.8660254 0,
  -0.70710678 0.70710678 0,-0.88711369 0.46155098 0,
  -0.9763442 0.21622209 0,-0.99903848 -0.04384197 0,
  -0.95364993 -0.30091828 0,-0.84327172 -0.5374875 0,
  -0.67542593 -0.73742784 0,-0.46155098 -0.88711369 0,
  -0.21622209 -0.9763442 0,0.04384197 -0.99903848 0,
  0.30091828 -0.95364993 0,0.5374875 -0.84327172 0,
  0.70710678 -0.70710678 0,0.84327172 -0.5374875 0,
  0.95364993 -0.30091828 0,0.99144486 -0.13052619 0,
  0.99144486 -0.13052619 0,0.9763442 -0.21622209 0,
  0.88711369 -0.46155098 0,0.70710678 -0.70710678 0,
  0.46155098 -0.88711369 0,0.21622209 -0.9763442 0,
  -0.04384197 -0.99903848 0,-0.30091828 -0.95364993 0,
  -0.5374875 -0.84327172 0,-0.73742784 -0.67542593 0,
  -0.88711369 -0.46155098 0,-0.9763442 -0.21622209 0] }
}
}
DEF SHAPE_111 Shape {
 appearance USE APP_2
 geometry DEF FACE_111 IndexedFaceSet {
  coord DEF COORD_111 Coordinate { point [
  1.0866142 0 0,1.0495887 0.28123644 0,
  0.94103548 0.54330709 0,0.76835225 0.76835225 0,
  0.54330709 0.94103548 0,0.28123644 1.0495887 0,
  0 1.0866142 0,-0.28123644 1.0495887 0,
  -0.54330709 0.94103548 0,-0.76835225 0.76835225 0,
  -0.94103548 0.54330709 0,-1.0495887 0.28123644 0,
  -1.0866142 0 0,-1.0495887 -0.28123644 0,
  -0.94103548 -0.54330709 0,-0.76835225 -0.76835225 0,
  -0.54330709 -0.94103548 0,-0.28123644 -1.0495887 0,
  0 -1.0866142 0,0.28123644 -1.0495887 0,
  0.54330709 -0.94103548 0,0.76835225 -0.76835225 0,
  0.94103548 -0.54330709 0,1.0495887 -0.28123644 0,
  0.86811024 0 0,0.8385301 0.22468346 0,
  0.75180552 0.43405512 0,0.61384663 0.61384663 0,
  0.43405512 0.75180552 0,0.22468346 0.8385301 0,
  0 0.86811024 0,-0.22468346 0.8385301 0,
  -0.43405512 0.75180552 0,-0.61384663 0.61384663 0,
  -0.75180552 0.43405512 0,-0.8385301 0.22468346 0,
  -0.86811024 0 0,-0.8385301 -0.22468346 0,
  -0.75180552 -0.43405512 0,-0.61384663 -0.61384663 0,
  -0.43405512 -0.75180552 0,-0.22468346 -0.8385301 0,
  0 -0.86811024 0,0.22468346 -0.8385301 0,
  0.43405512 -0.75180552 0,0.61384663 -0.61384663 0,
  0.75180552 -0.43405512 0,0.8385301 -0.22468346 0] }
 coordIndex [
  38,15,14,-1,38,39,15,-1,40,16,15,-1,40,15,39,-1,37,13,12,-1,37,14,13,-1,37,38,14,-1,41,17,16,-1,
  41,16,40,-1,36,37,12,-1,42,18,17,-1,42,17,41,-1,43,19,18,-1,43,18,42,-1,35,12,11,-1,35,36,12,-1,
  44,20,19,-1,44,19,43,-1,34,11,10,-1,34,35,11,-1,45,21,20,-1,45,20,44,-1,33,34,10,-1,9,33,10,-1,
  22,45,46,-1,22,21,45,-1,8,33,9,-1,8,32,33,-1,31,32,8,-1,23,46,47,-1,23,22,46,-1,7,31,8,-1,
  0,23,47,-1,0,24,25,-1,0,47,24,-1,6,31,7,-1,6,30,31,-1,1,0,25,-1,1,25,26,-1,5,29,30,-1,
  5,30,6,-1,4,28,29,-1,4,29,5,-1,2,1,26,-1,3,26,27,-1,3,27,28,-1,3,2,26,-1,3,28,4,-1]
  normalPerVertex TRUE
  normal DEF NORM_111 Normal { vector [
  0 0 -1,0 0 -1,
  0 0 -1,0 0 -1,
  0 0 -1,0 0 -1,
  0 0 -1,0 0 -1,
  0 0 -1,0 0 -1,
  0 0 -1,0 0 -1,
  0 0 -1,0 0 -1,
  0 0 -1,0 0 -1,
  0 0 -1,0 0 -1,
  0 0 -1,0 0 -1,
  0 0 -1,0 0 -1,
  0 0 -1,0 0 -1,
  0 0 -1,0 0 -1,
  0 0 -1,0 0 -1,
  0 0 -1,0 0 -1,
  0 0 -1,0 0 -1,
  0 0 -1,0 0 -1,
  0 0 -1,0 0 -1,
  0 0 -1,0 0 -1,
  0 0 -1,0 0 -1,
  0 0 -1,0 0 -1,
  0 0 -1,0 0 -1,
  0 0 -1,0 0 -1,
  0 0 -1,0 0 -1] }
}
}
DEF SHAPE_112 Shape {
 appearance USE APP_2
 geometry DEF FACE_112 IndexedFaceSet {
  coord DEF COORD_112 Coordinate { point [
  0.10646621 0.0033651803 1.9094488,0.058477407 -0.0087566538 1.9094488,
  0.020867698 -0.016017806 1.9094488,0.015445689 -0.018245094 1.9094488,
  0.010698938 -0.021122913 1.9094488,0.0041899634 -0.027525635 1.9094488,
  0.00040548485 -0.034395507 1.9094488,-0.0012340352 -0.040685936 1.9094488,
  -0.0011394539 -0.051732302 1.9094488,0.0022865194 -0.061547331 1.9094488,
  0.0091644232 -0.069707305 1.9094488,0.018161493 -0.075220223 1.9094488,
  0.029621563 -0.078482061 1.9094488,0.042612418 -0.07930235 1.9094488,
  0.054922251 -0.078148087 1.9094488,0.066303509 -0.075240476 1.9094488,
  0.076826068 -0.070614457 1.9094488,0.086153767 -0.0644536 1.9094488,
  0.095129503 -0.055330748 1.9094488,0.1010867 -0.045660371 1.9094488,
  0.10503856 -0.032875622 1.9094488,0.10679457 -0.014498081 1.9094488] }
 coordIndex [
  1,14,15,-1,1,15,16,-1,1,16,17,-1,1,17,18,-1,1,18,19,-1,1,19,20,-1,1,20,21,-1,1,21,0,-1,
  8,9,10,-1,2,11,12,-1,2,12,13,-1,2,13,14,-1,2,14,1,-1,3,7,8,-1,3,10,11,-1,3,8,10,-1,
  3,11,2,-1,4,7,3,-1,5,6,7,-1,5,7,4,-1]
  normalPerVertex TRUE
  normal DEF NORM_112 Normal { vector [
  0 0 1,0 0 1,
  0 0 1,0 0 1,
  0 0 1,0 0 1,
  0 0 1,0 0 1,
  0 0 1,0 0 1,
  0 0 1,0 0 1,
  0 0 1,0 0 1,
  0 0 1,0 0 1,
  0 0 1,0 0 1,
  0 0 1,0 0 1,
  0 0 1,0 0 1] }
}
}
DEF SHAPE_113 Shape {
 appearance USE APP_2
 geometry DEF FACE_113 IndexedFaceSet {
  coord DEF COORD_113 Coordinate { point [
  1.1719488 0 0.51581937,1.1320156 0.30332267 0.51581937,
  1.0149374 0.58597441 0.51581937,0.82869296 0.82869296 0.51581937,
  0.58597441 1.0149374 0.51581937,0.30332267 1.1320156 0.51581937,
  0 1.1719488 0.51581937,-0.30332267 1.1320156 0.51581937,
  -0.58597441 1.0149374 0.51581937,-0.82869296 0.82869296 0.51581937,
  -1.0149374 0.58597441 0.51581937,-1.1320156 0.30332267 0.51581937,
  -1.1719488 0 0.51581937,-1.1320156 -0.30332267 0.51581937,
  -1.0149374 -0.58597441 0.51581937,-0.82869296 -0.82869296 0.51581937,
  -0.58597441 -1.0149374 0.51581937,-0.30332267 -1.1320156 0.51581937,
  0 -1.1719488 0.51581937,0.30332267 -1.1320156 0.51581937,
  0.58597441 -1.0149374 0.51581937,0.82869296 -0.82869296 0.51581937,
  1.0149374 -0.58597441 0.51581937,1.1320156 -0.30332267 0.51581937,
  1.1719488 0 0.51581937,1.1899531 0 0.51960751,
  1.2064776 0 0.52769744,1.2205119 0 0.53959457,
  1.2311981 0 0.55457153,1.2378829 0 0.57171267,
  1.2401575 0 0.58997,1.2401575 0 0.58997,
  1.1979001 0.32097637 0.58997,1.0740079 0.62007874 0.58997,
  0.87692376 0.87692376 0.58997,0.62007874 1.0740079 0.58997,
  0.32097637 1.1979001 0.58997,0 1.2401575 0.58997,
  -0.32097637 1.1979001 0.58997,-0.62007874 1.0740079 0.58997,
  -0.87692376 0.87692376 0.58997,-1.0740079 0.62007874 0.58997,
  -1.1979001 0.32097637 0.58997,-1.2401575 0 0.58997,
  -1.1979001 -0.32097637 0.58997,-1.0740079 -0.62007874 0.58997,
  -0.87692376 -0.87692376 0.58997,-0.62007874 -1.0740079 0.58997,
  -0.32097637 -1.1979001 0.58997,0 -1.2401575 0.58997,
  0.32097637 -1.1979001 0.58997,0.62007874 -1.0740079 0.58997,
  0.87692376 -0.87692376 0.58997,1.0740079 -0.62007874 0.58997,
  1.1979001 -0.32097637 0.58997,1.1899531 0 0.51960751,
  1.2064776 0 0.52769744,1.2205119 0 0.53959457,
  1.2311981 0 0.55457153,1.2378829 0 0.57171267,
  1.1653678 0.31225937 0.52769744,1.1892461 0.31865752 0.55457153,
  1.195703 0.32038766 0.57171266,1.0448402 0.60323878 0.52769744,
  1.0662488 0.61559906 0.55457153,1.072038 0.61894144 0.57171266,
  0.85310846 0.85310846 0.52769744,0.87058854 0.87058854 0.55457153,
  0.87531537 0.87531537 0.57171266,0.60323878 1.0448402 0.52769744,
  0.61559906 1.0662488 0.55457153,0.61894144 1.072038 0.57171266,
  0.31225937 1.1653678 0.52769744,0.31865752 1.1892461 0.55457153,
  0.32038766 1.195703 0.57171266,0 1.2064776 0.52769744,
  0 1.2311981 0.55457153,0 1.2378829 0.57171266,
  -0.31225937 1.1653678 0.52769744,-0.31865752 1.1892461 0.55457153,
  -0.32038766 1.195703 0.57171266,-0.60323878 1.0448402 0.52769744,
  -0.61559906 1.0662488 0.55457153,-0.61894144 1.072038 0.57171266,
  -0.85310846 0.85310846 0.52769744,-0.87058854 0.87058854 0.55457153,
  -0.87531537 0.87531537 0.57171266,-1.0448402 0.60323878 0.52769744,
  -1.0662488 0.61559906 0.55457153,-1.072038 0.61894144 0.57171266,
  -1.1653678 0.31225937 0.52769744,-1.1892461 0.31865752 0.55457153,
  -1.195703 0.32038766 0.57171266,-1.2064776 0 0.52769744,
  -1.2311981 0 0.55457153,-1.2378829 0 0.57171266,
  -1.1653678 -0.31225937 0.52769744,-1.1892461 -0.31865752 0.55457153,
  -1.195703 -0.32038766 0.57171266,-1.0448402 -0.60323878 0.52769744,
  -1.0662488 -0.61559906 0.55457153,-1.072038 -0.61894144 0.57171266,
  -0.85310846 -0.85310846 0.52769744,-0.87058854 -0.87058854 0.55457153,
  -0.87531537 -0.87531537 0.57171266,-0.60323878 -1.0448402 0.52769744,
  -0.61559906 -1.0662488 0.55457153,-0.61894144 -1.072038 0.57171266,
  -0.31225937 -1.1653678 0.52769744,-0.31865752 -1.1892461 0.55457153,
  -0.32038766 -1.195703 0.57171266,0 -1.2064776 0.52769744,
  0 -1.2311981 0.55457153,0 -1.2378829 0.57171266,
  0.31225937 -1.1653678 0.52769744,0.31865752 -1.1892461 0.55457153,
  0.32038766 -1.195703 0.57171266,0.60323878 -1.0448402 0.52769744,
  0.61559906 -1.0662488 0.55457153,0.61894144 -1.072038 0.57171266,
  0.85310846 -0.85310846 0.52769744,0.87058854 -0.87058854 0.55457153,
  0.87531537 -0.87531537 0.57171266,1.0448402 -0.60323878 0.52769744,
  1.0662488 -0.61559906 0.55457153,1.072038 -0.61894144 0.57171266,
  1.1653678 -0.31225937 0.52769744,1.1892461 -0.31865752 0.55457153,
  1.195703 -0.32038766 0.57171266] }
 coordIndex [
  1,55,0,-1,25,23,24,-1,60,56,55,-1,60,57,56,-1,60,55,1,-1,61,57,60,-1,61,58,57,-1,62,58,61,-1,
  62,32,31,-1,62,59,58,-1,62,31,59,-1,63,1,2,-1,63,60,1,-1,64,61,60,-1,64,60,63,-1,65,33,32,-1,
  65,62,61,-1,65,32,62,-1,65,61,64,-1,66,2,3,-1,66,3,4,-1,66,63,2,-1,67,64,63,-1,67,63,66,-1,
  68,33,65,-1,68,65,64,-1,68,34,33,-1,68,64,67,-1,69,66,4,-1,70,67,66,-1,70,66,69,-1,71,34,68,-1,
  71,35,34,-1,71,68,67,-1,71,67,70,-1,72,4,5,-1,72,69,4,-1,73,70,69,-1,73,69,72,-1,73,71,70,-1,
  74,35,71,-1,74,36,35,-1,74,71,73,-1,75,5,6,-1,75,72,5,-1,76,72,75,-1,76,73,72,-1,77,37,36,-1,
  77,74,73,-1,77,73,76,-1,77,36,74,-1,78,6,7,-1,78,76,75,-1,78,75,6,-1,79,76,78,-1,80,38,37,-1,
  80,76,79,-1,80,77,76,-1,80,37,77,-1,81,78,7,-1,81,7,8,-1,82,78,81,-1,82,79,78,-1,83,38,80,-1,
  83,39,38,-1,83,40,39,-1,83,80,79,-1,83,79,82,-1,84,8,9,-1,84,81,8,-1,84,82,81,-1,85,83,82,-1,
  85,82,84,-1,86,40,83,-1,86,83,85,-1,87,9,10,-1,87,10,11,-1,87,84,9,-1,88,85,84,-1,88,84,87,-1,
  89,85,88,-1,89,41,40,-1,89,42,41,-1,89,40,86,-1,89,86,85,-1,90,11,12,-1,90,87,11,-1,91,87,90,-1,
  91,89,88,-1,91,88,87,-1,92,89,91,-1,92,42,89,-1,93,90,12,-1,94,91,90,-1,94,90,93,-1,95,92,91,-1,
  95,42,92,-1,95,91,94,-1,95,43,42,-1,96,12,13,-1,96,93,12,-1,97,94,93,-1,97,95,94,-1,97,93,96,-1,
  98,95,97,-1,98,43,95,-1,98,44,43,-1,98,45,44,-1,99,13,14,-1,99,96,13,-1,100,97,96,-1,100,96,99,-1,
  101,98,97,-1,101,45,98,-1,101,97,100,-1,102,14,15,-1,102,15,16,-1,102,99,14,-1,103,100,99,-1,103,99,102,-1,
  104,45,101,-1,104,101,100,-1,104,100,103,-1,104,46,45,-1,105,102,16,-1,106,102,105,-1,106,103,102,-1,106,104,103,-1,
  107,47,46,-1,107,46,104,-1,107,104,106,-1,108,16,17,-1,108,105,16,-1,109,105,108,-1,109,106,105,-1,110,48,47,-1,
  110,47,107,-1,110,107,106,-1,110,106,109,-1,111,17,18,-1,111,108,17,-1,111,109,108,-1,112,110,109,-1,112,109,111,-1,
  113,49,48,-1,113,50,49,-1,113,48,110,-1,113,110,112,-1,114,18,19,-1,114,111,18,-1,115,111,114,-1,115,112,111,-1,
  116,50,113,-1,116,113,112,-1,116,112,115,-1,117,19,20,-1,117,114,19,-1,117,115,114,-1,118,116,115,-1,118,115,117,-1,
  119,51,50,-1,119,50,116,-1,119,116,118,-1,120,20,21,-1,120,117,20,-1,121,117,120,-1,121,118,117,-1,122,52,51,-1,
  122,51,119,-1,122,119,118,-1,122,118,121,-1,123,21,22,-1,123,120,21,-1,124,120,123,-1,124,121,120,-1,125,52,122,-1,
  125,122,121,-1,125,121,124,-1,125,53,52,-1,125,54,53,-1,126,124,123,-1,126,22,23,-1,126,25,26,-1,126,26,27,-1,
  126,123,22,-1,126,23,25,-1,127,125,124,-1,127,126,27,-1,127,27,28,-1,127,124,126,-1,128,54,125,-1,128,125,127,-1,
  128,127,28,-1,128,28,29,-1,128,29,30,-1,128,30,54,-1]
  normalPerVertex TRUE
  normal DEF NORM_113 Normal { vector [
  0.20581843 0.027096511 -0.97821498,0.29537742 0.090028901 -0.95112932,
  0.27440882 0.17523258 -0.94551221,0.23001882 0.23001882 -0.94561233,
  0.16264787 0.28171437 -0.94561233,0.07012819 0.31794448 -0.94551221,
  -0.014551457 0.3252613 -0.94551221,-0.098239447 0.31041209 -0.94551221,
  -0.17523258 0.27440882 -0.94551221,-0.2402839 0.21970503 -0.94551221,
  -0.28171437 0.16264787 -0.94561233,-0.31041209 0.098239447 -0.94551221,
  -0.32529574 0 -0.94561233,-0.31041209 -0.098239447 -0.94551221,
  -0.27440882 -0.17523258 -0.94551221,-0.23001882 -0.23001882 -0.94561233,
  -0.16264787 -0.28171437 -0.94561233,-0.07012819 -0.31794448 -0.94551221,
  0.014551457 -0.3252613 -0.94551221,0.098239447 -0.31041209 -0.94551221,
  0.17523258 -0.27440882 -0.94551221,0.2402839 -0.21970503 -0.94551221,
  0.28896028 -0.15002872 -0.94551221,0.2922022 -0.07549048 -0.95337247,
  0.20581843 -0.027096511 -0.97821498,0.3249443 -0.046470788 -0.94459074,
  0.54595457 -0.071876283 -0.83472595,0.73229128 -0.099995146 -0.67361001,
  0.89241737 -0.11748897 -0.43564616,0.96163089 -0.12660111 -0.24338898,
  0.98396699 -0.12954171 -0.12258833,0.98396699 0.12954171 -0.12258833,
  0.94636376 0.29856341 -0.12351329,0.8368433 0.53332707 -0.12351329,
  0.67029335 0.73174537 -0.12351329,0.45806402 0.88029644 -0.12351329,
  0.21461838 0.96885676 -0.12351329,-0.043453141 0.99139109 -0.12351329,
  -0.29856341 0.94636376 -0.12351329,-0.49616419 0.85938158 -0.12363007,
  -0.70168212 0.70168212 -0.12363007,-0.85938158 0.49616419 -0.12363007,
  -0.95851561 0.25683348 -0.12363007,-0.99139109 -0.043453141 -0.12351329,
  -0.95851561 -0.25683348 -0.12363007,-0.85938158 -0.49616419 -0.12363007,
  -0.67029335 -0.73174537 -0.12351329,-0.45806402 -0.88029644 -0.12351329,
  -0.21461838 -0.96885676 -0.12351329,0 -0.99232838 -0.12363007,
  0.25683348 -0.95851561 -0.12363007,0.53332707 -0.8368433 -0.12351329,
  0.73174537 -0.67029335 -0.12351329,0.85938158 -0.49616419 -0.12363007,
  0.94636376 -0.29856341 -0.12351329,0.3249443 0.046470788 -0.94459074,
  0.54595457 0.071876283 -0.83472595,0.73229128 0.099995146 -0.67361001,
  0.89241737 0.11748897 -0.43564616,0.96163089 0.12660111 -0.24338898,
  0.5617336 0.15771874 -0.81214541,0.80264296 0.21929188 -0.55468491,
  0.94657893 0.20967862 -0.24499633,0.47058579 0.28307855 -0.8357126,
  0.70901842 0.40079045 -0.58022401,0.86005622 0.44752665 -0.24499633,
  0.35661535 0.37731674 -0.85466811,0.581127 0.57064132 -0.58022401,
  0.71492209 0.65487648 -0.24499633,0.2771947 0.52068552 -0.80749594,
  0.4186542 0.67689655 -0.60542524,0.49872964 0.8261052 -0.26233367,
  0.13258764 0.53292117 -0.8357126,0.23311763 0.79542511 -0.55942387,
  0.27777963 0.93487202 -0.22102666,0.0086209731 0.50534604 -0.86287372,
  -0.011508721 0.80109015 -0.59843305,0.042458663 0.96859386 -0.24499633,
  -0.144011 0.56108225 -0.81513652,-0.23329356 0.80118554 -0.55106791,
  -0.20967862 0.94657893 -0.24499633,-0.24520704 0.441953 -0.86287372,
  -0.39219647 0.67930422 -0.62026422,-0.48474327 0.83959998 -0.24514451,
  -0.40525831 0.41390598 -0.81513652,-0.60030501 0.60030501 -0.52845793,
  -0.68549139 0.68549139 -0.24536324,-0.45675882 0.24680722 -0.85466811,
  -0.67689655 0.4186542 -0.60542524,-0.83959998 0.48474327 -0.24514451,
  -0.53649738 0.11872402 -0.83550893,-0.79542511 0.23311763 -0.55942387,
  -0.93639865 0.25090726 -0.24536324,-0.58952424 -0.020285112 -0.80749594,
  -0.79553671 0.024116897 -0.60542524,-0.96479291 0.01885994 -0.26233367,
  -0.52781709 -0.15163632 -0.8357126,-0.80541717 -0.19582677 -0.55942387,
  -0.94543618 -0.25332886 -0.2048778,-0.47058579 -0.28307855 -0.8357126,
  -0.70901842 -0.40079045 -0.58022401,-0.84607068 -0.4600749 -0.26924988,
  -0.35661535 -0.37731674 -0.85466811,-0.57958263 -0.54547618 -0.60542524,
  -0.6955476 -0.66887561 -0.26233367,-0.2771947 -0.52068552 -0.80749594,
  -0.43104551 -0.70798638 -0.55942387,-0.5102772 -0.83112237 -0.22102666,
  -0.1391204 -0.48589552 -0.86287372,-0.20301583 -0.7576654 -0.62026422,
  -0.26792408 -0.92703707 -0.26233367,-0.0061148266 -0.57923662 -0.81513652,
  0 -0.84895949 -0.52845793,0 -0.97878756 -0.2048778,
  0.12246596 -0.49035807 -0.86287372,0.20301583 -0.7576654 -0.62026422,
  0.24806723 -0.92579951 -0.2852331,0.28432272 -0.50469104 -0.81513652,
  0.42447975 -0.73522049 -0.52845793,0.46463449 -0.8574742 -0.22102666,
  0.39522945 -0.38128485 -0.8357126,0.57064132 -0.581127 -0.58022401,
  0.65487648 -0.71492209 -0.24499633,0.43333202 -0.260139 -0.86287372,
  0.67930422 -0.39219647 -0.62026422,0.83959998 -0.48474327 -0.24514451,
  0.52771277 -0.1539388 -0.83535746,0.80264296 -0.21929188 -0.55468491,
  0.94657893 -0.20967862 -0.24499633] }
}
}
DEF SHAPE_114 Shape {
 appearance USE APP_2
 geometry DEF FACE_114 IndexedFaceSet {
  coord DEF COORD_114 Coordinate { point [
  1.0866142 0 0,1.0495887 0.28123644 0,
  0.94103548 0.54330709 0,0.76835225 0.76835225 0,
  0.54330709 0.94103548 0,0.28123644 1.0495887 0,
  0 1.0866142 0,-0.28123644 1.0495887 0,
  -0.54330709 0.94103548 0,-0.76835225 0.76835225 0,
  -0.94103548 0.54330709 0,-1.0495887 0.28123644 0,
  -1.0866142 0 0,-1.0495887 -0.28123644 0,
  -0.94103548 -0.54330709 0,-0.76835225 -0.76835225 0,
  -0.54330709 -0.94103548 0,-0.28123644 -1.0495887 0,
  0 -1.0866142 0,0.28123644 -1.0495887 0,
  0.54330709 -0.94103548 0,0.76835225 -0.76835225 0,
  0.94103548 -0.54330709 0,1.0495887 -0.28123644 0,
  1.0866142 0 0,1.1187118 0 0.0042257299,
  1.148622 0 0.016614959,1.1743065 0 0.036323372,
  1.194015 0 0.062007875,1.2064042 0 0.091918127,
  1.2106299 0 0.12401575,1.2106299 0 0.12401575,
  1.1693787 0.31333408 0.12401575,1.0484363 0.60531496 0.12401575,
  0.85604463 0.85604463 0.12401575,0.60531496 1.0484363 0.12401575,
  0.31333408 1.1693787 0.12401575,0 1.2106299 0.12401575,
  -0.31333408 1.1693787 0.12401575,-0.60531496 1.0484363 0.12401575,
  -0.85604463 0.85604463 0.12401575,-1.0484363 0.60531496 0.12401575,
  -1.1693787 0.31333408 0.12401575,-1.2106299 0 0.12401575,
  -1.1693787 -0.31333408 0.12401575,-1.0484363 -0.60531496 0.12401575,
  -0.85604463 -0.85604463 0.12401575,-0.60531496 -1.0484363 0.12401575,
  -0.31333408 -1.1693787 0.12401575,0 -1.2106299 0.12401575,
  0.31333408 -1.1693787 0.12401575,0.60531496 -1.0484363 0.12401575,
  0.85604463 -0.85604463 0.12401575,1.0484363 -0.60531496 0.12401575,
  1.1693787 -0.31333408 0.12401575,1.1187118 0 0.0042257299,
  1.148622 0 0.016614959,1.1743065 0 0.036323372,
  1.194015 0 0.062007875,1.2064042 0 0.091918127,
  1.0805926 0.28954392 0.0042257341,1.1094837 0.29728526 0.01661496,
  1.134293 0.3039329 0.036323372,1.1533299 0.30903381 0.062007874,
  1.165297 0.31224038 0.091918111,0.96883285 0.55935591 0.0042257341,
  0.99473587 0.57431102 0.01661496,1.0169793 0.58715327 0.036323372,
  1.0340473 0.59700748 0.062007874,1.0447767 0.60320209 0.091918111,
  0.79104871 0.79104871 0.0042257341,0.81219844 0.81219844 0.01661496,
  0.83036012 0.83036012 0.036323372,0.84429608 0.84429608 0.062007874,
  0.85305658 0.85305658 0.091918111,0.55935591 0.96883285 0.0042257341,
  0.57431102 0.99473587 0.01661496,0.58715327 1.0169793 0.036323372,
  0.59700748 1.0340473 0.062007874,0.60320209 1.0447767 0.091918111,
  0.28954392 1.0805926 0.0042257341,0.29728526 1.1094837 0.01661496,
  0.3039329 1.134293 0.036323372,0.30903381 1.1533299 0.062007874,
  0.31224038 1.165297 0.091918111,0 1.1187118 0.0042257341,
  0 1.148622 0.01661496,0 1.1743065 0.036323372,
  0 1.194015 0.062007874,0 1.2064042 0.091918111,
  -0.28954392 1.0805926 0.0042257341,-0.29728526 1.1094837 0.01661496,
  -0.3039329 1.134293 0.036323372,-0.30903381 1.1533299 0.062007874,
  -0.31224038 1.165297 0.091918111,-0.55935591 0.96883285 0.0042257341,
  -0.57431102 0.99473587 0.01661496,-0.58715327 1.0169793 0.036323372,
  -0.59700748 1.0340473 0.062007874,-0.60320209 1.0447767 0.091918111,
  -0.79104871 0.79104871 0.0042257341,-0.81219844 0.81219844 0.01661496,
  -0.83036012 0.83036012 0.036323372,-0.84429608 0.84429608 0.062007874,
  -0.85305658 0.85305658 0.091918111,-0.96883285 0.55935591 0.0042257341,
  -0.99473587 0.57431102 0.01661496,-1.0169793 0.58715327 0.036323372,
  -1.0340473 0.59700748 0.062007874,-1.0447767 0.60320209 0.091918111,
  -1.0805926 0.28954392 0.0042257341,-1.1094837 0.29728526 0.01661496,
  -1.134293 0.3039329 0.036323372,-1.1533299 0.30903381 0.062007874,
  -1.165297 0.31224038 0.091918111,-1.1187118 0 0.0042257341,
  -1.148622 0 0.01661496,-1.1743065 0 0.036323372,
  -1.194015 0 0.062007874,-1.2064042 0 0.091918111,
  -1.0805926 -0.28954392 0.0042257341,-1.1094837 -0.29728526 0.01661496,
  -1.134293 -0.3039329 0.036323372,-1.1533299 -0.30903381 0.062007874,
  -1.165297 -0.31224038 0.091918111,-0.96883285 -0.55935591 0.0042257341,
  -0.99473587 -0.57431102 0.01661496,-1.0169793 -0.58715327 0.036323372,
  -1.0340473 -0.59700748 0.062007874,-1.0447767 -0.60320209 0.091918111,
  -0.79104871 -0.79104871 0.0042257341,-0.81219844 -0.81219844 0.01661496,
  -0.83036012 -0.83036012 0.036323372,-0.84429608 -0.84429608 0.062007874,
  -0.85305658 -0.85305658 0.091918111,-0.55935591 -0.96883285 0.0042257341,
  -0.57431102 -0.99473587 0.01661496,-0.58715327 -1.0169793 0.036323372,
  -0.59700748 -1.0340473 0.062007874,-0.60320209 -1.0447767 0.091918111,
  -0.28954392 -1.0805926 0.0042257341,-0.29728526 -1.1094837 0.01661496,
  -0.3039329 -1.134293 0.036323372,-0.30903381 -1.1533299 0.062007874,
  -0.31224038 -1.165297 0.091918111,0 -1.1187118 0.0042257341,
  0 -1.148622 0.01661496,0 -1.1743065 0.036323372,
  0 -1.194015 0.062007874,0 -1.2064042 0.091918111,
  0.28954392 -1.0805926 0.0042257341,0.29728526 -1.1094837 0.01661496,
  0.3039329 -1.134293 0.036323372,0.30903381 -1.1533299 0.062007874,
  0.31224038 -1.165297 0.091918111,0.55935591 -0.96883285 0.0042257341,
  0.57431102 -0.99473587 0.01661496,0.58715327 -1.0169793 0.036323372,
  0.59700748 -1.0340473 0.062007874,0.60320209 -1.0447767 0.091918111,
  0.79104871 -0.79104871 0.0042257341,0.81219844 -0.81219844 0.01661496,
  0.83036012 -0.83036012 0.036323372,0.84429608 -0.84429608 0.062007874,
  0.85305658 -0.85305658 0.091918111,0.96883285 -0.55935591 0.0042257341,
  0.99473587 -0.57431102 0.01661496,1.0169793 -0.58715327 0.036323372,
  1.0340473 -0.59700748 0.062007874,1.0447767 -0.60320209 0.091918111,
  1.0805926 -0.28954392 0.0042257341,1.1094837 -0.29728526 0.01661496,
  1.134293 -0.3039329 0.036323372,1.1533299 -0.30903381 0.062007874,
  1.165297 -0.31224038 0.091918111] }
 coordIndex [
  60,0,1,-1,60,55,0,-1,61,56,55,-1,61,55,60,-1,62,56,61,-1,62,57,56,-1,63,58,57,-1,63,57,62,-1,
  64,32,31,-1,64,59,58,-1,64,31,59,-1,64,58,63,-1,65,1,2,-1,65,60,1,-1,66,60,65,-1,66,61,60,-1,
  67,62,61,-1,67,61,66,-1,68,62,67,-1,68,63,62,-1,69,64,63,-1,69,33,32,-1,69,63,68,-1,69,32,64,-1,
  70,2,3,-1,70,3,4,-1,70,65,2,-1,71,65,70,-1,71,66,65,-1,72,67,66,-1,72,66,71,-1,73,67,72,-1,
  73,68,67,-1,74,69,68,-1,74,34,33,-1,74,35,34,-1,74,68,73,-1,74,33,69,-1,75,70,4,-1,76,70,75,-1,
  76,71,70,-1,77,72,71,-1,77,71,76,-1,78,72,77,-1,78,74,73,-1,78,73,72,-1,79,35,74,-1,79,74,78,-1,
  80,4,5,-1,80,5,6,-1,80,75,4,-1,81,76,75,-1,81,75,80,-1,82,77,76,-1,82,76,81,-1,83,78,77,-1,
  83,77,82,-1,84,35,79,-1,84,36,35,-1,84,79,78,-1,84,78,83,-1,85,6,7,-1,85,80,6,-1,86,81,80,-1,
  86,80,85,-1,87,81,86,-1,87,82,81,-1,88,83,82,-1,88,84,83,-1,88,82,87,-1,89,84,88,-1,89,37,36,-1,
  89,36,84,-1,90,85,7,-1,91,85,90,-1,91,86,85,-1,92,86,91,-1,92,87,86,-1,93,88,87,-1,93,87,92,-1,
  94,37,89,-1,94,38,37,-1,94,39,38,-1,94,89,88,-1,94,88,93,-1,95,90,7,-1,95,7,8,-1,96,90,95,-1,
  96,91,90,-1,97,93,92,-1,97,92,91,-1,97,91,96,-1,98,93,97,-1,99,94,93,-1,99,93,98,-1,99,39,94,-1,
  100,95,8,-1,100,8,9,-1,101,96,95,-1,101,95,100,-1,101,97,96,-1,102,97,101,-1,103,98,97,-1,103,97,102,-1,
  104,99,98,-1,104,39,99,-1,104,40,39,-1,104,98,103,-1,105,9,10,-1,105,100,9,-1,106,101,100,-1,106,102,101,-1,
  106,100,105,-1,107,102,106,-1,108,103,102,-1,108,102,107,-1,108,104,103,-1,109,41,40,-1,109,40,104,-1,109,104,108,-1,
  110,10,11,-1,110,105,10,-1,111,106,105,-1,111,105,110,-1,112,106,111,-1,112,107,106,-1,113,108,107,-1,113,107,112,-1,
  114,42,41,-1,114,41,109,-1,114,109,108,-1,114,108,113,-1,115,11,12,-1,115,110,11,-1,116,110,115,-1,116,111,110,-1,
  117,112,111,-1,117,111,116,-1,118,113,112,-1,118,112,117,-1,119,43,42,-1,119,42,114,-1,119,114,113,-1,119,113,118,-1,
  120,12,13,-1,120,115,12,-1,120,116,115,-1,121,116,120,-1,122,116,121,-1,122,117,116,-1,122,118,117,-1,123,118,122,-1,
  124,118,123,-1,124,44,43,-1,124,43,119,-1,124,119,118,-1,125,13,14,-1,125,120,13,-1,126,121,120,-1,126,120,125,-1,
  126,122,121,-1,127,122,126,-1,128,122,127,-1,128,123,122,-1,129,124,123,-1,129,44,124,-1,129,123,128,-1,129,45,44,-1,
  130,14,15,-1,130,125,14,-1,130,126,125,-1,131,126,130,-1,132,126,131,-1,132,127,126,-1,133,128,127,-1,133,127,132,-1,
  134,129,128,-1,134,45,129,-1,134,128,133,-1,134,46,45,-1,135,15,16,-1,135,130,15,-1,135,16,17,-1,136,131,130,-1,
  136,130,135,-1,137,132,131,-1,137,133,132,-1,137,131,136,-1,138,133,137,-1,139,133,138,-1,139,134,133,-1,139,46,134,-1,
  139,47,46,-1,139,48,47,-1,140,135,17,-1,141,136,135,-1,141,135,140,-1,142,137,136,-1,142,138,137,-1,142,136,141,-1,
  143,139,138,-1,143,138,142,-1,144,48,139,-1,144,139,143,-1,145,17,18,-1,145,140,17,-1,146,141,140,-1,146,142,141,-1,
  146,140,145,-1,147,142,146,-1,148,143,142,-1,148,144,143,-1,148,142,147,-1,149,49,48,-1,149,48,144,-1,149,144,148,-1,
  150,18,19,-1,150,145,18,-1,151,145,150,-1,151,146,145,-1,152,147,146,-1,152,146,151,-1,153,148,147,-1,153,147,152,-1,
  154,50,49,-1,154,49,149,-1,154,149,148,-1,154,148,153,-1,155,19,20,-1,155,150,19,-1,156,150,155,-1,156,151,150,-1,
  157,151,156,-1,157,152,151,-1,158,152,157,-1,158,153,152,-1,158,154,153,-1,159,154,158,-1,159,51,50,-1,159,52,51,-1,
  159,50,154,-1,160,20,21,-1,160,155,20,-1,161,155,160,-1,161,156,155,-1,162,157,156,-1,162,158,157,-1,162,156,161,-1,
  163,159,158,-1,163,158,162,-1,164,159,163,-1,164,52,159,-1,165,21,22,-1,165,160,21,-1,166,162,161,-1,166,160,165,-1,
  166,161,160,-1,167,163,162,-1,167,162,166,-1,168,163,167,-1,169,163,168,-1,169,164,163,-1,169,52,164,-1,169,53,52,-1,
  170,165,22,-1,170,22,23,-1,170,23,24,-1,170,24,25,-1,171,25,26,-1,171,166,165,-1,171,165,170,-1,171,170,25,-1,
  172,26,27,-1,172,27,28,-1,172,167,166,-1,172,171,26,-1,172,166,171,-1,173,168,167,-1,173,167,172,-1,173,172,28,-1,
  174,28,29,-1,174,29,30,-1,174,168,173,-1,174,53,169,-1,174,173,28,-1,174,54,53,-1,174,30,54,-1,174,169,168,-1]
  normalPerVertex TRUE
  normal DEF NORM_114 Normal { vector [
  0.13050689 0.017181562 -0.99129851,0.12456506 0.039422742 -0.99142796,
  0.11011725 0.070319255 -0.99142796,0.092295956 0.092295956 -0.99144486,
  0.065263096 0.113039 -0.99144486,0.033782664 0.12607862 -0.99144486,
  0.0058396344 0.13052397 -0.99142796,-0.033782664 0.12607862 -0.99144486,
  -0.070319255 0.11011725 -0.99142796,-0.096423627 0.088165137 -0.99142796,
  -0.11595689 0.060204712 -0.99142796,-0.12758788 0.028141435 -0.99142796,
  -0.13052397 -0.0058396344 -0.99142796,-0.12456506 -0.039422742 -0.99142796,
  -0.11011725 -0.070319255 -0.99142796,-0.088165137 -0.096423627 -0.99142796,
  -0.065263096 -0.113039 -0.99144486,-0.033782664 -0.12607862 -0.99144486,
  0.0058396344 -0.13052397 -0.99142796,0.039422742 -0.12456506 -0.99142796,
  0.070319255 -0.11011725 -0.99142796,0.096423627 -0.088165137 -0.99142796,
  0.11595689 -0.060204712 -0.99142796,0.12607862 -0.033782664 -0.99144486,
  0.13050689 -0.017181562 -0.99129851,0.30141849 -0.039682497 -0.95266583,
  0.53668916 -0.070656468 -0.84081651,0.70406259 -0.092691599 -0.70406259,
  0.86088508 -0.11333767 -0.49601557,0.95820914 -0.12615063 -0.25675136,
  0.98310561 -0.12942831 -0.12942828,0.98310561 0.12942831 -0.12942828,
  0.94553717 0.29825226 -0.1304034,0.83612541 0.53281259 -0.1304034,
  0.70105738 0.70105738 -0.13052619,0.49572243 0.85861644 -0.13052619,
  0.21447455 0.96798534 -0.1304034,-0.043366531 0.99051214 -0.1304034,
  -0.25660481 0.9576622 -0.13052619,-0.49572243 0.85861644 -0.13052619,
  -0.73106262 0.66973308 -0.1304034,-0.87949194 0.45769955 -0.1304034,
  -0.96798534 0.21447455 -0.1304034,-0.99051214 -0.043366531 -0.1304034,
  -0.94553717 -0.29825226 -0.1304034,-0.83612541 -0.53281259 -0.1304034,
  -0.66973308 -0.73106262 -0.1304034,-0.49572243 -0.85861644 -0.13052619,
  -0.25660481 -0.9576622 -0.13052619,0.043366531 -0.99051214 -0.1304034,
  0.29825226 -0.94553717 -0.1304034,0.49572243 -0.85861644 -0.13052619,
  0.70105738 -0.70105738 -0.13052619,0.87949194 -0.45769955 -0.1304034,
  0.9576622 -0.25660481 -0.13052619,0.30141849 0.039682497 -0.95266583,
  0.53668916 0.070656468 -0.84081651,0.73430142 0.096672616 -0.67190463,
  0.88126127 0.11602024 -0.45816796,0.95820914 0.12615063 -0.25675136,
  0.24960567 0.07298121 -0.96559347,0.48241328 0.13498581 -0.86548036,
  0.68237388 0.18768512 -0.70649854,0.83591803 0.22749744 -0.49948569,
  0.94319364 0.20897137 -0.25829579,0.22221163 0.13509713 -0.96559347,
  0.43103857 0.25524404 -0.86548035,0.61054607 0.35790126 -0.70649854,
  0.74855415 0.43609716 -0.49948569,0.85696933 0.44596732 -0.25829579,
  0.16587271 0.17645804 -0.97023132,0.35028926 0.3581078 -0.86548035,
  0.49711055 0.50372702 -0.70649854,0.61754583 0.58815989 -0.52221174,
  0.68309573 0.68309573 -0.25838043,0.1333525 0.25172353 -0.95856788,
  0.24566833 0.4365671 -0.86548035,0.34979778 0.61522462 -0.70649854,
  0.45056246 0.7508212 -0.48297101,0.48296291 0.8365163 -0.25881905,
  0.055420958 0.2357535 -0.97023132,0.1243055 0.48527508 -0.86548035,
  0.17864686 0.68479568 -0.70649854,0.24073043 0.81813432 -0.52221174,
  0.26694924 0.92319452 -0.27649592,-0.011504594 0.25997679 -0.96554633,
  -0.0055285379 0.50091237 -0.86548035,-0.0046785503 0.70769904 -0.70649854,
  0.014787933 0.87551146 -0.48297101,0.026385842 0.97208226 -0.23315202,
  -0.083700955 0.27228987 -0.95856788,-0.13498582 0.4824133 -0.86548035,
  -0.16286159 0.66914735 -0.72506408,-0.23889121 0.82293708 -0.51546634,
  -0.2344414 0.9419752 -0.24024977,-0.13509713 0.22221163 -0.96559347,
  -0.23013221 0.41849381 -0.87857959,-0.35400349 0.61315203 -0.70620544,
  -0.46077149 0.74863344 -0.47669446,-0.45821777 0.84229373 -0.2838622,
  -0.18800641 0.17967424 -0.96559347,-0.33853974 0.36969621 -0.86528351,
  -0.52213322 0.47823298 -0.70616579,-0.58815989 0.61754583 -0.52221174,
  -0.66603529 0.69278208 -0.27649592,-0.22810337 0.12489235 -0.96559347,
  -0.4444498 0.26474382 -0.85578916,-0.63901503 0.3442952 -0.68783763,
  -0.7508212 0.45056246 -0.48297101,-0.82865501 0.50889194 -0.23315202,
  -0.25265545 0.061599254 -0.96559347,-0.48527508 0.1243055 -0.86548035,
  -0.68479568 0.17864686 -0.70649854,-0.83767497 0.22094045 -0.49948569,
  -0.92131534 0.29062231 -0.25829579,-0.23389418 0.0033853106 -0.97225617,
  -0.4847523 -0.011853998 -0.87457115,-0.68849839 0.015875861 -0.72506408,
  -0.85672577 -0.017759402 -0.51546634,-0.96514087 0.042265634 -0.25829579,
  -0.26948651 -0.069728142 -0.96047645,-0.48296291 -0.12940952 -0.8660254,
  -0.68388222 -0.18324569 -0.70620544,-0.84238081 -0.25131049 -0.47669446,
  -0.94319364 -0.20897137 -0.25829579,-0.20425095 -0.11401532 -0.97225617,
  -0.43420803 -0.25069012 -0.86522705,-0.6176759 -0.38125565 -0.68783763,
  -0.74855415 -0.43609716 -0.49948569,-0.85696933 -0.44596732 -0.25829579,
  -0.19851809 -0.1951296 -0.96047645,-0.35815195 -0.38141167 -0.85220439,
  -0.49806781 -0.47561595 -0.72506408,-0.59323881 -0.6183544 -0.51546634,
  -0.71234397 -0.65257134 -0.25829579,-0.11455003 -0.21337639 -0.97023132,
  -0.24566833 -0.4365671 -0.86548035,-0.38056616 -0.59707561 -0.70616579,
  -0.4082862 -0.74873045 -0.52221174,-0.48302162 -0.83661799 -0.25838043,
  -0.063657783 -0.27766042 -0.95856788,-0.13319177 -0.45864785 -0.87857959,
  -0.18324569 -0.68388222 -0.70620544,-0.25131049 -0.84238081 -0.47669446,
  -0.22460272 -0.93218875 -0.2838622,0.0058917322 -0.25998949 -0.96559347,
  -0.0070499709 -0.51727673 -0.85578916,0.02133913 -0.72555085 -0.68783763,
  -0.014787933 -0.87551146 -0.48297101,-0.026385842 -0.97208226 -0.23315202,
  0.072981207 -0.24960567 -0.96559347,0.13498582 -0.4824133 -0.86548035,
  0.18768512 -0.68237388 -0.70649854,0.20058849 -0.82889032 -0.52221174,
  0.23041244 -0.93298452 -0.27649592,0.13509713 -0.22221163 -0.96559347,
  0.25524404 -0.43103857 -0.86548035,0.3305003 -0.60419503 -0.72506408,
  0.41298279 -0.75082599 -0.51546634,0.50030195 -0.83185216 -0.24024977,
  0.18800641 -0.17967424 -0.96559347,0.33060481 -0.34467138 -0.87857959,
  0.4801369 -0.50185535 -0.71945102,0.62953674 -0.60862345 -0.48297101,
  0.6830127 -0.6830127 -0.25881905,0.22810337 -0.12489235 -0.96559347,
  0.4444498 -0.26474382 -0.85578916,0.63891622 -0.36887845 -0.67506648,
  0.77335654 -0.41794983 -0.47669446,0.8147037 -0.51917355 -0.25829579,
  0.20965219 -0.056176137 -0.97616095,0.44648114 -0.11963426 -0.8867594,
  0.67468793 -0.16488308 -0.71945102,0.81813432 -0.24073043 -0.52221174,
  0.93312612 -0.25003039 -0.25838043] }
}
}
DEF SHAPE_115 Shape {
 appearance USE APP_2
 geometry DEF FACE_115 IndexedFaceSet {
  coord DEF COORD_115 Coordinate { point [
  -1.2401575 0 1.7854331,-1.1979001 0.32097637 1.7854331,
  -1.0740079 0.62007874 1.7854331,-0.87692376 0.87692376 1.7854331,
  -0.62007874 1.0740079 1.7854331,-0.32097637 1.1979001 1.7854331,
  0 1.2401575 1.7854331,0.32097637 1.1979001 1.7854331,
  0.62007874 1.0740079 1.7854331,0.87692376 0.87692376 1.7854331,
  1.0740079 0.62007874 1.7854331,1.1979001 0.32097637 1.7854331,
  1.2401575 0 1.7854331,-1.1161417 0 1.9094488,
  -1.1482394 0 1.9052231,-1.1781496 0 1.8928339,
  -1.2038341 0 1.8731254,-1.2235425 0 1.8474409,
  -1.2359318 0 1.8175307,-1.0862756 0.25647168 1.9094488,
  -0.99827547 0.49921783 1.9094488,-0.85685089 0.71524745 1.9094488,
  -0.66957041 0.89299934 1.9094488,-0.44645669 1.0229608 1.9094488,
  -0.18192795 1.1012151 1.9094488,0.093714029 1.1122005 1.9094488,
  0.3636314 1.0552462 1.9094488,0.611336 0.93383117 1.9094488,
  0.82169657 0.75537217 1.9094488,0.98186302 0.53077054 1.9094488,
  1.0820514 0.2737463 1.9094488,1.1161417 0 1.9094488,
  1.0820514 -0.2737463 1.9094488,0.98186302 -0.53077054 1.9094488,
  0.82169657 -0.75537217 1.9094488,0.611336 -0.93383117 1.9094488,
  0.3636314 -1.0552462 1.9094488,0.093714029 -1.1122005 1.9094488,
  -0.18192795 -1.1012151 1.9094488,-0.44645669 -1.0229608 1.9094488,
  -0.66957041 -0.89299934 1.9094488,-0.85685089 -0.71524745 1.9094488,
  -0.99827547 -0.49921783 1.9094488,-1.0862756 -0.25647168 1.9094488,
  -1.1161417 0 1.9094488,-1.1482394 0 1.9052231,
  -1.1781496 0 1.8928339,-1.2038341 0 1.8731254,
  -1.2235425 0 1.8474409,-1.2359318 0 1.8175307,
  -1.2401575 0 1.7854331,1.1979001 -0.32097637 1.7854331,
  1.0740079 -0.62007874 1.7854331,0.87692376 -0.87692376 1.7854331,
  0.62007874 -1.0740079 1.7854331,0.32097637 -1.1979001 1.7854331,
  0 -1.2401575 1.7854331,-0.32097637 -1.1979001 1.7854331,
  -0.62007874 -1.0740079 1.7854331,-0.87692376 -0.87692376 1.7854331,
  -1.0740079 -0.62007874 1.7854331,-1.1979001 -0.32097637 1.7854331,
  -1.1175143 0.26384721 1.9052231,-1.1466242 0.27072011 1.8928339,
  -1.1716215 0.276622 1.8731254,-1.1908025 0.28115068 1.8474409,
  -1.2028602 0.28399753 1.8175307,-1.0269836 0.51357417 1.9052231,
  -1.0537352 0.52695215 1.8928339,-1.0767074 0.53844009 1.8731254,
  -1.0943346 0.54725509 1.8474409,-1.1054155 0.55279643 1.8175307,
  -0.88149193 0.7358163 1.9052231,-0.90445372 0.75498342 1.8928339,
  -0.92417145 0.7714426 1.8731254,-0.9393014 0.78407217 1.8474409,
  -0.81192784 0.81192784 1.9052231,-0.94881249 0.79201145 1.8175307,
  -0.83307758 0.83307758 1.8928339,-0.85123926 0.85123926 1.8731254,
  -0.86517521 0.86517521 1.8474409,-0.87393572 0.87393572 1.8175307,
  -0.6888257 0.91867993 1.9052231,-0.70676877 0.94261042 1.8928339,
  -0.72217683 0.96316 1.8731254,-0.73399986 0.97892825 1.8474409,
  -0.74143212 0.98884058 1.8175307,-0.57411968 0.99440446 1.9052231,
  -0.5890748 1.0203075 1.8928339,-0.60191705 1.0425509 1.8731254,
  -0.61177126 1.0596189 1.8474409,-0.61796587 1.0703483 1.8175307,
  -0.45929575 1.0523788 1.9052231,-0.47125984 1.079792 1.8928339,
  -0.48153364 1.1033322 1.8731254,-0.48941701 1.1213952 1.8474409,
  -0.4943727 1.1327502 1.8175307,-0.29718622 1.1091141 1.9052231,
  -0.30492756 1.1380051 1.8928339,-0.31157519 1.1628145 1.8731254,
  -0.31667611 1.1818513 1.8474409,-0.18715978 1.1328834 1.9052231,
  -0.31988267 1.1938184 1.8175307,-0.19203506 1.1623937 1.8928339,
  -0.19622156 1.1877347 1.8731254,-0.19943398 1.2071795 1.8474409,
  -0.20145339 1.2194031 1.8175307,0 1.1482394 1.9052231,
  0 1.1781496 1.8928339,0 1.2038341 1.8731254,
  0 1.2235425 1.8474409,0.096409026 1.1441848 1.9052231,
  0 1.2359317 1.8175307,0.098920364 1.1739895 1.8928339,
  0.1010769 1.1995833 1.8731254,0.10273167 1.2192221 1.8474409,
  0.1037719 1.2315676 1.8175307,0.29718622 1.1091141 1.9052231,
  0.30492756 1.1380051 1.8928339,0.31157519 1.1628145 1.8731254,
  0.31667611 1.1818513 1.8474409,0.31988267 1.1938184 1.8175307,
  0.5890748 1.0203075 1.8928339,0.60191705 1.0425509 1.8731254,
  0.61177126 1.0596189 1.8474409,0.61796587 1.0703483 1.8175307,
  0.83307758 0.83307758 1.8928339,0.85123926 0.85123926 1.8731254,
  0.86517521 0.86517521 1.8474409,0.87393572 0.87393572 1.8175307,
  0.99440446 0.57411968 1.9052231,1.0203075 0.5890748 1.8928339,
  1.0425509 0.60191705 1.8731254,1.0596189 0.61177126 1.8474409,
  1.0703483 0.61796587 1.8175307,1.1091141 0.29718622 1.9052231,
  1.1380051 0.30492756 1.8928339,1.1628145 0.31157519 1.8731254,
  1.1818513 0.31667611 1.8474409,1.1938184 0.31988267 1.8175307,
  1.1482394 0 1.9052231,1.1781496 0 1.8928339,
  1.2038341 0 1.8731254,1.2235425 0 1.8474409,
  1.2359317 0 1.8175307,1.1131687 -0.2816186 1.9052231,
  1.1421654 -0.28895443 1.8928339,1.1670654 -0.29525384 1.8731254,
  1.1861719 -0.30008755 1.8474409,1.1981827 -0.30312614 1.8175307,
  1.0100991 -0.54603427 1.9052231,1.036411 -0.5602578 1.8928339,
  1.0590055 -0.57247182 1.8731254,1.0763428 -0.58184396 1.8474409,
  1.0872416 -0.58773554 1.8175307,0.84532665 -0.77709491 1.9052231,
  0.86734638 -0.79733729 1.8928339,0.88625515 -0.81471981 1.8731254,
  0.90076436 -0.82805789 1.8474409,0.90988523 -0.83644256 1.8175307,
  0.6289166 -0.96068598 1.9052231,0.64529912 -0.98571068 1.8928339,
  0.6593671 -1.0071999 1.8731254,0.67016184 -1.0236891 1.8474409,
  0.6769477 -1.0340547 1.8175307,0.37408859 -1.0855926 1.9052231,
  0.38383315 -1.113871 1.8928339,0.39220098 -1.1381542 1.8731254,
  0.39862185 -1.1567873 1.8474409,0.40265817 -1.1685006 1.8175307,
  0.096409026 -1.1441848 1.9052231,0.098920364 -1.1739895 1.8928339,
  0.1010769 -1.1995833 1.8731254,0.10273167 -1.2192221 1.8474409,
  0 -1.1482394 1.9052231,0.1037719 -1.2315676 1.8175307,
  0 -1.1781496 1.8928339,0 -1.2038341 1.8731254,
  0 -1.2235425 1.8474409,0 -1.2359317 1.8175307,
  -0.18715978 -1.1328834 1.9052231,-0.19203506 -1.1623937 1.8928339,
  -0.19622156 -1.1877347 1.8731254,-0.19943398 -1.2071795 1.8474409,
  -0.29718622 -1.1091141 1.9052231,-0.20145339 -1.2194031 1.8175307,
  -0.30492756 -1.1380051 1.8928339,-0.31157519 -1.1628145 1.8731254,
  -0.31667611 -1.1818513 1.8474409,-0.31988267 -1.1938184 1.8175307,
  -0.45929575 -1.0523788 1.9052231,-0.47125984 -1.079792 1.8928339,
  -0.48153364 -1.1033322 1.8731254,-0.48941701 -1.1213952 1.8474409,
  -0.4943727 -1.1327502 1.8175307,-0.57411968 -0.99440446 1.9052231,
  -0.5890748 -1.0203075 1.8928339,-0.60191705 -1.0425509 1.8731254,
  -0.61177126 -1.0596189 1.8474409,-0.61796587 -1.0703483 1.8175307,
  -0.6888257 -0.91867993 1.9052231,-0.70676877 -0.94261042 1.8928339,
  -0.72217683 -0.96316 1.8731254,-0.73399986 -0.97892825 1.8474409,
  -0.74143212 -0.98884058 1.8175307,-0.81192784 -0.81192784 1.9052231,
  -0.83307758 -0.83307758 1.8928339,-0.85123926 -0.85123926 1.8731254,
  -0.86517521 -0.86517521 1.8474409,-0.88149193 -0.7358163 1.9052231,
  -0.87393572 -0.87393572 1.8175307,-0.90445372 -0.75498342 1.8928339,
  -0.92417145 -0.7714426 1.8731254,-0.9393014 -0.78407217 1.8474409,
  -0.94881249 -0.79201145 1.8175307,-0.99440446 -0.57411968 1.9052231,
  -1.0203075 -0.5890748 1.8928339,-1.0425509 -0.60191705 1.8731254,
  -1.0596189 -0.61177126 1.8474409,-1.0703483 -0.61796587 1.8175307,
  -1.1091141 -0.29718622 1.9052231,-1.1380051 -0.30492756 1.8928339,
  -1.1628145 -0.31157519 1.8731254,-1.1818513 -0.31667611 1.8474409,
  -1.1938184 -0.31988267 1.8175307] }
 coordIndex [
  45,43,44,-1,46,43,45,-1,47,43,46,-1,62,14,13,-1,62,13,19,-1,63,15,14,-1,63,14,62,-1,64,16,15,-1,
  64,15,63,-1,65,17,16,-1,65,64,1,-1,65,16,64,-1,66,1,0,-1,66,17,65,-1,66,18,17,-1,66,0,18,-1,
  66,65,1,-1,67,62,19,-1,67,19,20,-1,68,63,62,-1,68,62,67,-1,69,1,64,-1,69,68,2,-1,69,63,68,-1,
  69,64,63,-1,70,69,2,-1,70,1,69,-1,71,2,1,-1,71,70,2,-1,71,1,70,-1,72,20,21,-1,72,67,20,-1,
  73,68,67,-1,73,2,68,-1,73,67,72,-1,74,2,73,-1,75,2,74,-1,76,21,22,-1,76,72,21,-1,77,3,2,-1,
  77,2,75,-1,78,73,72,-1,78,72,76,-1,79,73,78,-1,79,74,73,-1,80,74,79,-1,80,75,74,-1,81,77,75,-1,
  81,3,77,-1,81,75,80,-1,82,76,22,-1,83,76,82,-1,83,78,76,-1,84,79,78,-1,84,78,83,-1,85,80,79,-1,
  85,79,84,-1,86,4,3,-1,86,3,81,-1,86,81,80,-1,86,80,85,-1,87,22,23,-1,87,82,22,-1,88,82,87,-1,
  88,83,82,-1,89,84,83,-1,89,83,88,-1,90,84,89,-1,90,85,84,-1,91,85,90,-1,91,4,86,-1,91,86,85,-1,
  92,87,23,-1,92,88,87,-1,93,88,92,-1,94,88,93,-1,94,89,88,-1,95,90,89,-1,95,89,94,-1,96,5,4,-1,
  96,91,90,-1,96,90,95,-1,96,4,91,-1,97,92,23,-1,97,23,24,-1,98,93,92,-1,98,92,97,-1,99,94,93,-1,
  99,93,98,-1,100,96,95,-1,100,94,99,-1,100,95,94,-1,101,98,97,-1,101,97,24,-1,102,5,96,-1,102,96,100,-1,
  103,98,101,-1,104,99,98,-1,104,98,103,-1,105,100,99,-1,105,99,104,-1,106,6,5,-1,106,5,102,-1,106,102,100,-1,
  106,100,105,-1,107,24,25,-1,107,101,24,-1,108,101,107,-1,108,103,101,-1,109,104,103,-1,109,105,104,-1,109,103,108,-1,
  110,106,105,-1,110,105,109,-1,111,108,107,-1,111,107,25,-1,112,6,106,-1,112,106,110,-1,113,108,111,-1,114,108,113,-1,
  114,109,108,-1,115,110,109,-1,115,109,114,-1,116,7,6,-1,116,6,112,-1,116,112,110,-1,116,110,115,-1,117,25,26,-1,
  117,111,25,-1,118,111,117,-1,118,117,26,-1,118,113,111,-1,119,114,113,-1,119,115,114,-1,119,118,26,-1,119,113,118,-1,
  120,116,115,-1,120,119,26,-1,120,115,119,-1,121,8,7,-1,121,7,116,-1,121,116,120,-1,122,26,27,-1,123,26,122,-1,
  123,122,27,-1,124,123,27,-1,124,120,26,-1,124,121,120,-1,124,26,123,-1,125,121,124,-1,125,8,121,-1,126,27,28,-1,
  127,27,126,-1,127,126,28,-1,128,124,27,-1,128,27,127,-1,128,127,28,-1,129,125,124,-1,129,9,8,-1,129,8,125,-1,
  129,124,128,-1,130,28,29,-1,131,28,130,-1,131,130,29,-1,132,131,29,-1,132,28,131,-1,133,128,28,-1,133,28,132,-1,
  134,9,129,-1,134,10,9,-1,134,128,133,-1,134,129,128,-1,135,29,30,-1,136,29,135,-1,136,135,30,-1,137,132,29,-1,
  137,29,136,-1,138,132,137,-1,138,133,132,-1,138,134,133,-1,139,11,10,-1,139,10,134,-1,139,134,138,-1,140,30,31,-1,
  141,30,140,-1,141,136,30,-1,142,137,136,-1,142,136,141,-1,143,138,137,-1,143,137,142,-1,144,12,11,-1,144,11,139,-1,
  144,139,138,-1,144,138,143,-1,145,140,31,-1,145,31,32,-1,145,141,140,-1,146,141,145,-1,147,142,141,-1,147,141,146,-1,
  148,142,147,-1,148,143,142,-1,148,144,143,-1,149,51,12,-1,149,12,144,-1,149,144,148,-1,149,148,51,-1,150,145,32,-1,
  150,32,33,-1,151,145,150,-1,151,146,145,-1,151,147,146,-1,152,147,151,-1,153,51,148,-1,153,148,147,-1,153,152,52,-1,
  153,147,152,-1,154,52,51,-1,154,153,52,-1,154,51,153,-1,155,33,34,-1,155,34,35,-1,155,150,33,-1,156,151,150,-1,
  156,150,155,-1,157,151,156,-1,157,52,152,-1,157,152,151,-1,158,52,157,-1,158,157,53,-1,159,52,158,-1,159,158,53,-1,
  159,53,52,-1,160,155,35,-1,161,156,155,-1,161,155,160,-1,162,157,156,-1,162,156,161,-1,162,161,54,-1,162,53,157,-1,
  163,162,54,-1,163,53,162,-1,164,163,54,-1,164,53,163,-1,164,54,53,-1,165,35,36,-1,165,160,35,-1,166,54,161,-1,
  166,160,165,-1,166,161,160,-1,167,54,166,-1,167,166,55,-1,168,54,167,-1,168,167,55,-1,169,54,168,-1,169,168,55,-1,
  169,55,54,-1,170,36,37,-1,170,165,36,-1,171,166,165,-1,171,165,170,-1,171,55,166,-1,172,55,171,-1,173,55,172,-1,
  174,37,38,-1,174,170,37,-1,175,55,173,-1,175,56,55,-1,176,170,174,-1,176,171,170,-1,177,172,171,-1,177,171,176,-1,
  178,173,172,-1,178,175,173,-1,178,172,177,-1,179,56,175,-1,179,175,178,-1,180,174,38,-1,181,174,180,-1,181,176,174,-1,
  182,178,177,-1,182,176,181,-1,182,177,176,-1,183,179,178,-1,183,178,182,-1,184,38,39,-1,184,180,38,-1,185,57,56,-1,
  185,56,179,-1,185,179,183,-1,186,181,180,-1,186,180,184,-1,187,182,181,-1,187,181,186,-1,188,182,187,-1,188,183,182,-1,
  188,185,183,-1,189,57,185,-1,189,185,188,-1,190,184,39,-1,191,184,190,-1,191,186,184,-1,192,186,191,-1,192,187,186,-1,
  193,187,192,-1,193,188,187,-1,194,189,188,-1,194,188,193,-1,194,58,57,-1,194,57,189,-1,195,39,40,-1,195,190,39,-1,
  196,190,195,-1,196,191,190,-1,197,191,196,-1,197,192,191,-1,198,192,197,-1,198,193,192,-1,199,194,193,-1,199,58,194,-1,
  199,193,198,-1,200,195,40,-1,200,196,195,-1,201,196,200,-1,202,197,196,-1,202,196,201,-1,202,198,197,-1,203,199,198,-1,
  203,198,202,-1,204,58,199,-1,204,199,203,-1,204,59,58,-1,205,40,41,-1,205,200,40,-1,206,201,200,-1,206,202,201,-1,
  206,200,205,-1,207,202,206,-1,207,203,202,-1,208,203,207,-1,209,205,41,-1,210,203,208,-1,210,204,203,-1,210,59,204,-1,
  211,206,205,-1,211,205,209,-1,212,207,206,-1,212,206,211,-1,213,210,208,-1,213,208,207,-1,213,207,212,-1,214,60,59,-1,
  214,59,210,-1,214,210,213,-1,215,41,42,-1,215,209,41,-1,216,211,209,-1,216,215,42,-1,216,209,215,-1,217,216,42,-1,
  217,212,211,-1,217,213,212,-1,217,211,216,-1,218,217,42,-1,218,213,217,-1,219,60,214,-1,219,214,213,-1,219,213,218,-1,
  220,42,43,-1,221,42,220,-1,221,220,43,-1,222,43,47,-1,222,42,221,-1,222,221,43,-1,223,47,48,-1,223,222,47,-1,
  223,218,42,-1,223,42,222,-1,224,218,223,-1,224,48,49,-1,224,49,50,-1,224,61,60,-1,224,50,61,-1,224,60,219,-1,
  224,223,48,-1,224,219,218,-1]
  normalPerVertex TRUE
  normal DEF NORM_115 Normal { vector [
  -0.99056586 0.12334122 0.059717847,-0.90611479 0.29912368 0.29913378,
  -0.77142462 0.48754652 0.40890395,-0.69881325 0.71014364 -0.085767458,
  -0.4987796 0.86155198 -0.094589103,-0.26591356 0.96034876 -0.083786821,
  -0.012808676 0.99733524 -0.071821677,0.23683556 0.9712634 0.023586715,
  0.49572243 0.85861644 0.13052619,0.73106425 0.66973131 0.13040338,
  0.87949306 0.45769741 0.13040338,0.96798586 0.2144722 0.13040338,
  0.99334884 -0.039677063 0.10809167,-0.13051108 0.015198031 0.99133036,
  -0.30145138 0.035104039 0.95283512,-0.53696741 0.062529901 0.84128236,
  -0.73504131 0.085595623 0.6725977,-0.88255152 0.1027732 0.45884691,
  -0.95987265 0.11177725 0.2571971,-0.12584551 0.035017044 0.99143165,
  -0.11443173 0.06299735 0.99143165,-0.091019873 0.077146079 0.99285642,
  -0.068685313 0.090825976 0.99349533,-0.043812048 0.10373184 0.99363988,
  -0.017009648 0.11095813 0.99367951,0.011403323 0.11293491 0.99353695,
  0.18100351 0.42941189 0.88478425,0.27473822 0.37010452 0.88743538,
  0.36019103 0.29200321 0.88600031,0.32719469 0.13944605 0.93461138,
  0.23614826 0.036954041 0.97101411,0.1305242 -0.0055210542 0.99142975,
  0.12518351 -0.037364952 0.99142975,0.11219585 -0.066926376 0.99142975,
  0.096092567 -0.08833632 0.99144486,0.07149214 -0.10920605 0.99144486,
  0.037304068 -0.12520166 0.99142975,0.0091883146 -0.11791704 0.99298094,
  -0.017009648 -0.11095813 0.99367951,-0.043812048 -0.10373184 0.99363988,
  -0.068685313 -0.090825976 0.99349533,-0.08989237 -0.072755042 0.99329052,
  -0.44054809 -0.18449467 0.8785665,-0.35931754 -0.050751035 0.93183434,
  -0.13051105 -0.015198023 0.99133036,-0.25853829 -0.046565348 0.96487804,
  -0.4962596 -0.12208766 0.85954698,-0.58258014 -0.089574057 0.8078223,
  -0.88125798 -0.11601981 0.45817439,-0.95820914 -0.12615063 0.25675136,
  -0.98310561 -0.12942831 0.12942828,0.92778787 -0.31271491 0.20351672,
  0.78939657 -0.52696573 0.31489709,0.63441367 -0.70907373 0.30778846,
  0.4138426 -0.80623416 0.42275381,0.20046247 -0.88551021 0.41914969,
  -0.012808676 -0.99733524 -0.071821677,-0.26591356 -0.96034876 -0.083786821,
  -0.4987796 -0.86155198 -0.094589103,-0.69881325 -0.71014364 -0.085767458,
  -0.87494115 -0.48167753 0.04964625,-0.9576622 -0.25660481 0.13052619,
  -0.25180827 0.064799822 0.96560529,-0.48636694 0.11984477 0.86549664,
  -0.7545074 0.21438356 0.62028886,-0.83377001 0.14263724 0.53336872,
  -0.9663608 0.12738532 0.22342736,-0.23018032 0.12092743 0.96560529,
  -0.56826096 0.3483686 0.74546549,-0.74051824 0.30858764 0.59699783,
  -0.80060712 0.33162233 0.49905398,-0.91411183 0.37863752 0.14502827,
  -0.19433507 0.14367372 0.9703565,-0.57772053 0.36898102 0.72807417,
  -0.62384933 0.36952291 0.68866889,-0.71436534 0.50727379 0.48203263,
  -0.15849552 0.17115243 0.97241247,-0.78719365 0.60583255 0.11529559,
  -0.34909754 0.37115817 0.86044902,-0.49061565 0.51974662 0.69939955,
  -0.59875547 0.63290591 0.49083805,-0.6687254 0.68909147 0.27921192,
  -0.1680641 0.2275936 0.95914316,-0.30080681 0.39650026 0.86735391,
  -0.427394 0.56077959 0.70912666,-0.5249267 0.68684467 0.50268912,
  -0.60853549 0.77887617 0.1517777,-0.10166274 0.17453138 0.97938934,
  -0.23913315 0.42094982 0.87499519,-0.35390933 0.61166114 0.70754423,
  -0.43438753 0.74870164 0.50075277,-0.49168121 0.82296035 0.28458012,
  -0.11545017 0.27872137 0.95340739,-0.19397676 0.4886557 0.85064013,
  -0.27044041 0.65883786 0.70199335,-0.33655829 0.78526063 0.51970593,
  -0.3764168 0.90875054 0.18022999,-0.056943377 0.19248998 0.97964537,
  -0.13107171 0.46248628 0.87688462,-0.1969285 0.67311252 0.71283848,
  -0.25403375 0.83589036 0.48657389,-0.039390859 0.29920328 0.95337598,
  -0.27401317 0.92626732 0.25873853,-0.061638436 0.52412073 0.84941048,
  -0.098127097 0.68561683 0.72131868,-0.11011932 0.83643929 0.53688271,
  -0.12830752 0.97459237 0.1835944,-0.0080351331 0.20161317 0.97943227,
  -0.013804169 0.47828005 0.87809888,-0.033104692 0.71606674 0.69724637,
  -0.035338545 0.88669548 0.46100143,0.039410855 0.29935516 0.95332747,
  -0.038467715 0.96521089 0.25862748,0.075734591 0.52426067 0.84818336,
  0.083296064 0.6895466 0.71943537,0.11013704 0.83657387 0.53666935,
  0.12817949 0.97361986 0.18877071,0.052111814 0.20303102 0.97778462,
  0.13457474 0.45036093 0.8826464,0.20510511 0.6776719 0.70618177,
  0.24174076 0.68810828 0.68415524,0.31951656 0.91183298 0.25781736,
  0.1594135 0.32522707 0.93210229,0.31157829 0.6356657 0.70629179,
  0.34932662 0.61308196 0.70859115,0.48296291 0.8365163 0.25881905,
  0.23708719 0.2794692 0.93042282,0.45820591 0.54011539 0.70591976,
  0.48244392 0.47375356 0.7367533,0.65256852 0.71234403 0.25830275,
  0.20119086 0.14347192 0.96898816,0.40849849 0.2913058 0.86502596,
  0.53767861 0.29472252 0.78996225,0.59620488 0.4027449 0.69450435,
  0.82264493 0.49678984 0.2765053,0.23599444 0.091990975 0.96739045,
  0.45116425 0.11156873 0.88543957,0.59380026 0.17287819 0.78582083,
  0.8418423 0.24088699 0.4829855,0.9321303 0.27707838 0.23315374,
  0.25881243 0.0071518697 0.96590112,0.44557335 -0.0021887608 0.89524276,
  0.70685893 0.00041631224 0.70735442,0.85216125 0.026069115 0.52262951,
  0.96085626 0.025043459 0.27591315,0.27037057 -0.066060734 0.96048724,
  0.48472851 -0.12263062 0.8660254,0.6695941 -0.18437651 0.71947831,
  0.86431616 -0.2095288 0.4572256,0.9716075 -0.1345824 0.194593,
  0.22603836 -0.12851734 0.96560341,0.45819589 -0.24010291 0.85580788,
  0.68412114 -0.43138719 0.58811849,0.82729323 -0.34653331 0.44215448,
  0.90573271 -0.37516677 0.19722614,0.17339114 -0.16900537 0.97024363,
  0.36522142 -0.34282863 0.86549515,0.61735034 -0.54658183 0.56579754,
  0.68774164 -0.52772272 0.49851797,0.78151513 -0.59967765 0.17210696,
  0.14770976 -0.24353877 0.95857743,0.31459084 -0.58733335 0.74570245,
  0.4890567 -0.63248787 0.60065184,0.52757185 -0.68754503 0.49894867,
  0.6018389 -0.78433173 0.15037843,0.079431242 -0.24758983 0.96560341,
  0.24502614 -0.68775232 0.68334394,0.27084856 -0.65388628 0.70645155,
  0.33156688 -0.80047325 0.49930551,0.37932495 -0.91577143 0.13219406,
  0.036783017 -0.23678682 0.97086509,0.14884561 -0.66953723 0.72771209,
  0.18079544 -0.70184104 0.68900811,0.16421186 -0.85156126 0.49787336,
  -0.012173571 -0.23404427 0.97214972,0.11799583 -0.98122189 0.15257975,
  -0.022764711 -0.51282178 0.85819321,-0.020470399 -0.69356082 0.72010718,
  -0.026114366 -0.85278991 0.52160081,-0.047764061 -0.95593995 0.28965047,
  -0.04150864 -0.27621213 0.96019992,-0.066713537 -0.48698087 0.87086103,
  -0.088633023 -0.71220493 0.6963536,-0.10417597 -0.87539901 0.47204231,
  -0.068465066 -0.22062828 0.97295205,-0.13760559 -0.97976587 0.14533942,
  -0.14674154 -0.48729239 0.86082115,-0.20461654 -0.68428043 0.69992311,
  -0.2424177 -0.84367557 0.47900438,-0.27401317 -0.92626732 0.25873853,
  -0.11258018 -0.25818011 0.95951484,-0.19210147 -0.45673822 0.86861224,
  -0.27124014 -0.64888355 0.71090008,-0.33185567 -0.79685882 0.50486417,
  -0.37024526 -0.91592109 0.15494196,-0.10166274 -0.17453138 0.97938934,
  -0.24879888 -0.41681678 0.8742785,-0.34073402 -0.59894779 0.72468053,
  -0.42457025 -0.72888882 0.53708584,-0.48004258 -0.82412197 0.30063616,
  -0.18363548 -0.23931841 0.95341738,-0.30439484 -0.39669508 0.866012,
  -0.41580873 -0.55451198 0.72084642,-0.53824758 -0.68958681 0.48451994,
  -0.60516632 -0.7886681 0.10851888,-0.15587232 -0.15980127 0.97476529,
  -0.3514376 -0.37443673 0.85807269,-0.50795576 -0.53518529 0.67495011,
  -0.5962351 -0.62819694 0.49987229,-0.23358525 -0.17371863 0.9566921,
  -0.65658735 -0.69178444 0.30054506,-0.40853452 -0.31036581 0.85835459,
  -0.54571678 -0.42832375 0.72023049,-0.68755136 -0.52757672 0.4989348,
  -0.78776623 -0.60447429 0.11847023,-0.1822653 -0.1074211 0.97736384,
  -0.41396419 -0.22119776 0.88300918,-0.6260078 -0.33095427 0.70610446,
  -0.67585785 -0.29772374 0.67422306,-0.84276221 -0.45996807 0.27960905,
  -0.23233198 -0.084224774 0.96898299,-0.47137062 -0.17088084 0.86522221,
  -0.55204105 -0.14816089 0.82054801,-0.69735796 -0.21911266 0.68240861,
  -0.93312341 -0.25002966 0.25839093] }
}
}
DEF SHAPE_116 Shape {
 appearance USE APP_2
 geometry DEF FACE_116 IndexedFaceSet {
  coord DEF COORD_116 Coordinate { point [
  1.1037402 0 0.44166874,1.0661311 0.28566897 0.44166874,
  0.95586702 0.55187008 0.44166874,0.78046215 0.78046215 0.44166874,
  0.55187008 0.95586702 0.44166874,0.28566897 1.0661311 0.44166874,
  0 1.1037402 0.44166874,-0.28566897 1.0661311 0.44166874,
  -0.55187008 0.95586702 0.44166874,-0.78046215 0.78046215 0.44166874,
  -0.95586702 0.55187008 0.44166874,-1.0661311 0.28566897 0.44166874,
  -1.1037402 0 0.44166874,-1.0661311 -0.28566897 0.44166874,
  -0.95586702 -0.55187008 0.44166874,-0.78046215 -0.78046215 0.44166874,
  -0.55187008 -0.95586702 0.44166874,-0.28566897 -1.0661311 0.44166874,
  0 -1.1037402 0.44166874,0.28566897 -1.0661311 0.44166874,
  0.55187008 -0.95586702 0.44166874,0.78046215 -0.78046215 0.44166874,
  0.95586702 -0.55187008 0.44166874,1.0661311 -0.28566897 0.44166874,
  1.1037402 0 0.44166874,1.1719488 0 0.51581937,
  1.1539445 0 0.51203123,1.1374201 0 0.5039413,
  1.1233857 0 0.49204417,1.1126995 0 0.47706722,
  1.1060148 0 0.45992608,1.1320156 0.30332267 0.51581937,
  1.0149374 0.58597441 0.51581937,0.82869296 0.82869296 0.51581937,
  0.58597441 1.0149374 0.51581937,0.30332267 1.1320156 0.51581937,
  0 1.1719488 0.51581937,-0.30332267 1.1320156 0.51581937,
  -0.58597441 1.0149374 0.51581937,-0.82869296 0.82869296 0.51581937,
  -1.0149374 0.58597441 0.51581937,-1.1320156 0.30332267 0.51581937,
  -1.1719488 0 0.51581937,-1.1320156 -0.30332267 0.51581937,
  -1.0149374 -0.58597441 0.51581937,-0.82869296 -0.82869296 0.51581937,
  -0.58597441 -1.0149374 0.51581937,-0.30332267 -1.1320156 0.51581937,
  0 -1.1719488 0.51581937,0.30332267 -1.1320156 0.51581937,
  0.58597441 -1.0149374 0.51581937,0.82869296 -0.82869296 0.51581937,
  1.0149374 -0.58597441 0.51581937,1.1320156 -0.30332267 0.51581937,
  1.1719488 0 0.51581937,1.1539445 0 0.51203123,
  1.1374201 0 0.5039413,1.1233857 0 0.49204417,
  1.1126995 0 0.47706722,1.1060148 0 0.45992608,
  1.0986634 0.29438598 0.5039413,1.0747852 0.28798783 0.47706722,
  1.0683282 0.28625769 0.45992608,0.98503468 0.56871004 0.5039413,
  0.96362605 0.55634976 0.47706722,0.95783688 0.55300738 0.45992608,
  0.80427745 0.80427745 0.5039413,0.78679738 0.78679738 0.47706722,
  0.78207054 0.78207054 0.45992608,0.56871004 0.98503468 0.5039413,
  0.55634976 0.96362605 0.47706722,0.55300738 0.95783688 0.45992608,
  0.29438598 1.0986634 0.5039413,0.28798783 1.0747852 0.47706722,
  0.28625769 1.0683282 0.45992608,0 1.1374201 0.5039413,
  0 1.1126995 0.47706722,0 1.1060148 0.45992608,
  -0.29438598 1.0986634 0.5039413,-0.28798783 1.0747852 0.47706722,
  -0.28625769 1.0683282 0.45992608,-0.56871004 0.98503468 0.5039413,
  -0.55634976 0.96362605 0.47706722,-0.55300738 0.95783688 0.45992608,
  -0.80427745 0.80427745 0.5039413,-0.78679738 0.78679738 0.47706722,
  -0.78207054 0.78207054 0.45992608,-0.98503468 0.56871004 0.5039413,
  -0.96362605 0.55634976 0.47706722,-0.95783688 0.55300738 0.45992608,
  -1.0986634 0.29438598 0.5039413,-1.0747852 0.28798783 0.47706722,
  -1.0683282 0.28625769 0.45992608,-1.1374201 0 0.5039413,
  -1.1126995 0 0.47706722,-1.1060148 0 0.45992608,
  -1.0986634 -0.29438598 0.5039413,-1.0747852 -0.28798783 0.47706722,
  -1.0683282 -0.28625769 0.45992608,-0.98503468 -0.56871004 0.5039413,
  -0.96362605 -0.55634976 0.47706722,-0.95783688 -0.55300738 0.45992608,
  -0.80427745 -0.80427745 0.5039413,-0.78679738 -0.78679738 0.47706722,
  -0.78207054 -0.78207054 0.45992608,-0.56871004 -0.98503468 0.5039413,
  -0.55634976 -0.96362605 0.47706722,-0.55300738 -0.95783688 0.45992608,
  -0.29438598 -1.0986634 0.5039413,-0.28798783 -1.0747852 0.47706722,
  -0.28625769 -1.0683282 0.45992608,0 -1.1374201 0.5039413,
  0 -1.1126995 0.47706722,0 -1.1060148 0.45992608,
  0.29438598 -1.0986634 0.5039413,0.28798783 -1.0747852 0.47706722,
  0.28625769 -1.0683282 0.45992608,0.56871004 -0.98503468 0.5039413,
  0.55634976 -0.96362605 0.47706722,0.55300738 -0.95783688 0.45992608,
  0.80427745 -0.80427745 0.5039413,0.78679738 -0.78679738 0.47706722,
  0.78207054 -0.78207054 0.45992608,0.98503468 -0.56871004 0.5039413,
  0.96362605 -0.55634976 0.47706722,0.95783688 -0.55300738 0.45992608,
  1.0986634 -0.29438598 0.5039413,1.0747852 -0.28798783 0.47706722,
  1.0683282 -0.28625769 0.45992608] }
 coordIndex [
  31,25,26,-1,55,54,53,-1,60,26,27,-1,60,27,28,-1,60,31,26,-1,61,28,29,-1,61,60,28,-1,62,0,1,-1,
  62,61,29,-1,62,29,30,-1,62,30,0,-1,63,32,31,-1,63,31,60,-1,64,60,61,-1,64,63,60,-1,65,1,2,-1,
  65,62,1,-1,65,61,62,-1,65,64,61,-1,66,33,32,-1,66,32,63,-1,67,66,63,-1,67,63,64,-1,68,65,2,-1,
  68,2,3,-1,68,64,65,-1,68,67,64,-1,69,34,33,-1,69,33,66,-1,70,66,67,-1,70,69,66,-1,71,70,67,-1,
  71,3,4,-1,71,68,3,-1,71,67,68,-1,72,35,34,-1,72,34,69,-1,72,69,70,-1,73,72,70,-1,74,4,5,-1,
  74,5,6,-1,74,70,71,-1,74,73,70,-1,74,71,4,-1,75,36,35,-1,75,72,73,-1,75,35,72,-1,76,75,73,-1,
  77,6,7,-1,77,73,74,-1,77,76,73,-1,77,74,6,-1,78,37,36,-1,78,36,75,-1,79,75,76,-1,79,78,75,-1,
  80,7,8,-1,80,79,76,-1,80,77,7,-1,80,76,77,-1,81,38,37,-1,81,37,78,-1,82,81,78,-1,82,78,79,-1,
  82,79,80,-1,83,80,8,-1,83,82,80,-1,84,39,38,-1,84,38,81,-1,85,81,82,-1,85,84,81,-1,86,83,8,-1,
  86,8,9,-1,86,9,10,-1,86,82,83,-1,86,85,82,-1,87,40,39,-1,87,39,84,-1,88,84,85,-1,88,85,86,-1,
  88,87,84,-1,89,88,86,-1,89,86,10,-1,90,41,40,-1,90,40,87,-1,91,90,87,-1,91,87,88,-1,92,88,89,-1,
  92,89,10,-1,92,10,11,-1,92,91,88,-1,93,41,90,-1,93,42,41,-1,94,90,91,-1,94,93,90,-1,95,11,12,-1,
  95,91,92,-1,95,92,11,-1,95,94,91,-1,96,42,93,-1,96,43,42,-1,97,93,94,-1,97,96,93,-1,98,12,13,-1,
  98,95,12,-1,98,97,94,-1,98,94,95,-1,99,43,96,-1,99,44,43,-1,100,96,97,-1,100,99,96,-1,101,13,14,-1,
  101,98,13,-1,101,100,97,-1,101,97,98,-1,102,44,99,-1,102,45,44,-1,103,99,100,-1,103,102,99,-1,104,14,15,-1,
  104,101,14,-1,104,103,100,-1,104,100,101,-1,105,45,102,-1,105,46,45,-1,106,102,103,-1,106,105,102,-1,107,15,16,-1,
  107,16,17,-1,107,104,15,-1,107,103,104,-1,107,106,103,-1,108,47,46,-1,108,46,105,-1,109,105,106,-1,109,108,105,-1,
  109,106,107,-1,110,107,17,-1,110,109,107,-1,111,48,47,-1,111,47,108,-1,112,108,109,-1,112,111,108,-1,113,17,18,-1,
  113,110,17,-1,113,109,110,-1,113,112,109,-1,114,49,48,-1,114,48,111,-1,114,111,112,-1,115,114,112,-1,116,18,19,-1,
  116,113,18,-1,116,112,113,-1,116,115,112,-1,117,50,49,-1,117,49,114,-1,118,114,115,-1,118,117,114,-1,119,19,20,-1,
  119,20,21,-1,119,116,19,-1,119,115,116,-1,119,118,115,-1,120,51,50,-1,120,52,51,-1,120,50,117,-1,121,117,118,-1,
  121,118,119,-1,121,120,117,-1,122,21,22,-1,122,119,21,-1,122,121,119,-1,123,52,120,-1,124,120,121,-1,124,121,122,-1,
  124,123,120,-1,125,122,22,-1,125,124,122,-1,126,52,123,-1,126,53,52,-1,126,56,55,-1,126,57,56,-1,126,55,53,-1,
  127,123,124,-1,127,57,126,-1,127,58,57,-1,127,126,123,-1,128,124,125,-1,128,125,22,-1,128,58,127,-1,128,22,23,-1,
  128,23,24,-1,128,59,58,-1,128,24,59,-1,128,127,124,-1]
  normalPerVertex TRUE
  normal DEF NORM_116 Normal { vector [
  0.98396699 0.12954171 -0.12258833,0.94632987 0.29867105 -0.12351269,
  0.8367827 0.53342227 -0.12351269,0.67021018 0.73182165 -0.12351269,
  0.45796394 0.88034859 -0.12351269,0.25683348 0.95851561 -0.12363007,
  0.043565888 0.99138622 -0.12351269,-0.21450822 0.96888123 -0.12351269,
  -0.49616419 0.85938158 -0.12363007,-0.70168212 0.70168212 -0.12363007,
  -0.85938158 0.49616419 -0.12363007,-0.96888123 0.21450822 -0.12351269,
  -0.99138622 -0.043565888 -0.12351269,-0.94632987 -0.29867105 -0.12351269,
  -0.8367827 -0.53342227 -0.12351269,-0.67021018 -0.73182165 -0.12351269,
  -0.49616419 -0.85938158 -0.12363007,-0.25683348 -0.95851561 -0.12363007,
  0.043565888 -0.99138622 -0.12351269,0.29867105 -0.94632987 -0.12351269,
  0.49616419 -0.85938158 -0.12363007,0.67021018 -0.73182165 -0.12351269,
  0.85938158 -0.49616419 -0.12363007,0.95851561 -0.25683348 -0.12363007,
  0.98396699 -0.12954171 -0.12258833,0.20581843 0.027096511 -0.97821498,
  0.32504837 0.03899078 -0.94489326,0.54595457 0.071876283 -0.83472595,
  0.73281864 0.092588432 -0.67409511,0.89228149 0.11747109 -0.43592922,
  0.96163089 0.12660111 -0.24338898,0.29611257 0.085653754 -0.95130478,
  0.27469141 0.17474833 -0.94551978,0.22010333 0.23988929 -0.94551978,
  0.15051557 0.2886822 -0.94551978,0.070670428 0.31780188 -0.94551978,
  -0.013990789 0.3252639 -0.94551978,-0.097698556 0.31055972 -0.94551978,
  -0.17474833 0.27469141 -0.94551978,-0.23988929 0.22010333 -0.94551978,
  -0.2886822 0.15051557 -0.94551978,-0.31780188 0.070670428 -0.94551978,
  -0.3252639 -0.013990789 -0.94551978,-0.31055972 -0.097698556 -0.94551978,
  -0.27469141 -0.17474833 -0.94551978,-0.22010333 -0.23988929 -0.94551978,
  -0.15051557 -0.2886822 -0.94551978,-0.070670428 -0.31780188 -0.94551978,
  0.013990789 -0.3252639 -0.94551978,0.097698556 -0.31055972 -0.94551978,
  0.17474833 -0.27469141 -0.94551978,0.23001882 -0.23001882 -0.94561233,
  0.28171437 -0.16264787 -0.94561233,0.29334489 -0.07006314 -0.95343586,
  0.20581843 -0.027096511 -0.97821498,0.32504837 -0.03899078 -0.94489326,
  0.54595457 -0.071876283 -0.83472595,0.73281864 -0.092588432 -0.67409511,
  0.89228149 -0.11747109 -0.43592922,0.96163089 -0.12660111 -0.24338898,
  0.56029898 0.1515241 -0.8143129,0.80324605 0.21486406 -0.55554408,
  0.94652465 0.20956416 -0.24530378,0.46807882 0.28028788 -0.83805783,
  0.70876907 0.39947282 -0.58143604,0.86003341 0.44740204 -0.24530378,
  0.37958558 0.39188501 -0.83805783,0.58122717 0.56930405 -0.58143604,
  0.71493232 0.65475021 -0.24530378,0.25946939 0.43134205 -0.86407157,
  0.3902788 0.69841184 -0.59991946,0.52110976 0.81747824 -0.24530378,
  0.164183 0.52062379 -0.8378513,0.17571196 0.79465103 -0.58108093,
  0.26909591 0.93568369 -0.22821792,0.0065108977 0.57511283 -0.81804819,
  -0.01780673 0.83407555 -0.55136276,-0.0011710709 0.96938929 -0.24552603,
  -0.14958959 0.52467326 -0.83805783,-0.18169819 0.77427835 -0.6062003,
  -0.2677755 0.92696284 -0.26274736,-0.28028788 0.46807882 -0.83805783,
  -0.39649112 0.72676594 -0.56089756,-0.48471561 0.83955206 -0.24536324,
  -0.39188501 0.37958558 -0.83805783,-0.54449442 0.57969563 -0.6062003,
  -0.68544763 0.68544763 -0.24560758,-0.47677583 0.26522421 -0.83805783,
  -0.70675435 0.43115221 -0.56089756,-0.83955206 0.48471561 -0.24536324,
  -0.52917517 0.13278825 -0.83805783,-0.78364536 0.21870547 -0.58143604,
  -0.92449648 0.29177444 -0.24530378,-0.54551209 -0.0086970121 -0.83805783,
  -0.81354843 0.0084309184 -0.58143604,-0.9685118 0.042555173 -0.24530378,
  -0.52467326 -0.14958959 -0.83805783,-0.78800952 -0.20241819 -0.58143604,
  -0.94652465 -0.20956416 -0.24530378,-0.46807882 -0.28028788 -0.83805783,
  -0.70876907 -0.39947282 -0.58143604,-0.86003341 -0.44740204 -0.24530378,
  -0.37958558 -0.39188501 -0.83805783,-0.58122717 -0.56930405 -0.58143604,
  -0.71493232 -0.65475021 -0.24530378,-0.26522421 -0.47677583 -0.83805783,
  -0.41901746 -0.67597749 -0.6062003,-0.48468467 -0.83949847 -0.24560758,
  -0.13278825 -0.52917517 -0.83805783,-0.23353957 -0.79426268 -0.56089756,
  -0.25090726 -0.93639865 -0.24536324,-0.0090360551 -0.50328787 -0.86407157,
  0.011214562 -0.79998179 -0.59991946,-0.042555173 -0.9685118 -0.24530378,
  0.14256111 -0.55720148 -0.81804819,0.23307462 -0.80104639 -0.55136276,
  0.20956416 -0.94652465 -0.24530378,0.28028788 -0.46807882 -0.83805783,
  0.37590495 -0.70086851 -0.6062003,0.48468467 -0.83949847 -0.24560758,
  0.37352008 -0.35389236 -0.85746309,0.54949653 -0.600332 -0.58108093,
  0.71493232 -0.65475021 -0.24530378,0.51916239 -0.27709177 -0.80851133,
  0.70675435 -0.43115221 -0.56089756,0.83955206 -0.48471561 -0.24536324,
  0.49443966 -0.124952 -0.86018394,0.76792987 -0.21411479 -0.60368747,
  0.93633888 -0.25089125 -0.24560758] }
}
}
DEF SHAPE_117 Shape {
 appearance USE APP_2
 geometry DEF FACE_117 IndexedFaceSet {
  coord DEF COORD_117 Coordinate { point [
  1.1571327 0 0.37420266,1.1177044 0.29948799 0.37420266,
  1.0021063 0.57856637 0.37420266,0.8182164 0.8182164 0.37420266,
  0.57856637 1.0021063 0.37420266,0.29948799 1.1177044 0.37420266,
  0 1.1571327 0.37420266,-0.29948799 1.1177044 0.37420266,
  -0.57856637 1.0021063 0.37420266,-0.8182164 0.8182164 0.37420266,
  -1.0021063 0.57856637 0.37420266,-1.1177044 0.29948799 0.37420266,
  -1.1571327 0 0.37420266,-1.1177044 -0.29948799 0.37420266,
  -1.0021063 -0.57856637 0.37420266,-0.8182164 -0.8182164 0.37420266,
  -0.57856637 -1.0021063 0.37420266,-0.29948799 -1.1177044 0.37420266,
  0 -1.1571327 0.37420266,0.29948799 -1.1177044 0.37420266,
  0.57856637 -1.0021063 0.37420266,0.8182164 -0.8182164 0.37420266,
  1.0021063 -0.57856637 0.37420266,1.1177044 -0.29948799 0.37420266,
  1.1571327 0 0.37420266,1.1430023 0 0.3799718,
  1.1303462 0 0.38850272,1.119697 0 0.39943649,
  1.1115027 0 0.41231309,1.1061081 0 0.42659074,
  1.1037402 0 0.44166874,1.0661311 0.28566897 0.44166874,
  0.95586702 0.55187008 0.44166874,0.78046215 0.78046215 0.44166874,
  0.55187008 0.95586702 0.44166874,0.28566897 1.0661311 0.44166874,
  0 1.1037402 0.44166874,-0.28566897 1.0661311 0.44166874,
  -0.55187008 0.95586702 0.44166874,-0.78046215 0.78046215 0.44166874,
  -0.95586702 0.55187008 0.44166874,-1.0661311 0.28566897 0.44166874,
  -1.1037402 0 0.44166874,-1.0661311 -0.28566897 0.44166874,
  -0.95586702 -0.55187008 0.44166874,-0.78046215 -0.78046215 0.44166874,
  -0.55187008 -0.95586702 0.44166874,-0.28566897 -1.0661311 0.44166874,
  0 -1.1037402 0.44166874,0.28566897 -1.0661311 0.44166874,
  0.55187008 -0.95586702 0.44166874,0.78046215 -0.78046215 0.44166874,
  0.95586702 -0.55187008 0.44166874,1.0661311 -0.28566897 0.44166874,
  1.1037402 0 0.44166874,1.1430023 0 0.3799718,
  1.1303462 0 0.38850272,1.119697 0 0.39943649,
  1.1115027 0 0.41231309,1.1061081 0 0.42659074,
  1.1040554 -0.29583076 0.3799718,1.0918306 -0.29255512 0.38850272,
  1.0815442 -0.2897989 0.39943649,1.0684184 -0.28628184 0.42659074,
  0.989869 -0.57150113 0.3799718,0.97890851 -0.56517309 0.38850272,
  0.96968602 -0.55984849 0.39943649,0.95791771 -0.55305404 0.42659074,
  0.80822465 -0.80822465 0.3799718,0.79927545 -0.79927545 0.38850272,
  0.79174532 -0.79174532 0.39943649,0.78213653 -0.78213653 0.42659074,
  0.57150113 -0.989869 0.3799718,0.56517309 -0.97890851 0.38850272,
  0.55984849 -0.96968602 0.39943649,0.55305404 -0.95791771 0.42659074,
  0.29583076 -1.1040554 0.3799718,0.29255512 -1.0918306 0.38850272,
  0.2897989 -1.0815442 0.39943649,0.28628184 -1.0684184 0.42659074,
  0 -1.1430023 0.3799718,0 -1.1303462 0.38850272,
  0 -1.119697 0.39943649,0 -1.1061081 0.42659074,
  -0.29583076 -1.1040554 0.3799718,-0.29255512 -1.0918306 0.38850272,
  -0.2897989 -1.0815442 0.39943649,-0.28628184 -1.0684184 0.42659074,
  -0.57150113 -0.989869 0.3799718,-0.56517309 -0.97890851 0.38850272,
  -0.55984849 -0.96968602 0.39943649,-0.55305404 -0.95791771 0.42659074,
  -0.80822465 -0.80822465 0.3799718,-0.79927545 -0.79927545 0.38850272,
  -0.79174532 -0.79174532 0.39943649,-0.78213653 -0.78213653 0.42659074,
  -0.989869 -0.57150113 0.3799718,-0.97890851 -0.56517309 0.38850272,
  -0.96968602 -0.55984849 0.39943649,-0.95791771 -0.55305404 0.42659074,
  -1.1040554 -0.29583076 0.3799718,-1.0918306 -0.29255512 0.38850272,
  -1.0815442 -0.2897989 0.39943649,-1.0684184 -0.28628184 0.42659074,
  -1.1430023 0 0.3799718,-1.1303462 0 0.38850272,
  -1.119697 0 0.39943649,-1.1061081 0 0.42659074,
  -1.1040554 0.29583076 0.3799718,-1.0918306 0.29255512 0.38850272,
  -1.0815442 0.2897989 0.39943649,-1.0684184 0.28628184 0.42659074,
  -0.989869 0.57150113 0.3799718,-0.97890851 0.56517309 0.38850272,
  -0.96968602 0.55984849 0.39943649,-0.95791771 0.55305404 0.42659074,
  -0.80822465 0.80822465 0.3799718,-0.79927545 0.79927545 0.38850272,
  -0.79174532 0.79174532 0.39943649,-0.78213653 0.78213653 0.42659074,
  -0.57150113 0.989869 0.3799718,-0.56517309 0.97890851 0.38850272,
  -0.55984849 0.96968602 0.39943649,-0.55305404 0.95791771 0.42659074,
  -0.29583076 1.1040554 0.3799718,-0.29255512 1.0918306 0.38850272,
  -0.2897989 1.0815442 0.39943649,-0.28628184 1.0684184 0.42659074,
  0 1.1430023 0.3799718,0 1.1303462 0.38850272,
  0 1.119697 0.39943649,0 1.1061081 0.42659074,
  0.29583076 1.1040554 0.3799718,0.29255512 1.0918306 0.38850272,
  0.2897989 1.0815442 0.39943649,0.28628184 1.0684184 0.42659074,
  0.57150113 0.989869 0.3799718,0.56517309 0.97890851 0.38850272,
  0.55984849 0.96968602 0.39943649,0.55305404 0.95791771 0.42659074,
  0.80822465 0.80822465 0.3799718,0.79927545 0.79927545 0.38850272,
  0.79174532 0.79174532 0.39943649,0.78213653 0.78213653 0.42659074,
  0.989869 0.57150113 0.3799718,0.97890851 0.56517309 0.38850272,
  0.96968602 0.55984849 0.39943649,0.95791771 0.55305404 0.42659074,
  1.1040554 0.29583076 0.3799718,1.0918306 0.29255512 0.38850272,
  1.0815442 0.2897989 0.39943649,1.0684184 0.28628184 0.42659074] }
 coordIndex [
  60,23,24,-1,60,24,55,-1,61,60,55,-1,61,55,56,-1,62,61,56,-1,62,56,57,-1,62,57,58,-1,63,54,53,-1,
  63,58,59,-1,63,59,54,-1,63,62,58,-1,64,22,23,-1,64,23,60,-1,65,60,61,-1,65,64,60,-1,66,65,61,-1,
  66,61,62,-1,67,53,52,-1,67,62,63,-1,67,66,62,-1,67,63,53,-1,68,21,22,-1,68,22,64,-1,69,64,65,-1,
  69,68,64,-1,70,69,65,-1,70,65,66,-1,71,52,51,-1,71,66,67,-1,71,67,52,-1,71,70,66,-1,72,20,21,-1,
  72,21,68,-1,73,72,68,-1,73,68,69,-1,74,69,70,-1,74,73,69,-1,75,51,50,-1,75,71,51,-1,75,70,71,-1,
  75,74,70,-1,76,19,20,-1,76,20,72,-1,77,76,72,-1,77,72,73,-1,78,77,73,-1,78,73,74,-1,79,74,75,-1,
  79,75,50,-1,79,49,48,-1,79,50,49,-1,79,78,74,-1,80,18,19,-1,80,19,76,-1,81,80,76,-1,81,77,78,-1,
  81,76,77,-1,82,81,78,-1,83,79,48,-1,83,78,79,-1,83,82,78,-1,84,18,80,-1,84,17,18,-1,85,84,80,-1,
  85,80,81,-1,86,81,82,-1,86,85,81,-1,87,48,47,-1,87,82,83,-1,87,86,82,-1,87,83,48,-1,88,17,84,-1,
  88,16,17,-1,89,84,85,-1,89,88,84,-1,90,89,85,-1,90,85,86,-1,91,90,86,-1,91,47,46,-1,91,87,47,-1,
  91,86,87,-1,92,16,88,-1,92,15,16,-1,93,92,88,-1,93,88,89,-1,93,89,90,-1,94,93,90,-1,95,90,91,-1,
  95,91,46,-1,95,94,90,-1,95,46,45,-1,96,15,92,-1,96,14,15,-1,97,92,93,-1,97,93,94,-1,97,96,92,-1,
  98,97,94,-1,98,94,95,-1,99,95,45,-1,99,98,95,-1,99,44,43,-1,99,45,44,-1,100,13,14,-1,100,14,96,-1,
  100,96,97,-1,101,97,98,-1,101,100,97,-1,102,101,98,-1,102,98,99,-1,103,99,43,-1,103,102,99,-1,104,12,13,-1,
  104,13,100,-1,105,104,100,-1,105,100,101,-1,106,105,101,-1,106,101,102,-1,107,43,42,-1,107,103,43,-1,107,102,103,-1,
  107,106,102,-1,108,10,11,-1,108,11,12,-1,108,12,104,-1,109,104,105,-1,109,108,104,-1,110,105,106,-1,110,106,107,-1,
  110,109,105,-1,111,41,40,-1,111,42,41,-1,111,107,42,-1,111,110,107,-1,112,10,108,-1,113,109,110,-1,113,108,109,-1,
  113,112,108,-1,114,113,110,-1,115,111,40,-1,115,110,111,-1,115,114,110,-1,116,9,10,-1,116,10,112,-1,117,112,113,-1,
  117,116,112,-1,118,113,114,-1,118,117,113,-1,118,114,115,-1,119,39,38,-1,119,40,39,-1,119,115,40,-1,119,118,115,-1,
  120,7,8,-1,120,8,9,-1,120,9,116,-1,121,116,117,-1,121,120,116,-1,121,117,118,-1,122,121,118,-1,123,119,38,-1,
  123,122,118,-1,123,118,119,-1,124,6,7,-1,124,7,120,-1,125,124,120,-1,125,120,121,-1,126,125,121,-1,126,121,122,-1,
  127,123,38,-1,127,122,123,-1,127,126,122,-1,127,38,37,-1,128,124,125,-1,128,6,124,-1,129,128,125,-1,130,125,126,-1,
  130,129,125,-1,131,126,127,-1,131,127,37,-1,131,130,126,-1,131,37,36,-1,132,4,5,-1,132,5,6,-1,132,6,128,-1,
  133,128,129,-1,133,132,128,-1,134,129,130,-1,134,130,131,-1,134,133,129,-1,135,131,36,-1,135,134,131,-1,135,36,35,-1,
  136,3,4,-1,136,4,132,-1,136,132,133,-1,137,136,133,-1,138,133,134,-1,138,137,133,-1,139,35,34,-1,139,138,134,-1,
  139,134,135,-1,139,135,35,-1,140,3,136,-1,140,136,137,-1,141,140,137,-1,142,137,138,-1,142,138,139,-1,142,141,137,-1,
  143,34,33,-1,143,139,34,-1,143,142,139,-1,144,2,3,-1,144,3,140,-1,145,140,141,-1,145,144,140,-1,146,141,142,-1,
  146,145,141,-1,147,33,32,-1,147,143,33,-1,147,142,143,-1,147,146,142,-1,148,0,1,-1,148,1,2,-1,148,25,0,-1,
  148,26,25,-1,148,2,144,-1,148,144,145,-1,149,26,148,-1,149,148,145,-1,150,27,26,-1,150,28,27,-1,150,145,146,-1,
  150,146,147,-1,150,26,149,-1,150,149,145,-1,151,29,28,-1,151,30,29,-1,151,31,30,-1,151,32,31,-1,151,147,32,-1,
  151,150,147,-1,151,28,150,-1]
  normalPerVertex TRUE
  normal DEF NORM_117 Normal { vector [
  0.37751985 0.049701431 0.92466671,0.36510741 0.097830234 0.9258109,
  0.33552696 0.17472196 0.92568563,0.26727717 0.26727717 0.9258109,
  0.17472196 0.33552696 0.92568563,0.097830234 0.36510741 0.9258109,
  0 0.377987 0.9258109,-0.11370631 0.36080048 0.92568563,
  -0.1889935 0.32734634 0.9258109,-0.25560922 0.27887279 0.92568563,
  -0.32734634 0.1889935 0.9258109,-0.36510741 0.097830234 0.9258109,
  -0.37793586 0.016449825 0.92568563,-0.36931553 -0.081927687 0.92568563,
  -0.33552696 -0.17472196 0.92568563,-0.27887279 -0.25560922 0.92568563,
  -0.20321389 -0.31907714 0.92568563,-0.11370631 -0.36080048 0.92568563,
  -0.016449825 -0.37793586 0.92568563,0.081927687 -0.36931553 0.92568563,
  0.17472196 -0.33552696 0.92568563,0.25560922 -0.27887279 0.92568563,
  0.31907714 -0.20321389 0.92568563,0.36080048 -0.11370631 0.92568563,
  0.37751985 -0.049701431 0.92466671,0.47004199 0.061882202 0.8804721,
  0.63835748 0.084041356 0.76513841,0.78000261 0.10268929 0.61729315,
  0.88841532 0.11426266 0.44459224,0.95903427 0.12625926 0.25359784,
  0.9796412 0.12897221 0.15384829,0.95423026 0.25568523 0.15514403,
  0.87642126 0.45591817 0.15499802,0.72855763 0.66721765 0.15499802,
  0.53104399 0.83304735 0.15499802,0.29734059 0.94210625 0.15499802,
  0.043373914 0.98696217 0.15499802,-0.21354862 0.96455824 0.15499802,
  -0.49394593 0.85553945 0.15514403,-0.69854503 0.69854503 0.15514403,
  -0.85553945 0.49394593 0.15514403,-0.95423026 0.25568523 0.15514403,
  -0.98696217 0.043373914 0.15499802,-0.95423026 -0.25568523 0.15514403,
  -0.85553945 -0.49394593 0.15514403,-0.72855763 -0.66721765 0.15499802,
  -0.53104399 -0.83304735 0.15499802,-0.29734059 -0.94210625 0.15499802,
  0 -0.98789186 0.15514403,0.25568523 -0.95423026 0.15514403,
  0.45591817 -0.87642126 0.15499802,0.66721765 -0.72855763 0.15499802,
  0.83304735 -0.53104399 0.15499802,0.94210625 -0.29734059 0.15499802,
  0.9796412 -0.12897221 0.15384829,0.49966202 -0.065781753 0.86371907,
  0.66429924 -0.087456654 0.74233271,0.78000261 -0.10268929 0.61729315,
  0.88841532 -0.11426266 0.44459224,0.95903427 -0.12625926 0.25359784,
  0.45358039 -0.12541983 0.88234613,0.61809896 -0.16891628 0.76773756,
  0.81417681 -0.21984817 0.53738525,0.92019127 -0.21188404 0.32917045,
  0.40566397 -0.23854149 0.88234613,0.553319 -0.32313638 0.76773756,
  0.72262722 -0.43495593 0.53723667,0.82994114 -0.43158586 0.35345629,
  0.33010223 -0.33540695 0.88234613,0.45083126 -0.45533527 0.76773756,
  0.58542942 -0.60716485 0.53723667,0.68995894 -0.6316845 0.35345629,
  0.23204456 -0.40941498 0.88234613,0.31762012 -0.55650382 0.76773756,
  0.40833557 -0.73799649 0.53723667,0.50295718 -0.78873489 0.35345629,
  0.11817344 -0.45552205 0.88234613,0.17613927 -0.59970498 0.78059522,
  0.19259277 -0.8095053 0.55462527,0.26703777 -0.90385545 0.33426957,
  -0.0037510061 -0.47058605 0.88234613,0.010696208 -0.65190482 0.75822536,
  -0.029375224 -0.8567568 0.51488337,0.029916874 -0.92550663 0.37754795,
  -0.12541983 -0.45358039 0.88234613,-0.16891628 -0.61809896 0.76773756,
  -0.23310548 -0.81057917 0.53723667,-0.20207535 -0.91336422 0.35345629,
  -0.23854149 -0.40566397 0.88234613,-0.29950618 -0.54860473 0.78059522,
  -0.43622304 -0.70859034 0.55462527,-0.43158586 -0.82994114 0.35345629,
  -0.33540695 -0.33010223 0.88234613,-0.43303631 -0.47277697 0.76743827,
  -0.59466095 -0.57516934 0.56174602,-0.64807724 -0.66491229 0.3713321,
  -0.38678526 -0.23497461 0.89173095,-0.53826047 -0.3262255 0.77707952,
  -0.72262722 -0.43495593 0.53723667,-0.82794654 -0.4502981 0.33426957,
  -0.46509751 -0.13212228 0.87534451,-0.6441319 -0.17259462 0.74518802,
  -0.83548515 -0.22386757 0.50184447,-0.90357962 -0.24211343 0.35344725,
  -0.47058605 0.0037510061 0.88234613,-0.6407565 0.0031848178 0.76773756,
  -0.82719493 -0.013782649 0.56174602,-0.92842381 -0.011904177 0.3713321,
  -0.43914847 0.12846613 0.88918225,-0.60742938 0.14731141 0.78059522,
  -0.81452353 0.21825092 0.53751089,-0.92001431 0.24651709 0.30463585,
  -0.41600033 0.25710475 0.87226193,-0.56991424 0.31668922 0.75822536,
  -0.73063002 0.42182944 0.53687959,-0.79669392 0.45997145 0.39205237,
  -0.33010223 0.33540695 0.88234613,-0.45239358 0.43129011 0.78059522,
  -0.59627261 0.59627261 0.53751089,-0.67349722 0.67349722 0.30463585,
  -0.21968559 0.40136414 0.88918225,-0.3352156 0.55921803 0.75822536,
  -0.40293871 0.75666076 0.51488337,-0.48866209 0.78655382 0.37754795,
  -0.10734634 0.43965062 0.89173095,-0.14993137 0.6112839 0.77707952,
  -0.20341432 0.81853489 0.53723667,-0.28167972 0.8920343 0.35345629,
  0 0.50074662 0.86559391,0.018811843 0.6564851 0.75410439,
  -0.013782649 0.82719493 0.56174602,-0.011904177 0.92842381 0.3713321,
  0.1139098 0.42511715 0.89794207,0.17579758 0.60435307 0.77707952,
  0.2123405 0.82647529 0.52139246,0.22648967 0.91797435 0.32561561,
  0.23204456 0.40941498 0.88234613,0.34458944 0.54064464 0.76743827,
  0.40166134 0.72326314 0.56174602,0.45390258 0.80999069 0.3713321,
  0.35408133 0.35408133 0.86559391,0.47750705 0.45090308 0.75410439,
  0.59712991 0.60957835 0.52139246,0.65513298 0.68174427 0.32561561,
  0.38678526 0.23497461 0.89173095,0.55164981 0.30303449 0.77707952,
  0.7094805 0.42553359 0.56174602,0.79808651 0.47452122 0.3713321,
  0.45438289 0.12175153 0.88244703,0.61918901 0.1659112 0.76751446,
  0.80191409 0.2255045 0.55324633,0.9220672 0.23132467 0.31029175] }
}
}
DEF SHAPE_118 Shape {
 appearance USE APP_2
 geometry DEF FACE_118 IndexedFaceSet {
  coord DEF COORD_118 Coordinate { point [
  -1.2106299 0 0.30279227,-1.1693787 0.31333408 0.30279227,
  -1.0484363 0.60531496 0.30279227,-0.85604463 0.85604463 0.30279227,
  -0.60531496 1.0484363 0.30279227,-0.31333408 1.1693787 0.30279227,
  0 1.2106299 0.30279227,0.31333408 1.1693787 0.30279227,
  0.60531496 1.0484363 0.30279227,0.85604463 0.85604463 0.30279227,
  1.0484363 0.60531496 0.30279227,1.1693787 0.31333408 0.30279227,
  1.2106299 0 0.30279227,1.2106299 0 0.30279227,
  1.1693787 -0.31333408 0.30279227,1.0484363 -0.60531496 0.30279227,
  0.85604463 -0.85604463 0.30279227,0.60531496 -1.0484363 0.30279227,
  0.31333408 -1.1693787 0.30279227,0 -1.2106299 0.30279227,
  -0.31333408 -1.1693787 0.30279227,-0.60531496 -1.0484363 0.30279227,
  -0.85604463 -0.85604463 0.30279227,-1.0484363 -0.60531496 0.30279227,
  -1.1693787 -0.31333408 0.30279227,1.1571327 0 0.37420266,
  1.171842 0 0.36812122,1.1849214 0 0.35905052,
  1.1957723 0 0.34740559,1.2038983 0 0.33371929,
  1.2089275 0 0.31861784,1.1571327 0 0.37420266,
  1.1177044 0.29948799 0.37420266,1.0021063 0.57856637 0.37420266,
  0.8182164 0.8182164 0.37420266,0.57856637 1.0021063 0.37420266,
  0.29948799 1.1177044 0.37420266,0 1.1571327 0.37420266,
  -0.29948799 1.1177044 0.37420266,-0.57856637 1.0021063 0.37420266,
  -0.8182164 0.8182164 0.37420266,-1.0021063 0.57856637 0.37420266,
  -1.1177044 0.29948799 0.37420266,-1.1571327 0 0.37420266,
  -1.1177044 -0.29948799 0.37420266,-1.0021063 -0.57856637 0.37420266,
  -0.8182164 -0.8182164 0.37420266,-0.57856637 -1.0021063 0.37420266,
  -0.29948799 -1.1177044 0.37420266,0 -1.1571327 0.37420266,
  0.29948799 -1.1177044 0.37420266,0.57856637 -1.0021063 0.37420266,
  0.8182164 -0.8182164 0.37420266,1.0021063 -0.57856637 0.37420266,
  1.1177044 -0.29948799 0.37420266,1.171842 0 0.36812122,
  1.1849214 0 0.35905052,1.1957723 0 0.34740559,
  1.2038983 0 0.33371929,1.2089275 0 0.31861784,
  1.1445461 -0.30668021 0.35905052,1.1628764 -0.3115918 0.33371929,
  1.026172 -0.59246068 0.35905052,1.0426065 -0.60194914 0.33371929,
  0.83786593 -0.83786593 0.35905052,0.85128464 -0.85128464 0.33371929,
  0.59246068 -1.026172 0.35905052,0.60194914 -1.0426065 0.33371929,
  0.30668021 -1.1445461 0.35905052,0.3115918 -1.1628764 0.33371929,
  0 -1.1849214 0.35905052,0 -1.2038983 0.33371929,
  -0.30668021 -1.1445461 0.35905052,-0.3115918 -1.1628764 0.33371929,
  -0.59246068 -1.026172 0.35905052,-0.60194914 -1.0426065 0.33371929,
  -0.83786593 -0.83786593 0.35905052,-0.85128464 -0.85128464 0.33371929,
  -1.026172 -0.59246068 0.35905052,-1.0426065 -0.60194914 0.33371929,
  -1.1445461 -0.30668021 0.35905052,-1.1628764 -0.3115918 0.33371929,
  -1.1849214 0 0.35905052,-1.2038983 0 0.33371929,
  -1.1445461 0.30668021 0.35905052,-1.1628764 0.3115918 0.33371929,
  -1.026172 0.59246068 0.35905052,-1.0426065 0.60194914 0.33371929,
  -0.83786593 0.83786593 0.35905052,-0.85128464 0.85128464 0.33371929,
  -0.59246068 1.026172 0.35905052,-0.60194914 1.0426065 0.33371929,
  -0.30668021 1.1445461 0.35905052,-0.3115918 1.1628764 0.33371929,
  0 1.1849214 0.35905052,0 1.2038983 0.33371929,
  0.30668021 1.1445461 0.35905052,0.3115918 1.1628764 0.33371929,
  0.59246068 1.026172 0.35905052,0.60194914 1.0426065 0.33371929,
  0.83786593 0.83786593 0.35905052,0.85128464 0.85128464 0.33371929,
  1.026172 0.59246068 0.35905052,1.0426065 0.60194914 0.33371929,
  1.1445461 0.30668021 0.35905052,1.1628764 0.3115918 0.33371929] }
 coordIndex [
  54,26,25,-1,14,13,30,-1,55,32,31,-1,12,11,59,-1,60,27,26,-1,60,28,27,-1,60,26,54,-1,61,29,28,-1,
  61,30,29,-1,61,28,60,-1,61,14,30,-1,62,60,54,-1,62,54,53,-1,63,60,62,-1,63,15,14,-1,63,14,61,-1,
  63,61,60,-1,64,62,53,-1,64,53,52,-1,65,16,15,-1,65,63,62,-1,65,17,16,-1,65,15,63,-1,65,62,64,-1,
  66,65,64,-1,66,64,52,-1,66,52,51,-1,67,65,66,-1,67,17,65,-1,68,51,50,-1,68,66,51,-1,69,18,17,-1,
  69,66,68,-1,69,67,66,-1,69,17,67,-1,70,50,49,-1,70,68,50,-1,71,19,18,-1,71,18,69,-1,71,68,70,-1,
  71,69,68,-1,72,49,48,-1,72,70,49,-1,73,20,19,-1,73,21,20,-1,73,71,70,-1,73,70,72,-1,73,19,71,-1,
  74,48,47,-1,74,72,48,-1,75,73,72,-1,75,21,73,-1,75,72,74,-1,76,46,45,-1,76,47,46,-1,76,74,47,-1,
  77,21,75,-1,77,22,21,-1,77,23,22,-1,77,75,74,-1,77,74,76,-1,78,76,45,-1,78,77,76,-1,79,23,77,-1,
  79,77,78,-1,80,45,44,-1,80,78,45,-1,81,78,80,-1,81,24,23,-1,81,0,24,-1,81,23,79,-1,81,79,78,-1,
  82,80,44,-1,82,44,43,-1,83,81,80,-1,83,80,82,-1,83,0,81,-1,84,42,41,-1,84,43,42,-1,84,82,43,-1,
  85,1,0,-1,85,0,83,-1,85,83,82,-1,85,82,84,-1,86,84,41,-1,87,2,1,-1,87,1,85,-1,87,84,86,-1,
  87,85,84,-1,88,41,40,-1,88,86,41,-1,89,86,88,-1,89,3,2,-1,89,4,3,-1,89,2,87,-1,89,87,86,-1,
  90,88,40,-1,90,40,39,-1,91,4,89,-1,91,88,90,-1,91,89,88,-1,92,90,39,-1,92,38,37,-1,92,39,38,-1,
  93,5,4,-1,93,6,5,-1,93,91,90,-1,93,4,91,-1,93,90,92,-1,94,92,37,-1,95,6,93,-1,95,93,92,-1,
  95,92,94,-1,96,94,37,-1,96,36,35,-1,96,37,36,-1,97,7,6,-1,97,8,7,-1,97,95,94,-1,97,6,95,-1,
  97,94,96,-1,98,96,35,-1,99,8,97,-1,99,97,96,-1,99,96,98,-1,100,98,35,-1,100,35,34,-1,101,9,8,-1,
  101,10,9,-1,101,99,98,-1,101,8,99,-1,101,98,100,-1,102,34,33,-1,102,100,34,-1,102,101,100,-1,103,10,101,-1,
  103,101,102,-1,104,33,32,-1,104,55,56,-1,104,56,57,-1,104,102,33,-1,104,32,55,-1,105,11,10,-1,105,10,103,-1,
  105,103,102,-1,105,104,57,-1,105,57,58,-1,105,58,59,-1,105,102,104,-1,105,59,11,-1]
  normalPerVertex TRUE
  normal DEF NORM_118 Normal { vector [
  -0.9771214 0 0.2126823,-0.93191979 0.29389479 0.21248849,
  -0.82409982 0.52507916 0.21248849,-0.69092917 0.69092917 0.2126823,
  -0.4885607 0.84621196 0.2126823,-0.25289763 0.9438268 0.2126823,
  0 0.9771214 0.2126823,0.25289763 0.9438268 0.2126823,
  0.4885607 0.84621196 0.2126823,0.69092917 0.69092917 0.2126823,
  0.84621196 0.4885607 0.2126823,0.95398832 0.23068487 0.19154838,
  0.98585391 0.12979013 0.10604996,0.98585391 -0.12979013 0.10604996,
  0.94168433 -0.27238639 0.19757602,0.82409982 -0.52507916 0.21248849,
  0.69092917 -0.69092917 0.2126823,0.4885607 -0.84621196 0.2126823,
  0.21143954 -0.95401361 0.21248849,-0.042681976 -0.97623096 0.21248849,
  -0.25289763 -0.9438268 0.2126823,-0.4885607 -0.84621196 0.2126823,
  -0.69092917 -0.69092917 0.2126823,-0.84621196 -0.4885607 0.2126823,
  -0.9438268 -0.25289763 0.2126823,0.38159238 -0.05023759 0.92296448,
  0.47768933 -0.065691362 0.87606937,0.65208237 -0.085848273 0.75327197,
  0.79568877 -0.10749191 0.59609132,0.90308124 -0.1188929 0.4126848,
  0.96879805 -0.13024561 0.21087062,0.38159238 0.05023759 0.92296448,
  0.44624397 0.11116265 0.8879804,0.42516082 0.22082864 0.87776591,
  0.35351915 0.32334381 0.87776591,0.23936169 0.41458661 0.87796579,
  0.12390273 0.46241127 0.87796579,0 0.47872338 0.87796579,
  -0.12390273 0.46241127 0.87796579,-0.22082864 0.42516082 0.87776591,
  -0.32334381 0.35351915 0.87776591,-0.41458661 0.23936169 0.87796579,
  -0.46241127 0.12390273 0.87796579,-0.47861439 0.021337191 0.87776591,
  -0.46782847 -0.10326438 0.87776591,-0.41458661 -0.23936169 0.87796579,
  -0.33850855 -0.33850855 0.87796579,-0.25778574 -0.40382362 0.87776591,
  -0.14448466 -0.45678353 0.87776591,-0.021337191 -0.47861439 0.87776591,
  0.10326438 -0.46782847 0.87776591,0.22082864 -0.42516082 0.87776591,
  0.32334381 -0.35351915 0.87776591,0.40382362 -0.25778574 0.87776591,
  0.44619881 -0.1324728 0.8850749,0.47768933 0.065691362 0.87606937,
  0.65208237 0.085848273 0.75327197,0.79568877 0.10749191 0.59609132,
  0.90308124 0.1188929 0.4126848,0.96879805 0.13024561 0.21087062,
  0.65761912 -0.18177081 0.73109265,0.88424568 -0.21401263 0.41510019,
  0.56384777 -0.33451105 0.75510135,0.80722803 -0.42010844 0.41459836,
  0.44847101 -0.43058905 0.78324123,0.64347853 -0.64347853 0.414573,
  0.34722377 -0.58344499 0.73418499,0.45476624 -0.78767823 0.41563286,
  0.16216555 -0.63523561 0.75510135,0.27373489 -0.86785794 0.41459836,
  -0.0077711829 -0.65556202 0.75510135,0.039789432 -0.9091342 0.41459836,
  -0.17717832 -0.63121295 0.75510135,-0.22404684 -0.89473639 0.38632863,
  -0.33451105 -0.56384777 0.75510135,-0.42690232 -0.78195474 0.45420391,
  -0.42354445 -0.42354445 0.80076227,-0.64347853 -0.64347853 0.414573,
  -0.61317702 -0.35401792 0.70617651,-0.78767823 -0.45476624 0.41563286,
  -0.63523561 -0.16216555 0.75510135,-0.88688786 -0.25333794 0.38632863,
  -0.65556202 0.0077711829 0.75510135,-0.89064383 -0.021269116 0.45420391,
  -0.60641985 0.17875594 0.77479112,-0.88845447 0.19686761 0.41459836,
  -0.58405277 0.36239331 0.72632875,-0.80722803 0.42010844 0.41459836,
  -0.45805729 0.4690474 0.75510135,-0.66284102 0.64139845 0.38632863,
  -0.32105097 0.57161895 0.75510135,-0.46374151 0.76068562 0.45420391,
  -0.14840274 0.61455297 0.77479112,-0.25333794 0.88688786 0.38632863,
  0.021815432 0.68700119 0.72632875,-0.021269116 0.89064383 0.45420391,
  0.17875594 0.60641985 0.77479112,0.22404684 0.89473639 0.38632863,
  0.36239331 0.58405277 0.72632875,0.42690232 0.78195474 0.45420391,
  0.43058905 0.44847101 0.78324123,0.64347853 0.64347853 0.414573,
  0.58344499 0.34722377 0.73418499,0.78767823 0.45476624 0.41563286,
  0.60709391 0.16023651 0.77830665,0.87409771 0.25301451 0.41465268] }
}
}
DEF SHAPE_119 Shape {
 appearance USE APP_2
 geometry DEF FACE_119 IndexedFaceSet {
  coord DEF COORD_119 Coordinate { point [
  -0.44645669 1.0229608 1.9094488,-0.18192795 1.1012151 1.9094488,
  0.093714029 1.1122005 1.9094488,0.3636314 1.0552462 1.9094488,
  0.611336 0.93383117 1.9094488,0.82169657 0.75537217 1.9094488,
  0.98186302 0.53077054 1.9094488,1.0820514 0.2737463 1.9094488,
  1.1161417 0 1.9094488,1.0820514 -0.2737463 1.9094488,
  0.98186302 -0.53077054 1.9094488,0.82169657 -0.75537217 1.9094488,
  0.611336 -0.93383117 1.9094488,0.3636314 -1.0552462 1.9094488,
  0.093714029 -1.1122005 1.9094488,-0.18192795 -1.1012151 1.9094488,
  -0.44645669 -1.0229608 1.9094488,0.75777281 -0.10220533 1.9094488,
  0.75777281 -0.0075751307 1.9094488,0.75752677 0.035439801 1.9094488,
  0.75427131 0.055958101 1.9094488,0.74935165 0.06559826 1.9094488,
  0.74449453 0.070909986 1.9094488,0.73562262 0.076772489 1.9094488,
  0.72497421 0.080403757 1.9094488,0.71016359 0.081588914 1.9094488,
  0.6960333 0.079178697 1.9094488,0.68330822 0.073390638 1.9094488,
  0.67273526 0.065141196 1.9094488,0.66655723 0.056572706 1.9094488,
  0.66139811 0.042911691 1.9094488,0.65816347 -0.031883255 1.9094488,
  0.65816347 -0.10220533 1.9094488,0.79296298 -0.10220533 1.9094488,
  0.65470214 0.077591442 1.9094488,0.66794813 0.092998124 1.9094488,
  0.68220426 0.10299488 1.9094488,0.69691363 0.10884557 1.9094488,
  0.71339213 0.11170464 1.9094488,0.73113443 0.11154422 1.9094488,
  0.74771424 0.10832106 1.9094488,0.76361002 0.10168488 1.9094488,
  0.77438826 0.093811129 1.9094488,0.78177354 0.084953504 1.9094488,
  0.78725238 0.074178033 1.9094488,0.7908973 0.061909942 1.9094488,
  0.79296298 -0.020114425 1.9094488,0.65470214 0.10739732 1.9094488,
  0.62278101 0.10739732 1.9094488,0.62278101 -0.10220533 1.9094488,
  0.56855353 0.18700787 1.9094488,0.56855353 0.14643341 1.9094488,
  0.53317106 0.18700787 1.9094488,0.53317106 0.14643341 1.9094488,
  0.29780074 0.067784345 1.9094488,0.28427875 0.073562316 1.9094488,
  0.27332593 0.075259344 1.9094488,0.26253489 0.074056886 1.9094488,
  0.25592782 0.07144036 1.9094488,0.24979795 0.067358457 1.9094488,
  0.24471255 0.062178756 1.9094488,0.23949345 0.053401029 1.9094488,
  0.2351817 0.039417521 1.9094488,0.23259481 0.023292224 1.9094488,
  0.23184321 -0.024102734 1.9094488,0.23184321 -0.10220533 1.9094488,
  0.31049228 0.10066696 1.9094488,0.22857418 0.075476186 1.9094488,
  0.24210817 0.09612719 1.9094488,0.25035589 0.10424062 1.9094488,
  0.26016525 0.10959351 1.9094488,0.27089629 0.11190427 1.9094488,
  0.28524209 0.1109067 1.9094488,0.29782224 0.10711368 1.9094488,
  0.22857418 0.10739732 1.9094488,0.19665304 0.10739732 1.9094488,
  0.19665304 -0.10220533 1.9094488,-0.32350768 0.14412586 1.9094488,
  -0.32350768 -0.10220533 1.9094488,-0.24005121 -0.10220533 1.9094488,
  -0.20563022 -0.10220533 1.9094488,-0.12140457 0.13970305 1.9094488,
  -0.12140457 -0.10220533 1.9094488,-0.084676032 -0.10220533 1.9094488,
  -0.084676032 0.18700787 1.9094488,-0.13563448 0.18700787 1.9094488,
  -0.22082161 -0.060477097 1.9094488,-0.3031243 0.18700787 1.9094488,
  -0.36023622 0.18700787 1.9094488,-0.36023622 -0.10220533 1.9094488,
  -0.0083555081 0.41732283 1.9094488,0.3016448 0.41732283 1.9094488,
  0.36483096 0.52411911 1.9094488,0.17938447 0.52411911 1.9094488,
  0.21614128 0.58656566 1.9094488,0.40150634 0.58656566 1.9094488,
  0.4651607 0.69536365 1.9094488,0.2806031 0.69536365 1.9094488,
  0.31156513 0.74626813 1.9094488,0.49553239 0.74626813 1.9094488,
  0.55965494 0.85520861 1.9094488,0.24685903 0.85520861 1.9094488,
  -0.21389373 0.41732283 1.9094488,-0.31732442 0.41732283 1.9094488,
  -0.16419706 0.49253961 1.9094488,-0.1534489 0.41732283 1.9094488,
  -0.040620347 0.41732283 1.9094488,0.21593771 0.85520861 1.9094488,
  0.092361003 0.85520861 1.9094488,-0.044650908 0.62551417 1.9094488,
  -0.056742589 0.69536365 1.9094488,-0.17091466 0.69536365 1.9094488,
  -0.21926781 0.62802479 1.9094488,-0.23001597 0.85520861 1.9094488,
  -0.34015748 0.85520861 1.9094488,0.15319414 -0.10220533 1.9094488,
  0.11704249 -0.10220533 1.9094488,-0.0331407 0.047593264 1.9094488,
  -0.025167267 0.071560415 1.9094488,-0.018809386 0.081956296 1.9094488,
  -0.010562229 0.090810407 1.9094488,0.00025384659 0.098470675 1.9094488,
  0.013472921 0.10459235 1.9094488,0.030359367 0.10927247 1.9094488,
  0.051723974 0.11178359 1.9094488,0.081413839 0.11096028 1.9094488,
  0.10493881 0.10558934 1.9094488,0.12201733 0.096757997 1.9094488,
  0.13002205 0.089321155 1.9094488,0.13573256 0.080170759 1.9094488,
  0.14012074 0.067356193 1.9094488,0.1417766 0.054346909 1.9094488,
  0.14235447 -0.035324588 1.9094488,0.14482314 -0.078740324 1.9094488,
  0.14810505 -0.090653128 1.9094488,0.0016648787 0.042978159 1.9094488,
  0.1068508 0.031055806 1.9094488,0.10649985 0.049341905 1.9094488,
  0.10401518 0.059806683 1.9094488,0.10087406 0.065944904 1.9094488,
  0.096894325 0.070439603 1.9094488,0.088169432 0.076185124 1.9094488,
  0.075211847 0.080637891 1.9094488,0.059323297 0.082526467 1.9094488,
  0.042140929 0.081794869 1.9094488,0.029534948 0.078916824 1.9094488,
  0.01950891 0.073856593 1.9094488,0.013861535 0.06864578 1.9094488,
  0.0090101378 0.061750647 1.9094488,0.0049504371 0.053191275 1.9094488,
  0.10935065 -0.075860778 1.9094488,0.083026832 -0.094681482 1.9094488,
  0.060191562 -0.10355278 1.9094488,0.034916291 -0.10698673 1.9094488,
  0.010212995 -0.10496312 1.9094488,-0.0063464783 -0.099637408 1.9094488,
  -0.018938383 -0.091733968 1.9094488,-0.029132708 -0.080792826 1.9094488,
  -0.035473909 -0.068927196 1.9094488,-0.038774497 -0.055447147 1.9094488,
  -0.038996953 -0.040589526 1.9094488,-0.035848728 -0.026469907 1.9094488,
  -0.029268537 -0.013631418 1.9094488,-0.02004373 -0.0030314301 1.9094488,
  -0.0086441269 0.0048323942 1.9094488,0.0041081756 0.010845355 1.9094488,
  0.059087552 0.020861177 1.9094488,0.11255294 -0.091488456 1.9094488,
  0.11062784 -0.084005991 1.9094488,0.36683501 -0.019325749 1.9094488,
  0.36683501 -0.10220533 1.9094488,0.39183349 0.0050958444 1.9094488,
  0.46125235 -0.10220533 1.9094488,0.50509584 -0.10220533 1.9094488,
  0.41702427 0.029517438 1.9094488,0.49701941 0.10739732 1.9094488,
  0.45106066 0.10739732 1.9094488,0.36683501 0.022017894 1.9094488,
  0.36683501 0.18700787 1.9094488,0.33164484 0.18700787 1.9094488,
  0.33164484 -0.10220533 1.9094488,0.56855353 0.10739732 1.9094488,
  0.56855353 -0.10220533 1.9094488,0.53317106 0.10739732 1.9094488,
  0.53317106 -0.10220533 1.9094488,0.98622047 0.10739732 1.9094488,
  1.0181416 0.10739732 1.9094488,0.98622047 0.081629658 1.9094488,
  0.98275914 -0.074899298 1.9094488,0.9701578 -0.087027021 1.9094488,
  0.95607038 -0.095607001 1.9094488,0.94049688 -0.10065809 1.9094488,
  0.92344274 -0.10220071 1.9094488,0.90662509 -0.10073997 1.9094488,
  0.89142399 -0.09666829 1.9094488,0.87785922 -0.089985684 1.9094488,
  0.86595058 -0.080692148 1.9094488,0.85572156 -0.068811255 1.9094488,
  0.84499031 -0.050618177 1.9094488,0.83709321 -0.02792346 1.9094488,
  0.83368164 -0.0029023758 1.9094488,0.8347584 0.023259771 1.9094488,
  0.84019903 0.04771749 1.9094488,0.84709858 0.064709812 1.9094488,
  0.8562489 0.079449305 1.9094488,0.86753453 0.091595179 1.9094488,
  0.8810904 0.10130868 1.9094488,0.8968714 0.10809444 1.9094488,
  0.9143994 0.11152836 1.9094488,0.93263095 0.11165543 1.9094488,
  0.94910865 0.10832262 1.9094488,0.96404175 0.10150007 1.9094488,
  0.97568126 0.092846335 1.9094488,0.87507338 -0.12412708 1.9094488,
  0.87783673 -0.13495945 1.9094488,0.88083739 -0.14081485 1.9094488,
  0.88499182 -0.14577003 1.9094488,0.89364609 -0.15151195 1.9094488,
  0.90504786 -0.15558235 1.9094488,0.91862546 -0.15746337 1.9094488,
  0.93670297 -0.15679949 1.9094488,0.94991172 -0.15385759 1.9094488,
  0.96060566 -0.14873634 1.9094488,0.96931325 -0.1411642 1.9094488,
  0.97590157 -0.13151581 1.9094488,0.98028262 -0.12019687 1.9094488,
  0.98190383 -0.10967064 1.9094488,0.84084469 -0.11931968 1.9094488,
  1.0163855 -0.10995179 1.9094488,1.0118397 -0.13350434 1.9094488,
  1.0062423 -0.14653627 1.9094488,0.99760479 -0.15868935 1.9094488,
  0.98644198 -0.16897578 1.9094488,0.9726624 -0.17729848 1.9094488,
  0.95656648 -0.18319915 1.9094488,0.9382912 -0.18648169 1.9094488,
  0.90550982 -0.18610228 1.9094488,0.88009215 -0.17968171 1.9094488,
  0.86308063 -0.17036631 1.9094488,0.85360614 -0.16163787 1.9094488,
  0.84660272 -0.15069807 1.9094488,0.84235317 -0.13779181 1.9094488,
  0.84109369 -0.12892017 1.9094488] }
 coordIndex [
  232,9,231,-1,230,231,9,-1,233,9,232,-1,229,230,9,-1,234,9,233,-1,228,229,9,-1,235,10,9,-1,235,9,234,-1,
  8,228,9,-1,236,10,235,-1,237,10,236,-1,189,226,188,-1,190,224,225,-1,190,225,226,-1,190,226,189,-1,191,220,221,-1,
  191,221,222,-1,191,222,223,-1,191,223,224,-1,191,224,190,-1,238,10,237,-1,192,220,191,-1,192,218,219,-1,192,219,220,-1,
  193,218,192,-1,193,214,215,-1,193,215,216,-1,193,216,217,-1,193,217,218,-1,213,214,193,-1,194,213,193,-1,195,213,194,-1,
  227,213,195,-1,196,227,195,-1,197,227,196,-1,33,227,197,-1,33,240,241,-1,33,241,242,-1,33,242,227,-1,33,197,198,-1,
  185,212,187,-1,211,212,185,-1,17,239,240,-1,17,240,33,-1,210,211,185,-1,46,33,198,-1,46,198,199,-1,46,199,200,-1,
  201,46,200,-1,7,209,210,-1,7,186,8,-1,7,210,185,-1,7,185,186,-1,208,209,7,-1,207,208,7,-1,32,238,239,-1,
  32,239,17,-1,32,10,238,-1,45,202,203,-1,45,201,202,-1,49,11,10,-1,49,10,32,-1,44,203,204,-1,44,45,203,-1,
  43,204,205,-1,43,44,204,-1,31,17,18,-1,31,32,17,-1,42,205,206,-1,42,43,205,-1,22,20,21,-1,182,11,49,-1,
  41,206,207,-1,41,42,206,-1,23,20,22,-1,24,20,23,-1,24,19,20,-1,40,41,207,-1,184,11,182,-1,25,19,24,-1,
  30,31,18,-1,30,18,19,-1,26,19,25,-1,27,19,26,-1,27,29,30,-1,27,30,19,-1,28,29,27,-1,173,11,184,-1,
  172,12,11,-1,172,11,173,-1,47,34,35,-1,47,35,36,-1,47,36,37,-1,170,12,172,-1,6,40,207,-1,6,39,40,-1,
  6,207,7,-1,180,13,12,-1,180,12,170,-1,51,181,48,-1,174,173,184,-1,174,183,175,-1,174,184,183,-1,53,181,51,-1,
  53,175,183,-1,53,183,181,-1,169,170,172,-1,169,172,171,-1,50,37,38,-1,50,38,39,-1,50,47,37,-1,50,48,47,-1,
  50,39,6,-1,50,51,48,-1,176,53,52,-1,176,175,53,-1,65,13,180,-1,76,13,65,-1,64,65,180,-1,115,13,76,-1,
  134,115,76,-1,133,134,76,-1,116,14,13,-1,116,13,115,-1,63,64,54,-1,62,54,55,-1,62,63,54,-1,61,62,55,-1,
  61,55,56,-1,58,56,57,-1,60,61,56,-1,59,56,58,-1,59,60,56,-1,178,176,52,-1,151,116,167,-1,151,167,168,-1,
  151,168,150,-1,132,133,76,-1,152,116,151,-1,179,70,71,-1,179,71,72,-1,179,72,73,-1,179,73,66,-1,153,116,152,-1,
  153,14,116,-1,74,70,179,-1,74,67,68,-1,74,68,69,-1,74,69,70,-1,154,15,14,-1,154,14,153,-1,75,74,179,-1,
  130,131,75,-1,129,130,75,-1,128,129,75,-1,166,136,137,-1,166,137,138,-1,140,138,139,-1,127,128,75,-1,83,15,154,-1,
  83,154,155,-1,83,155,156,-1,83,156,157,-1,83,157,158,-1,159,83,158,-1,141,166,138,-1,141,138,140,-1,160,83,159,-1,
  126,127,75,-1,142,166,141,-1,82,15,83,-1,143,166,142,-1,144,166,143,-1,135,164,165,-1,135,165,166,-1,149,135,166,-1,
  145,166,144,-1,148,149,166,-1,146,166,145,-1,147,148,166,-1,147,166,146,-1,117,164,135,-1,117,161,162,-1,117,162,163,-1,
  117,163,164,-1,80,15,82,-1,80,16,15,-1,91,126,75,-1,91,75,179,-1,91,178,52,-1,91,179,178,-1,79,16,80,-1,
  92,52,50,-1,92,91,52,-1,95,6,5,-1,95,50,6,-1,95,92,50,-1,78,16,79,-1,96,95,5,-1,99,96,5,-1,
  89,16,78,-1,84,120,121,-1,84,121,122,-1,84,122,123,-1,84,123,124,-1,100,99,5,-1,4,100,5,-1,94,92,95,-1,
  94,93,92,-1,90,126,91,-1,90,124,125,-1,90,125,126,-1,90,84,124,-1,98,96,99,-1,106,84,90,-1,105,84,106,-1,
  105,85,84,-1,102,87,85,-1,102,85,105,-1,104,102,105,-1,3,101,100,-1,3,107,101,-1,3,100,4,-1,103,87,102,-1,
  103,88,87,-1,2,108,107,-1,2,107,3,-1,113,110,108,-1,113,111,110,-1,1,114,113,-1,1,108,2,-1,1,113,108,-1,
  0,103,114,-1,0,88,103,-1,0,114,1,-1,16,89,0,-1,89,88,0,-1,46,201,45,-1,48,182,49,-1,48,181,182,-1,
  75,132,76,-1,75,131,132,-1,77,78,79,-1,80,82,81,-1,83,160,84,-1,160,161,84,-1,161,117,84,-1,117,118,84,-1,
  118,119,84,-1,119,120,84,-1,85,87,86,-1,96,98,97,-1,101,107,90,-1,106,90,107,-1,108,110,109,-1,112,111,113,-1,
  177,176,178,-1,179,66,180,-1,66,54,180,-1,54,64,180,-1,228,8,186,-1]
  normalPerVertex TRUE
  normal DEF NORM_119 Normal { vector [
  0 0 1,0 0 1,
  0 0 1,0 0 1,
  0 0 1,0 0 1,
  0 0 1,0 0 1,
  0 0 1,0 0 1,
  0 0 1,0 0 1,
  0 0 1,0 0 1,
  0 0 1,0 0 1,
  0 0 1,0 0 1,
  0 0 1,0 0 1,
  0 0 1,0 0 1,
  0 0 1,0 0 1,
  0 0 1,0 0 1,
  0 0 1,0 0 1,
  0 0 1,0 0 1,
  0 0 1,0 0 1,
  0 0 1,0 0 1,
  0 0 1,0 0 1,
  0 0 1,0 0 1,
  0 0 1,0 0 1,
  0 0 1,0 0 1,
  0 0 1,0 0 1,
  0 0 1,0 0 1,
  0 0 1,0 0 1,
  0 0 1,0 0 1,
  0 0 1,0 0 1,
  0 0 1,0 0 1,
  0 0 1,0 0 1,
  0 0 1,0 0 1,
  0 0 1,0 0 1,
  0 0 1,0 0 1,
  0 0 1,0 0 1,
  0 0 1,0 0 1,
  0 0 1,0 0 1,
  0 0 1,0 0 1,
  0 0 1,0 0 1,
  0 0 1,0 0 1,
  0 0 1,0 0 1,
  0 0 1,0 0 1,
  0 0 1,0 0 1,
  0 0 1,0 0 1,
  0 0 1,0 0 1,
  0 0 1,0 0 1,
  0 0 1,0 0 1,
  0 0 1,0 0 1,
  0 0 1,0 0 1,
  0 0 1,0 0 1,
  0 0 1,0 0 1,
  0 0 1,0 0 1,
  0 0 1,0 0 1,
  0 0 1,0 0 1,
  0 0 1,0 0 1,
  0 0 1,0 0 1,
  0 0 1,0 0 1,
  0 0 1,0 0 1,
  0 0 1,0 0 1,
  0 0 1,0 0 1,
  0 0 1,0 0 1,
  0 0 1,0 0 1,
  0 0 1,0 0 1,
  0 0 1,0 0 1,
  0 0 1,0 0 1,
  0 0 1,0 0 1,
  0 0 1,0 0 1,
  0 0 1,0 0 1,
  0 0 1,0 0 1,
  0 0 1,0 0 1,
  0 0 1,0 0 1,
  0 0 1,0 0 1,
  0 0 1,0 0 1,
  0 0 1,0 0 1,
  0 0 1,0 0 1,
  0 0 1,0 0 1,
  0 0 1,0 0 1,
  0 0 1,0 0 1,
  0 0 1,0 0 1,
  0 0 1,0 0 1,
  0 0 1,0 0 1,
  0 0 1,0 0 1,
  0 0 1,0 0 1,
  0 0 1,0 0 1,
  0 0 1,0 0 1,
  0 0 1,0 0 1,
  0 0 1,0 0 1,
  0 0 1,0 0 1,
  0 0 1,0 0 1,
  0 0 1,0 0 1,
  0 0 1,0 0 1,
  0 0 1,0 0 1,
  0 0 1,0 0 1,
  0 0 1,0 0 1,
  0 0 1,0 0 1,
  0 0 1,0 0 1,
  0 0 1,0 0 1,
  0 0 1,0 0 1,
  0 0 1,0 0 1,
  0 0 1,0 0 1,
  0 0 1,0 0 1,
  0 0 1,0 0 1,
  0 0 1,0 0 1,
  0 0 1,0 0 1,
  0 0 1,0 0 1,
  0 0 1,0 0 1,
  0 0 1,0 0 1,
  0 0 1,0 0 1,
  0 0 1,0 0 1,
  0 0 1,0 0 1,
  0 0 1,0 0 1,
  0 0 1,0 0 1,
  0 0 1,0 0 1,
  0 0 1,0 0 1,
  0 0 1,0 0 1,
  0 0 1,0 0 1,
  0 0 1,0 0 1,
  0 0 1,0 0 1,
  0 0 1,0 0 1,
  0 0 1,0 0 1,
  0 0 1,0 0 1,
  0 0 1,0 0 1,
  0 0 1,0 0 1,
  0 0 1,0 0 1,
  0 0 1] }
}
}
DEF SHAPE_120 Shape {
 appearance USE APP_3
 geometry DEF FACE_120 IndexedFaceSet {
  coord DEF COORD_120 Coordinate { point [
  0.58566658 0.13699812 0.074409449,0.56329039 0.13758687 0.074409449,
  0.5411141 0.13454499 0.074409449,0.51972291 0.12795276 0.074409449,
  0.53527135 0.27433267 0.074409449,0.45321255 0.39543927 0.074409449,
  0.3443443 0.49315397 0.074409449,0.21510662 0.56169651 0.074409449,
  0.073144476 0.59701233 0.074409449,-0.073144476 0.59701233 0.074409449,
  -0.21510662 0.56169651 0.074409449,-0.3443443 0.49315397 0.074409449,
  -0.45321255 0.39543927 0.074409449,-0.53527135 0.27433267 0.074409449,
  -0.58566658 0.13699812 0.074409449,-0.51972291 0.12795276 0.074409449,
  -0.5411141 0.13454499 0.074409449,-0.56329039 0.13758687 0.074409449,
  -0.51181102 0.12795276 0.074409449,-0.51181102 0.12449912 0.074409449,
  -0.4684717 0.092211262 0.074409449,-0.48145593 0.10484918 0.074409449,
  -0.49598611 0.11567419 0.074409449,0.4684717 0.092211262 0.074409449,
  0.43104062 0.20535977 0.074409449,0.36675339 0.30571327 0.074409449,
  0.27961546 0.38701918 0.074409449,0.17505598 0.44421172 0.074409449,
  0.059589578 0.47372749 0.074409449,-0.059589578 0.47372749 0.074409449,
  -0.17505598 0.44421172 0.074409449,-0.27961546 0.38701918 0.074409449,
  -0.36675339 0.30571327 0.074409449,-0.43104062 0.20535977 0.074409449,
  0.51181102 0.12449912 0.074409449,0.49598611 0.11567419 0.074409449,
  0.48145593 0.10484918 0.074409449,0.51181102 0.12795276 0.074409449] }
 coordIndex [
  18,15,16,-1,22,19,18,-1,13,16,17,-1,13,17,14,-1,13,18,16,-1,33,20,21,-1,33,21,22,-1,33,22,18,-1,
  33,18,13,-1,32,33,13,-1,12,32,13,-1,31,32,12,-1,11,31,12,-1,30,31,11,-1,10,30,11,-1,29,30,10,-1,
  9,29,10,-1,24,35,36,-1,24,36,23,-1,37,34,35,-1,37,35,24,-1,8,28,29,-1,8,29,9,-1,2,3,37,-1,
  7,28,8,-1,7,27,28,-1,4,0,1,-1,4,1,2,-1,4,24,25,-1,4,37,24,-1,4,2,37,-1,6,27,7,-1,
  6,26,27,-1,5,26,6,-1,5,25,26,-1,5,4,25,-1]
  normalPerVertex TRUE
  normal DEF NORM_120 Normal { vector [
  0 0 -1,0 0 -1,
  0 0 -1,0 0 -1,
  0 0 -1,0 0 -1,
  0 0 -1,0 0 -1,
  0 0 -1,0 0 -1,
  0 0 -1,0 0 -1,
  0 0 -1,0 0 -1,
  0 0 -1,0 0 -1,
  0 0 -1,0 0 -1,
  0 0 -1,0 0 -1,
  0 0 -1,0 0 -1,
  0 0 -1,0 0 -1,
  0 0 -1,0 0 -1,
  0 0 -1,0 0 -1,
  0 0 -1,0 0 -1,
  0 0 -1,0 0 -1,
  0 0 -1,0 0 -1,
  0 0 -1,0 0 -1,
  0 0 -1,0 0 -1] }
}
}
DEF SHAPE_121 Shape {
 appearance USE APP_2
 geometry DEF FACE_121 IndexedFaceSet {
  coord DEF COORD_121 Coordinate { point [
  0.86988138 0.0062496205 1.9094488,0.87338159 -0.026976518 1.9094488,
  0.87779977 -0.040065723 1.9094488,0.88439315 -0.051278858 1.9094488,
  0.89443165 -0.061397461 1.9094488,0.90547551 -0.068097207 1.9094488,
  0.91790296 -0.071799459 1.9094488,0.93166155 -0.07247167 1.9094488,
  0.94481112 -0.070044577 1.9094488,0.95551843 -0.065155863 1.9094488,
  0.96698721 -0.055848138 1.9094488,0.97494896 -0.045276297 1.9094488,
  0.98021562 -0.033501836 1.9094488,0.98372365 -0.019475101 1.9094488,
  0.98562896 0.0027627397 1.9094488,0.98390271 0.027557737 1.9094488,
  0.97830931 0.047152754 1.9094488,0.97098045 0.059940663 1.9094488,
  0.96038023 0.070870563 1.9094488,0.94884909 0.07796387 1.9094488,
  0.93745331 0.08155196 1.9094488,0.92514783 0.082581363 1.9094488,
  0.91309655 0.080839144 1.9094488,0.90202776 0.076252266 1.9094488,
  0.89200932 0.068929629 1.9094488,0.88193948 0.057091223 1.9094488,
  0.87482646 0.04185622 1.9094488,0.87111856 0.025415936 1.9094488] }
 coordIndex [
  7,8,9,-1,7,9,10,-1,4,5,6,-1,4,6,7,-1,3,4,7,-1,2,10,11,-1,2,11,12,-1,2,7,10,-1,
  2,3,7,-1,1,12,13,-1,1,2,12,-1,0,13,14,-1,0,14,15,-1,0,1,13,-1,20,18,19,-1,27,0,15,-1,
  26,15,16,-1,26,16,17,-1,26,27,15,-1,23,21,22,-1,25,17,18,-1,25,26,17,-1,24,20,21,-1,24,18,20,-1,
  24,21,23,-1,24,25,18,-1]
  normalPerVertex TRUE
  normal DEF NORM_121 Normal { vector [
  0 0 1,0 0 1,
  0 0 1,0 0 1,
  0 0 1,0 0 1,
  0 0 1,0 0 1,
  0 0 1,0 0 1,
  0 0 1,0 0 1,
  0 0 1,0 0 1,
  0 0 1,0 0 1,
  0 0 1,0 0 1,
  0 0 1,0 0 1,
  0 0 1,0 0 1,
  0 0 1,0 0 1,
  0 0 1,0 0 1,
  0 0 1,0 0 1] }
}
}
DEF SHAPE_122 Shape {
 appearance USE APP_1
 geometry DEF FACE_122 IndexedFaceSet {
  coord DEF COORD_122 Coordinate { point [
  1.0181416 0.10739732 1.9055118,1.0163855 -0.10995179 1.9055118,
  1.0118397 -0.13350434 1.9055118,1.0062423 -0.14653627 1.9055118,
  0.99760479 -0.15868935 1.9055118,0.98644198 -0.16897578 1.9055118,
  0.9726624 -0.17729848 1.9055118,0.95656648 -0.18319915 1.9055118,
  0.9382912 -0.18648169 1.9055118,0.90550982 -0.18610228 1.9055118,
  0.88009215 -0.17968171 1.9055118,0.86308063 -0.17036631 1.9055118,
  0.85360614 -0.16163787 1.9055118,0.84660272 -0.15069807 1.9055118,
  0.84235317 -0.13779181 1.9055118,0.84109369 -0.12892017 1.9055118,
  0.84084469 -0.11931968 1.9055118,0.98622047 0.10739732 1.9055118,
  0.98622047 0.081629658 1.9055118,0.98275914 -0.074899298 1.9055118,
  0.9701578 -0.087027021 1.9055118,0.95607038 -0.095607001 1.9055118,
  0.94049688 -0.10065809 1.9055118,0.92344274 -0.10220071 1.9055118,
  0.90662509 -0.10073997 1.9055118,0.89142399 -0.09666829 1.9055118,
  0.87785922 -0.089985684 1.9055118,0.86595058 -0.080692148 1.9055118,
  0.85572156 -0.068811255 1.9055118,0.84499031 -0.050618177 1.9055118,
  0.83709321 -0.02792346 1.9055118,0.83368164 -0.0029023758 1.9055118,
  0.8347584 0.023259771 1.9055118,0.84019903 0.04771749 1.9055118,
  0.84709858 0.064709812 1.9055118,0.8562489 0.079449305 1.9055118,
  0.86753453 0.091595179 1.9055118,0.8810904 0.10130868 1.9055118,
  0.8968714 0.10809444 1.9055118,0.9143994 0.11152836 1.9055118,
  0.93263095 0.11165543 1.9055118,0.94910865 0.10832262 1.9055118,
  0.96404175 0.10150007 1.9055118,0.97568126 0.092846335 1.9055118,
  0.87507338 -0.12412708 1.9055118,0.87783673 -0.13495945 1.9055118,
  0.88083739 -0.14081485 1.9055118,0.88499182 -0.14577003 1.9055118,
  0.89364609 -0.15151195 1.9055118,0.90504786 -0.15558235 1.9055118,
  0.91862546 -0.15746337 1.9055118,0.93670297 -0.15679949 1.9055118,
  0.94991172 -0.15385759 1.9055118,0.96060566 -0.14873634 1.9055118,
  0.96931325 -0.1411642 1.9055118,0.97590157 -0.13151581 1.9055118,
  0.98028262 -0.12019687 1.9055118,0.98190383 -0.10967064 1.9055118,
  0.86988138 0.0062496205 1.9055118,0.87338159 -0.026976518 1.9055118,
  0.87779977 -0.040065723 1.9055118,0.88439315 -0.051278858 1.9055118,
  0.89443165 -0.061397461 1.9055118,0.90547551 -0.068097207 1.9055118,
  0.91790296 -0.071799459 1.9055118,0.93166155 -0.07247167 1.9055118,
  0.94481112 -0.070044577 1.9055118,0.95551843 -0.065155863 1.9055118,
  0.96698721 -0.055848138 1.9055118,0.97494896 -0.045276297 1.9055118,
  0.98021562 -0.033501836 1.9055118,0.98372365 -0.019475101 1.9055118,
  0.98562896 0.0027627397 1.9055118,0.98390271 0.027557737 1.9055118,
  0.97830931 0.047152754 1.9055118,0.97098045 0.059940663 1.9055118,
  0.96038023 0.070870563 1.9055118,0.94884909 0.07796387 1.9055118,
  0.93745331 0.08155196 1.9055118,0.92514783 0.082581363 1.9055118,
  0.91309655 0.080839144 1.9055118,0.90202776 0.076252266 1.9055118,
  0.89200932 0.068929629 1.9055118,0.88193948 0.057091223 1.9055118,
  0.87482646 0.04185622 1.9055118,0.87111856 0.025415936 1.9055118] }
 coordIndex [
  47,11,10,-1,46,12,11,-1,46,13,12,-1,46,11,47,-1,48,47,10,-1,45,14,13,-1,45,13,46,-1,49,48,10,-1,
  49,10,9,-1,44,14,45,-1,44,15,14,-1,44,16,15,-1,50,9,8,-1,50,49,9,-1,51,50,8,-1,51,8,7,-1,
  52,7,6,-1,52,51,7,-1,53,52,6,-1,5,53,6,-1,54,53,5,-1,62,27,26,-1,61,28,27,-1,61,27,62,-1,
  63,25,24,-1,63,26,25,-1,63,62,26,-1,60,29,28,-1,60,28,61,-1,4,54,5,-1,55,54,4,-1,64,24,23,-1,
  64,63,24,-1,59,30,29,-1,59,31,30,-1,59,29,60,-1,65,23,22,-1,65,64,23,-1,3,55,4,-1,66,22,21,-1,
  66,65,22,-1,58,32,31,-1,58,31,59,-1,2,56,55,-1,2,55,3,-1,67,21,20,-1,67,66,21,-1,85,33,32,-1,
  85,32,58,-1,1,57,56,-1,1,56,2,-1,19,57,1,-1,19,67,20,-1,68,67,19,-1,84,34,33,-1,84,33,85,-1,
  69,68,19,-1,83,34,84,-1,83,35,34,-1,70,19,1,-1,70,69,19,-1,82,35,83,-1,82,36,35,-1,71,70,1,-1,
  37,36,82,-1,37,82,81,-1,72,71,1,-1,38,37,81,-1,38,81,80,-1,39,38,80,-1,39,80,79,-1,40,39,79,-1,
  40,79,78,-1,41,40,78,-1,41,78,77,-1,42,41,77,-1,18,74,73,-1,18,75,74,-1,18,76,75,-1,43,42,77,-1,
  43,76,18,-1,43,77,76,-1,0,72,1,-1,0,17,18,-1,0,18,73,-1,0,73,72,-1]
  normalPerVertex TRUE
  normal DEF NORM_122 Normal { vector [
  0 0 1,0 0 1,
  0 0 1,0 0 1,
  0 0 1,0 0 1,
  0 0 1,0 0 1,
  0 0 1,0 0 1,
  0 0 1,0 0 1,
  0 0 1,0 0 1,
  0 0 1,0 0 1,
  0 0 1,0 0 1,
  0 0 1,0 0 1,
  0 0 1,0 0 1,
  0 0 1,0 0 1,
  0 0 1,0 0 1,
  0 0 1,0 0 1,
  0 0 1,0 0 1,
  0 0 1,0 0 1,
  0 0 1,0 0 1,
  0 0 1,0 0 1,
  0 0 1,0 0 1,
  0 0 1,0 0 1,
  0 0 1,0 0 1,
  0 0 1,0 0 1,
  0 0 1,0 0 1,
  0 0 1,0 0 1,
  0 0 1,0 0 1,
  0 0 1,0 0 1,
  0 0 1,0 0 1,
  0 0 1,0 0 1,
  0 0 1,0 0 1,
  0 0 1,0 0 1,
  0 0 1,0 0 1,
  0 0 1,0 0 1,
  0 0 1,0 0 1,
  0 0 1,0 0 1,
  0 0 1,0 0 1,
  0 0 1,0 0 1,
  0 0 1,0 0 1,
  0 0 1,0 0 1,
  0 0 1,0 0 1,
  0 0 1,0 0 1,
  0 0 1,0 0 1,
  0 0 1,0 0 1,
  0 0 1,0 0 1] }
}
}
DEF SHAPE_123 Shape {
 appearance USE APP_1
 geometry DEF FACE_123 IndexedFaceSet {
  coord DEF COORD_123 Coordinate { point [
  1.0181416 0.10739732 1.9094488,1.0163855 -0.10995179 1.9094488,
  1.0118397 -0.13350434 1.9094488,1.0062423 -0.14653627 1.9094488,
  0.99760479 -0.15868935 1.9094488,0.98644198 -0.16897578 1.9094488,
  0.9726624 -0.17729848 1.9094488,0.95656648 -0.18319915 1.9094488,
  0.9382912 -0.18648169 1.9094488,0.90550982 -0.18610228 1.9094488,
  0.88009215 -0.17968171 1.9094488,0.86308063 -0.17036631 1.9094488,
  0.85360614 -0.16163787 1.9094488,0.84660272 -0.15069807 1.9094488,
  0.84235317 -0.13779181 1.9094488,0.84109369 -0.12892017 1.9094488,
  0.84084469 -0.11931968 1.9094488,1.0181416 0.10739732 1.9055118,
  1.0163855 -0.10995179 1.9055118,1.0118397 -0.13350434 1.9055118,
  1.0062423 -0.14653627 1.9055118,0.99760479 -0.15868935 1.9055118,
  0.98644198 -0.16897578 1.9055118,0.9726624 -0.17729848 1.9055118,
  0.95656648 -0.18319915 1.9055118,0.9382912 -0.18648169 1.9055118,
  0.90550982 -0.18610228 1.9055118,0.88009215 -0.17968171 1.9055118,
  0.86308063 -0.17036631 1.9055118,0.85360614 -0.16163787 1.9055118,
  0.84660272 -0.15069807 1.9055118,0.84235317 -0.13779181 1.9055118,
  0.84109369 -0.12892017 1.9055118,0.84084469 -0.11931968 1.9055118,
  0.86295873 -0.17027812 1.906168] }
 coordIndex [
  1,0,17,-1,1,17,18,-1,2,18,19,-1,2,1,18,-1,3,19,20,-1,3,2,19,-1,4,20,21,-1,4,3,20,-1,
  22,4,21,-1,5,4,22,-1,6,22,23,-1,6,5,22,-1,7,23,24,-1,7,6,23,-1,25,7,24,-1,8,7,25,-1,
  9,25,26,-1,9,8,25,-1,10,26,27,-1,10,9,26,-1,11,27,28,-1,11,10,27,-1,13,29,30,-1,13,12,29,-1,
  14,30,31,-1,14,13,30,-1,15,31,32,-1,15,14,31,-1,33,15,32,-1,16,15,33,-1,34,12,11,-1,34,28,29,-1,
  34,11,28,-1,34,29,12,-1]
  normalPerVertex TRUE
  normal DEF NORM_123 Normal { vector [
  -0.99996736 0.0080791849 0,-0.99984543 0.017581494 0,
  -0.97144002 0.23728523 0,-0.88760129 0.46061258 0,
  -0.74982603 0.66163504 0,-0.59798963 0.80150384 0,
  -0.45887478 0.88850095 0,-0.25812317 0.96611202 0,
  -0.056769152 0.99838733 0,0.078666764 0.99690097 0,
  0.31043277 0.95059534 0,0.52588194 0.85055677 -0.0011738191,
  0.74215092 0.67023088 -0.0016034356,0.88546268 0.4647105 0,
  0.96262448 0.27083964 0,0.99668219 0.081391728 0,
  0.99966383 0.025927507 0,-0.99996736 0.0080791849 0,
  -0.99915976 0.040985018 0,-0.9531825 0.30239563 0,
  -0.85272612 0.52235827 0,-0.74982603 0.66163504 0,
  -0.59798963 0.80150384 0,-0.40101189 0.91607285 0,
  -0.25812317 0.96611202 0,-0.056769152 0.99838733 0,
  0.15616882 0.98773038 0,0.388369 0.92150394 0,
  0.50189201 0.86492614 0.0026817071,0.78852142 0.61500563 0.0014307794,
  0.92138541 0.38865014 0,0.97647292 0.21564006 0,
  0.99668219 0.081391728 0,0.99966383 0.025927507 0,
  0.67755712 0.73547015 0] }
}
}
DEF SHAPE_124 Shape {
 appearance USE APP_1
 geometry DEF FACE_124 IndexedFaceSet {
  coord DEF COORD_124 Coordinate { point [
  0.65816347 -0.10220533 1.9055118,0.62278101 -0.10220533 1.9055118,
  0.75777281 -0.10220533 1.9055118,0.75777281 -0.0075751307 1.9055118,
  0.75752677 0.035439801 1.9055118,0.75427131 0.055958101 1.9055118,
  0.74935165 0.06559826 1.9055118,0.74449453 0.070909986 1.9055118,
  0.73562262 0.076772489 1.9055118,0.72497421 0.080403757 1.9055118,
  0.71016359 0.081588914 1.9055118,0.6960333 0.079178697 1.9055118,
  0.68330822 0.073390638 1.9055118,0.67273526 0.065141196 1.9055118,
  0.66655723 0.056572706 1.9055118,0.66139811 0.042911691 1.9055118,
  0.65816347 -0.031883255 1.9055118,0.79296298 -0.10220533 1.9055118,
  0.65470214 0.077591442 1.9055118,0.66794813 0.092998124 1.9055118,
  0.68220426 0.10299488 1.9055118,0.69691363 0.10884557 1.9055118,
  0.71339213 0.11170464 1.9055118,0.73113443 0.11154422 1.9055118,
  0.74771424 0.10832106 1.9055118,0.76361002 0.10168488 1.9055118,
  0.77438826 0.093811129 1.9055118,0.78177354 0.084953504 1.9055118,
  0.78725238 0.074178033 1.9055118,0.7908973 0.061909942 1.9055118,
  0.79296298 -0.020114425 1.9055118,0.65470214 0.10739732 1.9055118,
  0.62278101 0.10739732 1.9055118] }
 coordIndex [
  16,1,0,-1,32,16,15,-1,32,1,16,-1,18,15,14,-1,18,32,15,-1,13,18,14,-1,19,13,12,-1,19,18,13,-1,
  31,32,18,-1,30,3,2,-1,30,2,17,-1,20,12,11,-1,20,19,12,-1,4,3,30,-1,21,11,10,-1,21,20,11,-1,
  22,10,9,-1,22,21,10,-1,23,9,8,-1,23,22,9,-1,29,5,4,-1,29,4,30,-1,24,23,8,-1,28,6,5,-1,
  28,5,29,-1,25,8,7,-1,25,24,8,-1,27,6,28,-1,26,6,27,-1,26,7,6,-1,26,25,7,-1]
  normalPerVertex TRUE
  normal DEF NORM_124 Normal { vector [
  0 0 1,0 0 1,
  0 0 1,0 0 1,
  0 0 1,0 0 1,
  0 0 1,0 0 1,
  0 0 1,0 0 1,
  0 0 1,0 0 1,
  0 0 1,0 0 1,
  0 0 1,0 0 1,
  0 0 1,0 0 1,
  0 0 1,0 0 1,
  0 0 1,0 0 1,
  0 0 1,0 0 1,
  0 0 1,0 0 1,
  0 0 1,0 0 1,
  0 0 1,0 0 1,
  0 0 1,0 0 1,
  0 0 1] }
}
}
DEF SHAPE_125 Shape {
 appearance USE APP_1
 geometry DEF FACE_125 IndexedFaceSet {
  coord DEF COORD_125 Coordinate { point [
  0.75777281 -0.10220533 1.9094488,0.75777281 -0.0075751307 1.9094488,
  0.75752677 0.035439801 1.9094488,0.75427131 0.055958101 1.9094488,
  0.74935165 0.06559826 1.9094488,0.74449453 0.070909986 1.9094488,
  0.73562262 0.076772489 1.9094488,0.72497421 0.080403757 1.9094488,
  0.71016359 0.081588914 1.9094488,0.6960333 0.079178697 1.9094488,
  0.68330822 0.073390638 1.9094488,0.67273526 0.065141196 1.9094488,
  0.66655723 0.056572706 1.9094488,0.66139811 0.042911691 1.9094488,
  0.65816347 -0.031883255 1.9094488,0.65816347 -0.10220533 1.9094488,
  0.75777281 -0.10220533 1.9055118,0.75777281 -0.0075751307 1.9055118,
  0.75752677 0.035439801 1.9055118,0.75427131 0.055958101 1.9055118,
  0.74935165 0.06559826 1.9055118,0.74449453 0.070909986 1.9055118,
  0.73562262 0.076772489 1.9055118,0.72497421 0.080403757 1.9055118,
  0.71016359 0.081588914 1.9055118,0.6960333 0.079178697 1.9055118,
  0.68330822 0.073390638 1.9055118,0.67273526 0.065141196 1.9055118,
  0.66655723 0.056572706 1.9055118,0.66139811 0.042911691 1.9055118,
  0.65816347 -0.031883255 1.9055118,0.65816347 -0.10220533 1.9055118,
  0.7535423 0.057977248 1.9060742] }
 coordIndex [
  1,0,16,-1,1,16,17,-1,2,17,18,-1,2,1,17,-1,3,18,19,-1,3,2,18,-1,21,4,20,-1,5,4,21,-1,
  6,21,22,-1,6,5,21,-1,7,22,23,-1,7,6,22,-1,8,23,24,-1,8,7,23,-1,9,24,25,-1,9,8,24,-1,
  10,25,26,-1,10,9,25,-1,11,26,27,-1,11,10,26,-1,12,27,28,-1,12,11,27,-1,13,28,29,-1,13,12,28,-1,
  14,29,30,-1,14,13,29,-1,15,30,31,-1,15,14,30,-1,32,4,3,-1,32,19,20,-1,32,3,19,-1,32,20,4,-1]
  normalPerVertex TRUE
  normal DEF NORM_125 Normal { vector [
  1 0 0,0.99999944 0.0010592506 0,
  0.99938203 0.035150468 0,0.97587856 0.21786251 0.014034645,
  0.82530609 0.5642179 0.022978869,0.63125218 0.77557764 0,
  0.47573569 0.87958829 0,0.22780817 0.97370603 0,
  -0.00091204496 0.99999958 0,-0.25057655 0.96809679 0,
  -0.48215866 0.87608391 0,-0.67602386 0.73687973 0,
  -0.86925851 0.4943578 0,-0.9913075 0.13156538 0,
  -0.99956758 0.029404879 0,-1 0 0,
  1 0 0,0.99999629 0.0027237565 0,
  0.99678425 0.080132089 0,0.98087841 0.19225294 -0.030271468,
  0.82564377 0.56258247 -0.042583139,0.63125218 0.77557764 0,
  0.39893567 0.91697891 0,0.14740682 0.98907595 0,
  -0.084102532 0.99645711 0,-0.3331752 0.94286494 0,
  -0.54967503 0.83537857 0,-0.74211194 0.67027597 0,
  -0.90861896 0.41762613 0,-0.99747274 0.071050187 0,
  -0.99988731 0.015012487 0,-1 0 0,
  0.89071654 0.45455918 0] }
}
}
DEF SHAPE_126 Shape {
 appearance USE APP_1
 geometry DEF FACE_126 IndexedFaceSet {
  coord DEF COORD_126 Coordinate { point [
  0.22857418 0.075476186 1.9094488,0.24210817 0.09612719 1.9094488,
  0.25035589 0.10424062 1.9094488,0.26016525 0.10959351 1.9094488,
  0.27089629 0.11190427 1.9094488,0.28524209 0.1109067 1.9094488,
  0.29782224 0.10711368 1.9094488,0.31049228 0.10066696 1.9094488,
  0.22857418 0.075476186 1.9055118,0.24210817 0.09612719 1.9055118,
  0.25035589 0.10424062 1.9055118,0.26016525 0.10959351 1.9055118,
  0.27089629 0.11190427 1.9055118,0.28524209 0.1109067 1.9055118,
  0.29782224 0.10711368 1.9055118,0.31049228 0.10066696 1.9055118,
  0.25126511 0.10489748 1.9068241,0.27395604 0.11201243 1.9068241] }
 coordIndex [
  1,0,8,-1,1,8,9,-1,2,9,10,-1,2,1,9,-1,4,11,12,-1,4,3,11,-1,6,13,14,-1,6,5,13,-1,
  7,14,15,-1,7,6,14,-1,16,3,2,-1,16,10,11,-1,16,2,10,-1,16,11,3,-1,17,5,4,-1,17,12,13,-1,
  17,4,12,-1,17,13,5,-1]
  normalPerVertex TRUE
  normal DEF NORM_126 Normal { vector [
  0.83638642 -0.54814027 0,0.81358577 -0.58144492 0,
  0.64943237 -0.76031306 -0.012714075,0.37462112 -0.92706949 -0.014183693,
  0.11833995 -0.99238929 -0.034046406,-0.1640749 -0.98584492 -0.034485192,
  -0.3477835 -0.93757487 0,-0.45348845 -0.89126215 0,
  0.83638642 -0.54814027 0,0.7754326 -0.63143035 0,
  0.64716367 -0.76195567 0.02455084,0.31344108 -0.94954036 0.011304564,
  0.11141655 -0.9918098 0.06244738,-0.2137416 -0.97649751 0.027697282,
  -0.40277015 -0.91530116 0,-0.45348845 -0.89126215 0,
  0.47901279 -0.87780792 0,-0.069369554 -0.99759103 0] }
}
}
DEF SHAPE_127 Shape {
 appearance USE APP_1
 geometry DEF FACE_127 IndexedFaceSet {
  coord DEF COORD_127 Coordinate { point [
  0.22857418 0.10739732 1.9094488,0.22857418 0.075476186 1.9094488,
  0.22857418 0.10739732 1.9055118,0.22857418 0.075476186 1.9055118] }
 coordIndex [
  0,2,3,-1,0,3,1,-1]
  normalPerVertex TRUE
  normal DEF NORM_127 Normal { vector [
  -1 0 0,-1 0 0,
  -1 0 0,-1 0 0] }
}
}
DEF SHAPE_128 Shape {
 appearance USE APP_1
 geometry DEF FACE_128 IndexedFaceSet {
  coord DEF COORD_128 Coordinate { point [
  0.19665304 0.10739732 1.9094488,0.22857418 0.10739732 1.9094488,
  0.19665304 0.10739732 1.9055118,0.22857418 0.10739732 1.9055118] }
 coordIndex [
  3,1,0,-1,3,0,2,-1]
  normalPerVertex TRUE
  normal DEF NORM_128 Normal { vector [
  0 -1 0,0 -1 0,
  0 -1 0,0 -1 0] }
}
}
DEF SHAPE_129 Shape {
 appearance USE APP_1
 geometry DEF FACE_129 IndexedFaceSet {
  coord DEF COORD_129 Coordinate { point [
  0.19665304 -0.10220533 1.9094488,0.19665304 0.10739732 1.9094488,
  0.19665304 -0.10220533 1.9055118,0.19665304 0.10739732 1.9055118] }
 coordIndex [
  3,1,0,-1,3,0,2,-1]
  normalPerVertex TRUE
  normal DEF NORM_129 Normal { vector [
  1 0 0,1 0 0,
  1 0 0,1 0 0] }
}
}
DEF SHAPE_130 Shape {
 appearance USE APP_1
 geometry DEF FACE_130 IndexedFaceSet {
  coord DEF COORD_130 Coordinate { point [
  0.23184321 -0.10220533 1.9094488,0.19665304 -0.10220533 1.9094488,
  0.23184321 -0.10220533 1.9055118,0.19665304 -0.10220533 1.9055118] }
 coordIndex [
  0,2,3,-1,0,3,1,-1]
  normalPerVertex TRUE
  normal DEF NORM_130 Normal { vector [
  0 1 0,0 1 0,
  0 1 0,0 1 0] }
}
}
DEF SHAPE_131 Shape {
 appearance USE APP_1
 geometry DEF FACE_131 IndexedFaceSet {
  coord DEF COORD_131 Coordinate { point [
  0.11704249 -0.10220533 1.9055118,0.11255294 -0.091488456 1.9055118,
  0.11062784 -0.084005991 1.9055118,0.10935065 -0.075860778 1.9055118,
  0.15319414 -0.10220533 1.9055118,-0.0331407 0.047593264 1.9055118,
  -0.025167267 0.071560415 1.9055118,-0.018809386 0.081956296 1.9055118,
  -0.010562229 0.090810407 1.9055118,0.00025384659 0.098470675 1.9055118,
  0.013472921 0.10459235 1.9055118,0.030359367 0.10927247 1.9055118,
  0.051723974 0.11178359 1.9055118,0.081413839 0.11096028 1.9055118,
  0.10493881 0.10558934 1.9055118,0.12201733 0.096757997 1.9055118,
  0.13002205 0.089321155 1.9055118,0.13573256 0.080170759 1.9055118,
  0.14012074 0.067356193 1.9055118,0.1417766 0.054346909 1.9055118,
  0.14235447 -0.035324588 1.9055118,0.14482314 -0.078740324 1.9055118,
  0.14810505 -0.090653128 1.9055118,0.0016648787 0.042978159 1.9055118,
  0.1068508 0.031055806 1.9055118,0.10649985 0.049341905 1.9055118,
  0.10401518 0.059806683 1.9055118,0.10087406 0.065944904 1.9055118,
  0.096894325 0.070439603 1.9055118,0.088169432 0.076185124 1.9055118,
  0.075211847 0.080637891 1.9055118,0.059323297 0.082526467 1.9055118,
  0.042140929 0.081794869 1.9055118,0.029534948 0.078916824 1.9055118,
  0.01950891 0.073856593 1.9055118,0.013861535 0.06864578 1.9055118,
  0.0090101378 0.061750647 1.9055118,0.0049504371 0.053191275 1.9055118,
  0.083026832 -0.094681482 1.9055118,0.060191562 -0.10355278 1.9055118,
  0.034916291 -0.10698673 1.9055118,0.010212995 -0.10496312 1.9055118,
  -0.0063464783 -0.099637408 1.9055118,-0.018938383 -0.091733968 1.9055118,
  -0.029132708 -0.080792826 1.9055118,-0.035473909 -0.068927196 1.9055118,
  -0.038774497 -0.055447147 1.9055118,-0.038996953 -0.040589526 1.9055118,
  -0.035848728 -0.026469907 1.9055118,-0.029268537 -0.013631418 1.9055118,
  -0.02004373 -0.0030314301 1.9055118,-0.0086441269 0.0048323942 1.9055118,
  0.0041081756 0.010845355 1.9055118,0.059087552 0.020861177 1.9055118,
  0.0091644232 -0.069707305 1.9055118,0.018161493 -0.075220223 1.9055118,
  0.029621563 -0.078482061 1.9055118,0.042612418 -0.07930235 1.9055118,
  0.054922251 -0.078148087 1.9055118,0.066303509 -0.075240476 1.9055118,
  0.076826068 -0.070614457 1.9055118,0.086153767 -0.0644536 1.9055118,
  0.095129503 -0.055330748 1.9055118,0.1010867 -0.045660371 1.9055118,
  0.10503856 -0.032875622 1.9055118,0.10679457 -0.014498081 1.9055118,
  0.10646621 0.0033651803 1.9055118,0.058477407 -0.0087566538 1.9055118,
  0.020867698 -0.016017806 1.9055118,0.015445689 -0.018245094 1.9055118,
  0.010698938 -0.021122913 1.9055118,0.0041899634 -0.027525635 1.9055118,
  0.00040548485 -0.034395507 1.9055118,-0.0012340352 -0.040685936 1.9055118,
  -0.0011394539 -0.051732302 1.9055118,0.0022865194 -0.061547331 1.9055118] }
 coordIndex [
  54,43,42,-1,75,44,43,-1,75,45,44,-1,75,43,54,-1,55,42,41,-1,55,54,42,-1,74,46,45,-1,74,47,46,-1,
  74,45,75,-1,56,55,41,-1,56,41,40,-1,73,48,47,-1,73,47,74,-1,57,56,40,-1,57,40,39,-1,72,49,48,-1,
  72,48,73,-1,71,49,72,-1,58,57,39,-1,50,49,71,-1,59,58,39,-1,59,39,38,-1,51,50,71,-1,51,71,70,-1,
  60,59,38,-1,52,51,70,-1,52,69,68,-1,52,70,69,-1,61,60,38,-1,3,61,38,-1,62,61,3,-1,63,62,3,-1,
  22,1,0,-1,22,0,4,-1,37,6,5,-1,37,5,23,-1,21,2,1,-1,21,3,2,-1,21,1,22,-1,36,7,6,-1,
  36,6,37,-1,53,52,68,-1,53,68,67,-1,35,8,7,-1,35,7,36,-1,9,35,34,-1,9,8,35,-1,20,63,3,-1,
  20,3,21,-1,20,64,63,-1,20,65,64,-1,66,53,67,-1,66,65,20,-1,10,34,33,-1,10,9,34,-1,24,53,66,-1,
  11,33,32,-1,11,10,33,-1,12,32,31,-1,12,11,32,-1,13,12,31,-1,13,30,29,-1,13,31,30,-1,19,25,24,-1,
  19,66,20,-1,19,24,66,-1,18,25,19,-1,18,26,25,-1,14,13,29,-1,14,29,28,-1,17,27,26,-1,17,26,18,-1,
  15,14,28,-1,15,28,27,-1,16,27,17,-1,16,15,27,-1]
  normalPerVertex TRUE
  normal DEF NORM_131 Normal { vector [
  0 0 1,0 0 1,
  0 0 1,0 0 1,
  0 0 1,0 0 1,
  0 0 1,0 0 1,
  0 0 1,0 0 1,
  0 0 1,0 0 1,
  0 0 1,0 0 1,
  0 0 1,0 0 1,
  0 0 1,0 0 1,
  0 0 1,0 0 1,
  0 0 1,0 0 1,
  0 0 1,0 0 1,
  0 0 1,0 0 1,
  0 0 1,0 0 1,
  0 0 1,0 0 1,
  0 0 1,0 0 1,
  0 0 1,0 0 1,
  0 0 1,0 0 1,
  0 0 1,0 0 1,
  0 0 1,0 0 1,
  0 0 1,0 0 1,
  0 0 1,0 0 1,
  0 0 1,0 0 1,
  0 0 1,0 0 1,
  0 0 1,0 0 1,
  0 0 1,0 0 1,
  0 0 1,0 0 1,
  0 0 1,0 0 1,
  0 0 1,0 0 1,
  0 0 1,0 0 1,
  0 0 1,0 0 1,
  0 0 1,0 0 1,
  0 0 1,0 0 1,
  0 0 1,0 0 1,
  0 0 1,0 0 1,
  0 0 1,0 0 1,
  0 0 1,0 0 1,
  0 0 1,0 0 1] }
}
}
DEF SHAPE_132 Shape {
 appearance USE APP_2
 geometry DEF FACE_132 IndexedFaceSet {
  coord DEF COORD_132 Coordinate { point [
  0.82874016 0 0.074409449,0.80050152 0.21449374 0.074409449,
  0.71771003 0.41437008 0.074409449,0.58600779 0.58600779 0.074409449,
  0.41437008 0.71771003 0.074409449,0.21449374 0.80050152 0.074409449,
  0 0.82874016 0.074409449,-0.21449374 0.80050152 0.074409449,
  -0.41437008 0.71771003 0.074409449,-0.58600779 0.58600779 0.074409449,
  -0.71771003 0.41437008 0.074409449,-0.80050152 0.21449374 0.074409449,
  -0.82874016 0 0.074409449,-0.80050152 -0.21449374 0.074409449,
  -0.71771003 -0.41437008 0.074409449,-0.58600779 -0.58600779 0.074409449,
  -0.41437008 -0.71771003 0.074409449,-0.21449374 -0.80050152 0.074409449,
  0 -0.82874016 0.074409449,0.21449374 -0.80050152 0.074409449,
  0.41437008 -0.71771003 0.074409449,0.58600779 -0.58600779 0.074409449,
  0.71771003 -0.41437008 0.074409449,0.80050152 -0.21449374 0.074409449,
  0.82874016 0 0.074409449,0.86811024 0 0.03503937,
  0.86684241 0 0.044950056,0.86272295 0 0.054918322,
  0.8566629 0 0.062794077,0.84863544 0 0.069012606,
  0.83904729 0 0.073036293,0.8385301 0.22468346 0.03503937,
  0.75180552 0.43405512 0.03503937,0.61384663 0.61384663 0.03503937,
  0.43405512 0.75180552 0.03503937,0.22468346 0.8385301 0.03503937,
  0 0.86811024 0.03503937,-0.22468346 0.8385301 0.03503937,
  -0.43405512 0.75180552 0.03503937,-0.61384663 0.61384663 0.03503937,
  -0.75180552 0.43405512 0.03503937,-0.8385301 0.22468346 0.03503937,
  -0.86811024 0 0.03503937,-0.8385301 -0.22468346 0.03503937,
  -0.75180552 -0.43405512 0.03503937,-0.61384663 -0.61384663 0.03503937,
  -0.43405512 -0.75180552 0.03503937,-0.22468346 -0.8385301 0.03503937,
  0 -0.86811024 0.03503937,0.22468346 -0.8385301 0.03503937,
  0.43405512 -0.75180552 0.03503937,0.61384663 -0.61384663 0.03503937,
  0.75180552 -0.43405512 0.03503937,0.8385301 -0.22468346 0.03503937,
  0.86811024 0 0.03503937,0.86684241 0 0.044950056,
  0.86272295 0 0.054918322,0.8566629 0 0.062794077,
  0.84863544 0 0.069012606,0.83904729 0 0.073036293,
  0.83730547 0.22435532 0.044950061,0.83332638 0.22328913 0.054918323,
  0.82747282 0.22172067 0.062794077,0.81971889 0.21964301 0.069012606,
  0.81045745 0.21716142 0.073036291,0.75070754 0.4334212 0.044950061,
  0.74713999 0.43136148 0.054918323,0.74189183 0.42833145 0.062794077,
  0.73493985 0.42431772 0.069012606,0.72663627 0.41952365 0.073036291,
  0.61295014 0.61295014 0.044950061,0.61003725 0.61003725 0.054918323,
  0.60575214 0.60575214 0.062794077,0.60007588 0.60007588 0.069012606,
  0.59329603 0.59329603 0.073036291,0.4334212 0.75070754 0.044950061,
  0.43136148 0.74713999 0.054918323,0.42833145 0.74189183 0.062794077,
  0.42431772 0.73493985 0.069012606,0.41952365 0.72663627 0.073036291,
  0.22435532 0.83730547 0.044950061,0.22328913 0.83332638 0.054918323,
  0.22172067 0.82747282 0.062794077,0.21964301 0.81971889 0.069012606,
  0.21716142 0.81045745 0.073036291,0 0.86684241 0.044950061,
  0 0.86272295 0.054918323,0 0.8566629 0.062794077,
  0 0.84863544 0.069012606,0 0.83904729 0.073036291,
  -0.22435532 0.83730547 0.044950061,-0.22328913 0.83332638 0.054918323,
  -0.22172067 0.82747282 0.062794077,-0.21964301 0.81971889 0.069012606,
  -0.21716142 0.81045745 0.073036291,-0.4334212 0.75070754 0.044950061,
  -0.43136148 0.74713999 0.054918323,-0.42833145 0.74189183 0.062794077,
  -0.42431772 0.73493985 0.069012606,-0.41952365 0.72663627 0.073036291,
  -0.61295014 0.61295014 0.044950061,-0.61003725 0.61003725 0.054918323,
  -0.60575214 0.60575214 0.062794077,-0.60007588 0.60007588 0.069012606,
  -0.59329603 0.59329603 0.073036291,-0.75070754 0.4334212 0.044950061,
  -0.74713999 0.43136148 0.054918323,-0.74189183 0.42833145 0.062794077,
  -0.73493985 0.42431772 0.069012606,-0.72663627 0.41952365 0.073036291,
  -0.83730547 0.22435532 0.044950061,-0.83332638 0.22328913 0.054918323,
  -0.82747282 0.22172067 0.062794077,-0.81971889 0.21964301 0.069012606,
  -0.81045745 0.21716142 0.073036291,-0.86684241 0 0.044950061,
  -0.86272295 0 0.054918323,-0.8566629 0 0.062794077,
  -0.84863544 0 0.069012606,-0.83904729 0 0.073036291,
  -0.83730547 -0.22435532 0.044950061,-0.83332638 -0.22328913 0.054918323,
  -0.82747282 -0.22172067 0.062794077,-0.81971889 -0.21964301 0.069012606,
  -0.81045745 -0.21716142 0.073036291,-0.75070754 -0.4334212 0.044950061,
  -0.74713999 -0.43136148 0.054918323,-0.74189183 -0.42833145 0.062794077,
  -0.73493985 -0.42431772 0.069012606,-0.72663627 -0.41952365 0.073036291,
  -0.61295014 -0.61295014 0.044950061,-0.61003725 -0.61003725 0.054918323,
  -0.60575214 -0.60575214 0.062794077,-0.60007588 -0.60007588 0.069012606,
  -0.59329603 -0.59329603 0.073036291,-0.4334212 -0.75070754 0.044950061,
  -0.43136148 -0.74713999 0.054918323,-0.42833145 -0.74189183 0.062794077,
  -0.42431772 -0.73493985 0.069012606,-0.41952365 -0.72663627 0.073036291,
  -0.22435532 -0.83730547 0.044950061,-0.22328913 -0.83332638 0.054918323,
  -0.22172067 -0.82747282 0.062794077,-0.21964301 -0.81971889 0.069012606,
  -0.21716142 -0.81045745 0.073036291,0 -0.86684241 0.044950061,
  0 -0.86272295 0.054918323,0 -0.8566629 0.062794077,
  0 -0.84863544 0.069012606,0 -0.83904729 0.073036291,
  0.22435532 -0.83730547 0.044950061,0.22328913 -0.83332638 0.054918323,
  0.22172067 -0.82747282 0.062794077,0.21964301 -0.81971889 0.069012606,
  0.21716142 -0.81045745 0.073036291,0.4334212 -0.75070754 0.044950061,
  0.43136148 -0.74713999 0.054918323,0.42833145 -0.74189183 0.062794077,
  0.42431772 -0.73493985 0.069012606,0.41952365 -0.72663627 0.073036291,
  0.61295014 -0.61295014 0.044950061,0.61003725 -0.61003725 0.054918323,
  0.60575214 -0.60575214 0.062794077,0.60007588 -0.60007588 0.069012606,
  0.59329603 -0.59329603 0.073036291,0.75070754 -0.4334212 0.044950061,
  0.74713999 -0.43136148 0.054918323,0.74189183 -0.42833145 0.062794077,
  0.73493985 -0.42431772 0.069012606,0.72663627 -0.41952365 0.073036291,
  0.83730547 -0.22435532 0.044950061,0.83332638 -0.22328913 0.054918323,
  0.82747282 -0.22172067 0.062794077,0.81971889 -0.21964301 0.069012606,
  0.81045745 -0.21716142 0.073036291] }
 coordIndex [
  60,25,26,-1,60,31,25,-1,61,26,27,-1,61,60,26,-1,62,27,28,-1,62,61,27,-1,63,28,29,-1,63,62,28,-1,
  64,0,1,-1,64,29,30,-1,64,30,0,-1,64,63,29,-1,65,31,60,-1,65,32,31,-1,66,65,60,-1,66,60,61,-1,
  67,61,62,-1,67,66,61,-1,68,67,62,-1,68,62,63,-1,69,1,2,-1,69,63,64,-1,69,68,63,-1,69,64,1,-1,
  70,33,32,-1,70,32,65,-1,71,70,65,-1,71,65,66,-1,72,71,66,-1,72,66,67,-1,73,72,67,-1,73,67,68,-1,
  74,68,69,-1,74,2,3,-1,74,73,68,-1,74,69,2,-1,75,34,33,-1,75,33,70,-1,76,70,71,-1,76,75,70,-1,
  77,71,72,-1,77,76,71,-1,78,72,73,-1,78,77,72,-1,79,3,4,-1,79,78,73,-1,79,73,74,-1,79,74,3,-1,
  80,35,34,-1,80,34,75,-1,81,76,77,-1,81,75,76,-1,81,80,75,-1,82,77,78,-1,82,81,77,-1,83,82,78,-1,
  84,4,5,-1,84,79,4,-1,84,83,78,-1,84,78,79,-1,85,36,35,-1,85,35,80,-1,86,80,81,-1,86,85,80,-1,
  87,81,82,-1,87,86,81,-1,88,87,82,-1,88,82,83,-1,89,88,83,-1,89,5,6,-1,89,84,5,-1,89,83,84,-1,
  90,37,36,-1,90,36,85,-1,91,90,85,-1,91,85,86,-1,92,91,86,-1,92,86,87,-1,93,92,87,-1,93,87,88,-1,
  94,6,7,-1,94,93,88,-1,94,89,6,-1,94,88,89,-1,95,37,90,-1,95,38,37,-1,96,90,91,-1,96,95,90,-1,
  97,92,93,-1,97,96,91,-1,97,91,92,-1,98,97,93,-1,99,7,8,-1,99,94,7,-1,99,93,94,-1,99,98,93,-1,
  100,38,95,-1,100,39,38,-1,101,95,96,-1,101,100,95,-1,101,96,97,-1,102,97,98,-1,102,101,97,-1,103,102,98,-1,
  104,8,9,-1,104,99,8,-1,104,98,99,-1,104,103,98,-1,105,39,100,-1,105,40,39,-1,106,100,101,-1,106,105,100,-1,
  107,101,102,-1,107,102,103,-1,107,106,101,-1,108,107,103,-1,109,9,10,-1,109,10,11,-1,109,104,9,-1,109,103,104,-1,
  109,108,103,-1,110,41,40,-1,110,40,105,-1,111,110,105,-1,111,105,106,-1,111,106,107,-1,112,111,107,-1,113,107,108,-1,
  113,108,109,-1,113,112,107,-1,114,109,11,-1,114,113,109,-1,115,42,41,-1,115,43,42,-1,115,41,110,-1,116,110,111,-1,
  116,115,110,-1,117,111,112,-1,117,116,111,-1,118,117,112,-1,118,112,113,-1,119,11,12,-1,119,114,11,-1,119,113,114,-1,
  119,118,113,-1,120,43,115,-1,121,115,116,-1,121,120,115,-1,122,121,116,-1,122,116,117,-1,123,122,117,-1,123,117,118,-1,
  123,118,119,-1,124,123,119,-1,124,12,13,-1,124,13,14,-1,124,119,12,-1,125,43,120,-1,125,44,43,-1,125,120,121,-1,
  126,125,121,-1,127,122,123,-1,127,126,121,-1,127,121,122,-1,128,127,123,-1,129,123,124,-1,129,124,14,-1,129,128,123,-1,
  130,44,125,-1,130,125,126,-1,130,45,44,-1,131,130,126,-1,131,126,127,-1,132,131,127,-1,133,132,127,-1,133,127,128,-1,
  134,14,15,-1,134,129,14,-1,134,128,129,-1,134,133,128,-1,135,45,130,-1,135,46,45,-1,136,135,130,-1,136,130,131,-1,
  137,131,132,-1,137,136,131,-1,138,137,132,-1,138,132,133,-1,139,15,16,-1,139,134,15,-1,139,133,134,-1,139,138,133,-1,
  140,135,136,-1,140,46,135,-1,140,47,46,-1,141,140,136,-1,142,141,136,-1,142,136,137,-1,142,137,138,-1,143,142,138,-1,
  144,16,17,-1,144,139,16,-1,144,138,139,-1,144,143,138,-1,145,48,47,-1,145,47,140,-1,146,140,141,-1,146,145,140,-1,
  147,141,142,-1,147,146,141,-1,147,142,143,-1,148,147,143,-1,149,17,18,-1,149,144,17,-1,149,143,144,-1,149,148,143,-1,
  150,49,48,-1,150,48,145,-1,150,145,146,-1,151,150,146,-1,152,146,147,-1,152,147,148,-1,152,151,146,-1,153,152,148,-1,
  154,18,19,-1,154,149,18,-1,154,148,149,-1,154,153,148,-1,155,50,49,-1,155,49,150,-1,156,155,150,-1,156,150,151,-1,
  157,156,151,-1,157,151,152,-1,158,157,152,-1,158,152,153,-1,159,158,153,-1,159,19,20,-1,159,154,19,-1,159,153,154,-1,
  160,51,50,-1,160,50,155,-1,160,155,156,-1,161,160,156,-1,162,156,157,-1,162,157,158,-1,162,161,156,-1,163,162,158,-1,
  164,158,159,-1,164,20,21,-1,164,159,20,-1,164,163,158,-1,165,51,160,-1,165,52,51,-1,166,161,162,-1,166,165,160,-1,
  166,160,161,-1,167,166,162,-1,168,167,162,-1,168,162,163,-1,169,164,21,-1,169,21,22,-1,169,22,23,-1,169,163,164,-1,
  169,168,163,-1,170,52,165,-1,170,53,52,-1,170,54,53,-1,170,55,54,-1,171,165,166,-1,171,170,165,-1,171,56,55,-1,
  171,57,56,-1,171,55,170,-1,172,166,167,-1,172,171,166,-1,172,57,171,-1,173,167,168,-1,173,168,169,-1,173,172,167,-1,
  173,57,172,-1,173,58,57,-1,174,23,24,-1,174,173,169,-1,174,169,23,-1,174,58,173,-1,174,59,58,-1,174,24,59,-1]
  normalPerVertex TRUE
  normal DEF NORM_132 Normal { vector [
  -0.13203719 -0.017383028 -0.99109233,-0.12604299 -0.039822207 -0.99122518,
  -0.11144143 -0.071087625 -0.99122518,-0.089245329 -0.097508538 -0.99122518,
  -0.060967301 -0.11728441 -0.99122518,-0.028534453 -0.12906754 -0.99122518,
  0.0058429716 -0.13205493 -0.99122518,0.039822207 -0.12604299 -0.99122518,
  0.071087625 -0.11144143 -0.99122518,0.097508538 -0.089245329 -0.99122518,
  0.11436487 -0.06602859 -0.9912421,0.12755744 -0.034178913 -0.9912421,
  0.13205493 0.0058429716 -0.99122518,0.12755744 0.034178913 -0.9912421,
  0.11436487 0.06602859 -0.9912421,0.089245329 0.097508538 -0.99122518,
  0.060967301 0.11728441 -0.99122518,0.028534453 0.12906754 -0.99122518,
  -0.0058429716 0.13205493 -0.99122518,-0.039822207 0.12604299 -0.99122518,
  -0.071087625 0.11144143 -0.99122518,-0.097508538 0.089245329 -0.99122518,
  -0.11436487 0.06602859 -0.9912421,-0.12604299 0.039822207 -0.99122518,
  -0.13203719 0.017383028 -0.99109233,-0.98356554 -0.12948886 -0.12582314,
  -0.94546544 -0.12447289 -0.301001,-0.84047635 -0.11065081 -0.53042993,
  -0.6739889 -0.088732323 -0.73339316,-0.46384727 -0.061066651 -0.883808,
  -0.2616459 -0.034446337 -0.96454905,-0.94596855 -0.29845008 -0.12677167,
  -0.83649088 -0.53311532 -0.12677167,-0.67000775 -0.73144963 -0.12677167,
  -0.45786469 -0.87993685 -0.12677167,-0.21451892 -0.96845783 -0.12677167,
  0.043445969 -0.99098002 -0.12677167,0.29845008 -0.94596855 -0.12677167,
  0.53311532 -0.83649088 -0.12677167,0.73144963 -0.67000775 -0.12677167,
  0.87993685 -0.45786469 -0.12677167,0.96845783 -0.21451892 -0.12677167,
  0.9919166 0 -0.12689149,0.95811787 0.25672691 -0.12689149,
  0.83649088 0.53311532 -0.12677167,0.67000775 0.73144963 -0.12677167,
  0.45786469 0.87993685 -0.12677167,0.21451892 0.96845783 -0.12677167,
  -0.043445969 0.99098002 -0.12677167,-0.29845008 0.94596855 -0.12677167,
  -0.53311532 0.83649088 -0.12677167,-0.73144963 0.67000775 -0.12677167,
  -0.87993685 0.45786469 -0.12677167,-0.95811787 0.25672691 -0.12689149,
  -0.98356554 0.12948886 -0.12582314,-0.94546544 0.12447289 -0.301001,
  -0.86297679 0.11361305 -0.49230391,-0.70459946 0.092762278 -0.703516,
  -0.46384727 0.061066651 -0.883808,-0.2616459 0.034446337 -0.96454905,
  -0.93233398 -0.24980867 -0.26143636,-0.8403337 -0.22031012 -0.49528045,
  -0.68442234 -0.17935064 -0.70668197,-0.48717113 -0.12540923 -0.86425506,
  -0.25634438 -0.056727984 -0.96491942,-0.83591024 -0.48260243 -0.26143636,
  -0.75467955 -0.4302976 -0.49528047,-0.61468186 -0.35038096 -0.70668197,
  -0.43811288 -0.24722518 -0.86425506,-0.23292737 -0.12114183 -0.96491942,
  -0.68252059 -0.68250764 -0.26143636,-0.61759526 -0.61096101 -0.49528047,
  -0.50305181 -0.49753339 -0.70668197,-0.35919796 -0.35219315 -0.86425506,
  -0.19363675 -0.17730007 -0.96491942,-0.48261829 -0.83590108 -0.26143636,
  -0.46255637 -0.75033048 -0.47227723,-0.36857571 -0.63839185 -0.6757276,
  -0.25328089 -0.45338974 -0.85456804,-0.14115011 -0.22137559 -0.96491942,
  -0.24982635 -0.93232925 -0.26143636,-0.24017 -0.82498328 -0.51158671,
  -0.17513197 -0.65360141 -0.73629748,-0.11429652 -0.46626328 -0.87723136,
  -0.079044314 -0.25036474 -0.96491942,-9.1592843e-06 -0.96522071 -0.26143636,
  -0.0046911245 -0.86872047 -0.49528047,-0.003902118 -0.70752058 -0.70668197,
  -0.0049531499 -0.50302947 -0.86425506,-0.011551782 -0.26229194 -0.96491942,
  0.24980866 -0.93233399 -0.26143636,0.22031012 -0.84033369 -0.49528047,
  0.16744547 -0.70591725 -0.68821715,0.14149832 -0.49969159 -0.85456804,
  0.056727984 -0.25634438 -0.96491942,0.48260243 -0.83591024 -0.26143636,
  0.41852707 -0.77575081 -0.47227723,0.35012668 -0.62970904 -0.69345355,
  0.27058617 -0.4244908 -0.86405479,0.12114183 -0.23292737 -0.96491942,
  0.68250764 -0.68252059 -0.26143636,0.59437147 -0.62048496 -0.51158671,
  0.47566072 -0.49866563 -0.72462367,0.37123248 -0.33999377 -0.86405479,
  0.17730007 -0.19363675 -0.96491942,0.83590108 -0.48261829 -0.26143636,
  0.75033048 -0.46255637 -0.47227723,0.61284343 -0.35382532 -0.7065625,
  0.43530067 -0.25132096 -0.86449471,0.22738671 -0.13128178 -0.9649147,
  0.93232925 -0.24982635 -0.26143636,0.82498328 -0.24017 -0.51158671,
  0.66968747 -0.16260145 -0.72462367,0.46720583 -0.13718373 -0.87344109,
  0.25288061 -0.067759155 -0.9651218,0.96987792 0.01821922 -0.24290919,
  0.86872047 -0.0046911245 -0.49528047,0.70752058 -0.003902118 -0.70668197,
  0.52537109 -0.016223954 -0.85071852,0.28073107 -0.0024706125 -0.95978329,
  0.93229682 0.24980818 -0.26156931,0.84423458 0.2409377 -0.47876612,
  0.70591725 0.16744547 -0.68821715,0.48608533 0.13024617 -0.86415102,
  0.21161718 0.056702651 -0.9757064,0.85629511 0.44556914 -0.26120266,
  0.75033048 0.46255637 -0.47227723,0.61284343 0.35382532 -0.7065625,
  0.41051778 0.24887808 -0.87723136,0.25428066 0.13483671 -0.95768492,
  0.69155903 0.66604375 -0.27952071,0.59797848 0.59797848 -0.53370729,
  0.47566072 0.49866563 -0.72462367,0.35919796 0.35219315 -0.86425506,
  0.19363675 0.17730007 -0.96491942,0.50789497 0.82859684 -0.23552065,
  0.42659532 0.76733268 -0.47876612,0.38075705 0.6175607 -0.68821715,
  0.25328089 0.45338974 -0.85456804,0.14115011 0.22137559 -0.96491942,
  0.26588581 0.92259033 -0.27952071,0.20173654 0.83105978 -0.51830687,
  0.21300615 0.67505722 -0.70634703,0.10882701 0.49149364 -0.86405479,
  0.079044314 0.25036474 -0.96491942,0.025551529 0.9715334 -0.23552065,
  -0.014223958 0.87782725 -0.47876612,0.031030479 0.70718525 -0.70634703,
  -0.0220891 0.50291291 -0.86405479,0.011551782 0.26229194 -0.96491942,
  -0.2310313 0.93192957 -0.27952071,-0.24082093 0.82058715 -0.51830687,
  -0.1652729 0.67464402 -0.71940274,-0.13414795 0.46094411 -0.87723136,
  -0.056727984 0.25634438 -0.96491942,-0.46363843 0.85414837 -0.23552065,
  -0.45123194 0.75310872 -0.47876612,-0.34444473 0.63852563 -0.68821715,
  -0.26600659 0.44604256 -0.85456804,-0.12114183 0.23292737 -0.96491942,
  -0.66604375 0.69155903 -0.27952071,-0.61419357 0.61419357 -0.49551237,
  -0.50038457 0.50038457 -0.7065625,-0.34664759 0.33211533 -0.87723136,
  -0.17730007 0.19363675 -0.96491942,-0.83590108 0.48261829 -0.26143636,
  -0.73471208 0.44550779 -0.51158671,-0.60478407 0.33038882 -0.72462367,
  -0.44687274 0.2767359 -0.85071852,-0.22738671 0.13128178 -0.9649147,
  -0.94269716 0.25259496 -0.21798588,-0.85159746 0.21345912 -0.4787661,
  -0.69506501 0.2079466 -0.68821715,-0.49969159 0.14149832 -0.85456804,
  -0.25634438 0.056727984 -0.96491942] }
}
}
DEF SHAPE_133 Shape {
 appearance USE APP_1
 geometry DEF FACE_133 IndexedFaceSet {
  coord DEF COORD_133 Coordinate { point [
  0.98622047 0.10739732 1.9094488,1.0181416 0.10739732 1.9094488,
  0.98622047 0.10739732 1.9055118,1.0181416 0.10739732 1.9055118] }
 coordIndex [
  3,1,0,-1,3,0,2,-1]
  normalPerVertex TRUE
  normal DEF NORM_133 Normal { vector [
  0 -1 0,0 -1 0,
  0 -1 0,0 -1 0] }
}
}
DEF SHAPE_134 Shape {
 appearance USE APP_1
 geometry DEF FACE_134 IndexedFaceSet {
  coord DEF COORD_134 Coordinate { point [
  0.86988138 0.0062496205 1.9055118,0.87338159 -0.026976518 1.9055118,
  0.87779977 -0.040065723 1.9055118,0.88439315 -0.051278858 1.9055118,
  0.89443165 -0.061397461 1.9055118,0.90547551 -0.068097207 1.9055118,
  0.91790296 -0.071799459 1.9055118,0.93166155 -0.07247167 1.9055118,
  0.94481112 -0.070044577 1.9055118,0.95551843 -0.065155863 1.9055118,
  0.96698721 -0.055848138 1.9055118,0.97494896 -0.045276297 1.9055118,
  0.98021562 -0.033501836 1.9055118,0.98372365 -0.019475101 1.9055118,
  0.98562896 0.0027627397 1.9055118,0.98390271 0.027557737 1.9055118,
  0.97830931 0.047152754 1.9055118,0.97098045 0.059940663 1.9055118,
  0.96038023 0.070870563 1.9055118,0.94884909 0.07796387 1.9055118,
  0.93745331 0.08155196 1.9055118,0.92514783 0.082581363 1.9055118,
  0.91309655 0.080839144 1.9055118,0.90202776 0.076252266 1.9055118,
  0.89200932 0.068929629 1.9055118,0.88193948 0.057091223 1.9055118,
  0.87482646 0.04185622 1.9055118,0.87111856 0.025415936 1.9055118,
  0.86988138 0.0062496205 1.9055118,0.86988138 0.0062496205 1.9094488,
  0.86988138 0.0062496205 1.9094488,0.87338159 -0.026976518 1.9094488,
  0.87779977 -0.040065723 1.9094488,0.88439315 -0.051278858 1.9094488,
  0.89443165 -0.061397461 1.9094488,0.90547551 -0.068097207 1.9094488,
  0.91790296 -0.071799459 1.9094488,0.93166155 -0.07247167 1.9094488,
  0.94481112 -0.070044577 1.9094488,0.95551843 -0.065155863 1.9094488,
  0.96698721 -0.055848138 1.9094488,0.97494896 -0.045276297 1.9094488,
  0.98021562 -0.033501836 1.9094488,0.98372365 -0.019475101 1.9094488,
  0.98562896 0.0027627397 1.9094488,0.98390271 0.027557737 1.9094488,
  0.97830931 0.047152754 1.9094488,0.97098045 0.059940663 1.9094488,
  0.96038023 0.070870563 1.9094488,0.94884909 0.07796387 1.9094488,
  0.93745331 0.08155196 1.9094488,0.92514783 0.082581363 1.9094488,
  0.91309655 0.080839144 1.9094488,0.90202776 0.076252266 1.9094488,
  0.89200932 0.068929629 1.9094488,0.88193948 0.057091223 1.9094488,
  0.87482646 0.04185622 1.9094488,0.87111856 0.025415936 1.9094488,
  0.96891383 -0.053746736 1.9060039,0.98564358 0.0050958444 1.9060039] }
 coordIndex [
  31,0,1,-1,31,30,0,-1,32,1,2,-1,32,31,1,-1,33,2,3,-1,33,32,2,-1,34,3,4,-1,34,33,3,-1,
  35,4,5,-1,35,34,4,-1,36,5,6,-1,36,35,5,-1,37,6,7,-1,37,36,6,-1,38,7,8,-1,38,37,7,-1,
  39,8,9,-1,39,38,8,-1,40,9,10,-1,40,39,9,-1,42,41,11,-1,42,11,12,-1,43,42,12,-1,43,12,13,-1,
  44,13,14,-1,44,43,13,-1,46,15,16,-1,46,45,15,-1,47,16,17,-1,47,46,16,-1,18,47,17,-1,48,47,18,-1,
  49,18,19,-1,49,48,18,-1,50,19,20,-1,50,49,19,-1,51,20,21,-1,51,50,20,-1,52,21,22,-1,52,51,21,-1,
  23,52,22,-1,53,52,23,-1,54,23,24,-1,54,53,23,-1,25,54,24,-1,55,54,25,-1,56,25,26,-1,56,55,25,-1,
  57,26,27,-1,57,56,26,-1,29,27,28,-1,29,57,27,-1,58,40,10,-1,58,11,41,-1,58,10,11,-1,58,41,40,-1,
  59,14,15,-1,59,44,14,-1,59,15,45,-1,59,45,44,-1]
  normalPerVertex TRUE
  normal DEF NORM_134 Normal { vector [
  -0.99449699 -0.10476517 0,-0.97910979 -0.20333229 0,
  -0.89596375 -0.4441272 0,-0.76268578 -0.6467692 0,
  -0.59069168 -0.80689735 0,-0.36567846 -0.93074125 0,
  -0.12534534 -0.99211317 0,0.10383443 -0.9945946 0,
  0.33295093 -0.94294415 0,0.57268943 -0.81977242 0,
  0.66182228 -0.7481208 -0.048026436,0.88447885 -0.4659362 -0.024507499,
  0.95559014 -0.29469896 0,0.99226569 -0.12413216 0,
  0.99730239 -0.06142155 -0.040191315,0.9798748 0.1988985 -0.016874916,
  0.9124933 0.40909165 0,0.79772245 0.60302479 0,
  0.63146765 0.77540222 0,0.38388998 0.92337884 0,
  0.15493507 0.98792466 0,-0.067278307 0.99773425 0,
  -0.26403451 0.96451323 0,-0.49176455 0.87072822 0,
  -0.69020927 0.72360981 0,-0.84430606 0.53586124 0,
  -0.95730917 0.28906602 0,-0.99369034 0.11215845 0,
  -0.99792318 0.064415302 0,-0.99792318 0.064415302 0,
  -0.99449699 -0.10476517 0,-0.98985252 -0.14209849 0,
  -0.92438859 -0.38145214 0,-0.81398285 -0.5808889 0,
  -0.65445239 -0.75610322 0,-0.44397401 -0.89603966 0,
  -0.20473738 -0.97881694 0,0.026613581 -0.9996458 0,
  0.25459989 -0.96704648 0,0.50196948 -0.86488533 0,
  0.68531965 -0.72793587 0.021126858,0.8498433 -0.52636285 0.026617956,
  0.93673429 -0.35004123 0,0.98462762 -0.17466668 0,
  0.99929737 -0.033766331 0.016266561,0.99036433 0.13739871 0.01732276,
  0.94201654 0.33556645 0,0.79772245 0.60302479 0,
  0.63146765 0.77540222 0,0.45843716 0.88872683 0,
  0.22765774 0.97374122 0,0.0086349056 0.99996272 0,
  -0.26403451 0.96451323 0,-0.49176455 0.87072822 0,
  -0.69020927 0.72360981 0,-0.84430606 0.53586124 0,
  -0.93406749 0.35709651 0,-0.98645991 0.16400259 0,
  0.79880651 -0.60158803 0,0.99758524 0.069452725 0] }
}
}
DEF SHAPE_135 Shape {
 appearance USE APP_1
 geometry DEF FACE_135 IndexedFaceSet {
  coord DEF COORD_135 Coordinate { point [
  0.98622047 0.081629658 1.9094488,0.98622047 0.10739732 1.9094488,
  0.98622047 0.081629658 1.9055118,0.98622047 0.10739732 1.9055118] }
 coordIndex [
  3,1,0,-1,3,0,2,-1]
  normalPerVertex TRUE
  normal DEF NORM_135 Normal { vector [
  1 0 0,1 0 0,
  1 0 0,1 0 0] }
}
}
DEF SHAPE_136 Shape {
 appearance USE APP_1
 geometry DEF FACE_136 IndexedFaceSet {
  coord DEF COORD_136 Coordinate { point [
  0.98275914 -0.074899298 1.9094488,0.9701578 -0.087027021 1.9094488,
  0.95607038 -0.095607001 1.9094488,0.94049688 -0.10065809 1.9094488,
  0.92344274 -0.10220071 1.9094488,0.90662509 -0.10073997 1.9094488,
  0.89142399 -0.09666829 1.9094488,0.87785922 -0.089985684 1.9094488,
  0.86595058 -0.080692148 1.9094488,0.85572156 -0.068811255 1.9094488,
  0.84499031 -0.050618177 1.9094488,0.83709321 -0.02792346 1.9094488,
  0.83368164 -0.0029023758 1.9094488,0.8347584 0.023259771 1.9094488,
  0.84019903 0.04771749 1.9094488,0.84709858 0.064709812 1.9094488,
  0.8562489 0.079449305 1.9094488,0.86753453 0.091595179 1.9094488,
  0.8810904 0.10130868 1.9094488,0.8968714 0.10809444 1.9094488,
  0.9143994 0.11152836 1.9094488,0.93263095 0.11165543 1.9094488,
  0.94910865 0.10832262 1.9094488,0.96404175 0.10150007 1.9094488,
  0.97568126 0.092846335 1.9094488,0.98622047 0.081629658 1.9094488,
  0.98275914 -0.074899298 1.9055118,0.9701578 -0.087027021 1.9055118,
  0.95607038 -0.095607001 1.9055118,0.94049688 -0.10065809 1.9055118,
  0.92344274 -0.10220071 1.9055118,0.90662509 -0.10073997 1.9055118,
  0.89142399 -0.09666829 1.9055118,0.87785922 -0.089985684 1.9055118,
  0.86595058 -0.080692148 1.9055118,0.85572156 -0.068811255 1.9055118,
  0.84499031 -0.050618177 1.9055118,0.83709321 -0.02792346 1.9055118,
  0.83368164 -0.0029023758 1.9055118,0.8347584 0.023259771 1.9055118,
  0.84019903 0.04771749 1.9055118,0.84709858 0.064709812 1.9055118,
  0.8562489 0.079449305 1.9055118,0.86753453 0.091595179 1.9055118,
  0.8810904 0.10130868 1.9055118,0.8968714 0.10809444 1.9055118,
  0.9143994 0.11152836 1.9055118,0.93263095 0.11165543 1.9055118,
  0.94910865 0.10832262 1.9055118,0.96404175 0.10150007 1.9055118,
  0.97568126 0.092846335 1.9055118,0.98622047 0.081629658 1.9055118,
  0.83353744 0.0037497723 1.9060742] }
 coordIndex [
  1,0,26,-1,1,26,27,-1,2,27,28,-1,2,1,27,-1,3,28,29,-1,3,2,28,-1,4,29,30,-1,4,3,29,-1,
  5,30,31,-1,5,4,30,-1,6,31,32,-1,6,5,31,-1,7,32,33,-1,7,6,32,-1,8,33,34,-1,8,7,33,-1,
  9,34,35,-1,9,8,34,-1,10,35,36,-1,10,9,35,-1,11,36,37,-1,11,10,36,-1,12,11,37,-1,12,37,38,-1,
  14,13,39,-1,14,39,40,-1,15,14,40,-1,15,40,41,-1,16,15,41,-1,16,41,42,-1,17,16,42,-1,17,42,43,-1,
  44,17,43,-1,18,17,44,-1,19,18,44,-1,19,44,45,-1,20,19,45,-1,20,45,46,-1,21,20,46,-1,21,46,47,-1,
  22,21,47,-1,22,47,48,-1,23,22,48,-1,23,48,49,-1,24,49,50,-1,24,23,49,-1,51,24,50,-1,25,24,51,-1,
  52,12,38,-1,52,39,13,-1,52,13,12,-1,52,38,39,-1]
  normalPerVertex TRUE
  normal DEF NORM_136 Normal { vector [
  -0.69343695 0.72051731 0,-0.64126343 0.7673208 0,
  -0.45269804 0.89166388 0,-0.23483195 0.97203598 0,
  -0.031882927 0.99949161 0,0.14174997 0.98990249 0,
  0.31952913 0.94757645 0,0.50199339 0.86487146 0,
  0.66686156 0.74518163 0,0.80253475 0.59660538 0,
  0.89552098 0.44501929 0,0.96475378 0.26315423 0,
  0.99648417 0.076127943 -0.034983217,0.99268087 -0.11340176 -0.041529948,
  0.96548166 -0.26047104 0,0.90467269 -0.42610718 0,
  0.81508145 -0.57934638 0,0.66060837 -0.7507307 0,
  0.49019968 -0.87161016 0,0.32732974 -0.94491018 0,
  0.13015075 -0.99149422 0,-0.058055094 -0.99831338 0,
  -0.27110924 -0.96254858 0,-0.4732707 -0.88091705 0,
  -0.66728503 -0.74480245 0,-0.72877233 -0.68475609 0,
  -0.69343695 0.72051731 0,-0.58337071 0.81220602 0,
  -0.38173182 0.92427313 0,-0.161616 0.98685372 0,
  0.027192342 0.99963022 0,0.19931039 0.97993641 0,
  0.38087353 0.92462714 0,0.56003302 0.82847029 0,
  0.71451023 0.699625 0,0.83591862 0.54885341 0,
  0.92290822 0.38502002 0,0.98013018 0.19835532 0,
  0.99239636 0.095340965 0.07784327,0.98517302 -0.16732063 0.037920043,
  0.94985208 -0.31269959 0,0.87906833 -0.47669579 0,
  0.77602939 -0.63069675 0,0.66060837 -0.7507307 0,
  0.49019968 -0.87161016 0,0.25938398 -0.96577428 0,
  0.06814971 -0.99767511 0,-0.12670892 -0.99193994 0,
  -0.34398953 -0.93897349 0,-0.53393058 -0.84552832 0,
  -0.66728503 -0.74480245 0,-0.72877233 -0.68475609 0,
  0.99915413 -0.041122079 0] }
}
}
DEF SHAPE_137 Shape {
 appearance USE APP_1
 geometry DEF FACE_137 IndexedFaceSet {
  coord DEF COORD_137 Coordinate { point [
  0.87507338 -0.12412708 1.9094488,0.87783673 -0.13495945 1.9094488,
  0.88083739 -0.14081485 1.9094488,0.88499182 -0.14577003 1.9094488,
  0.89364609 -0.15151195 1.9094488,0.90504786 -0.15558235 1.9094488,
  0.91862546 -0.15746337 1.9094488,0.93670297 -0.15679949 1.9094488,
  0.94991172 -0.15385759 1.9094488,0.96060566 -0.14873634 1.9094488,
  0.96931325 -0.1411642 1.9094488,0.97590157 -0.13151581 1.9094488,
  0.98028262 -0.12019687 1.9094488,0.98190383 -0.10967064 1.9094488,
  0.98275914 -0.074899298 1.9094488,0.87507338 -0.12412708 1.9055118,
  0.87783673 -0.13495945 1.9055118,0.88083739 -0.14081485 1.9055118,
  0.88499182 -0.14577003 1.9055118,0.89364609 -0.15151195 1.9055118,
  0.90504786 -0.15558235 1.9055118,0.91862546 -0.15746337 1.9055118,
  0.93670297 -0.15679949 1.9055118,0.94991172 -0.15385759 1.9055118,
  0.96060566 -0.14873634 1.9055118,0.96931325 -0.1411642 1.9055118,
  0.97590157 -0.13151581 1.9055118,0.98028262 -0.12019687 1.9055118,
  0.98190383 -0.10967064 1.9055118,0.98275914 -0.074899298 1.9055118,
  0.88718803 -0.14758719 1.9062992,0.92353197 -0.15758658 1.9062992,
  0.96199117 -0.14777949 1.9062992,0.9802593 -0.12028116 1.9062992] }
 coordIndex [
  1,0,15,-1,1,15,16,-1,2,16,17,-1,2,1,16,-1,3,17,18,-1,3,2,17,-1,5,19,20,-1,5,4,19,-1,
  6,20,21,-1,6,5,20,-1,8,22,23,-1,8,7,22,-1,9,23,24,-1,9,8,23,-1,11,25,26,-1,11,10,25,-1,
  13,27,28,-1,13,12,27,-1,14,28,29,-1,14,13,28,-1,30,4,3,-1,30,18,19,-1,30,3,18,-1,30,19,4,-1,
  31,7,6,-1,31,21,22,-1,31,6,21,-1,31,22,7,-1,32,10,9,-1,32,24,25,-1,32,9,24,-1,32,25,10,-1,
  33,12,11,-1,33,26,27,-1,33,11,26,-1,33,27,12,-1]
  normalPerVertex TRUE
  normal DEF NORM_137 Normal { vector [
  -0.96896834 -0.24718486 0,-0.95519539 -0.29597594 0,
  -0.85394235 -0.52036762 0,-0.68316158 -0.72951553 0.033126232,
  -0.45269284 -0.89121225 0.028459015,-0.2655753 -0.96409012 0,
  -0.071876677 -0.99696664 0.029853851,0.1036847 -0.99403209 0.033907061,
  0.28430357 -0.95873431 0,0.50183212 -0.86481797 0.015949914,
  0.73023263 -0.68296291 0.017943495,0.88303401 -0.46930861 0.00059631698,
  0.96738533 -0.25330594 0.0013150384,0.99731671 -0.073207718 0,
  0.9996976 -0.024590824 0,-0.96896834 -0.24718486 0,
  -0.93203408 -0.36237063 0,-0.81255524 -0.5828842 0,
  -0.69826212 -0.71243425 -0.069767078,-0.39209188 -0.91962629 -0.023482935,
  -0.19907319 -0.97998462 0,-0.084214779 -0.99447361 -0.062690643,
  0.15548165 -0.98732561 -0.031836897,0.35610687 -0.93444523 0,
  0.48118943 -0.87592716 -0.034761314,0.77662702 -0.6297692 -0.01553135,
  0.89056439 -0.45485604 -0.0010285409,0.98469318 -0.17429305 -0.0011249233,
  0.99913534 -0.041576126 0,0.9996976 -0.024590824 0,
  -0.55285944 -0.83327453 0,0.036699062 -0.99932636 0,
  0.65619444 -0.75459185 0,0.93258119 -0.36096028 0] }
}
}
DEF SHAPE_138 Shape {
 appearance USE APP_1
 geometry DEF FACE_138 IndexedFaceSet {
  coord DEF COORD_138 Coordinate { point [
  0.84084469 -0.11931968 1.9094488,0.87507338 -0.12412708 1.9094488,
  0.84084469 -0.11931968 1.9055118,0.87507338 -0.12412708 1.9055118] }
 coordIndex [
  1,0,2,-1,1,2,3,-1]
  normalPerVertex TRUE
  normal DEF NORM_138 Normal { vector [
  -0.13908435 -0.99028054 0,-0.13908435 -0.99028054 0,
  -0.13908435 -0.99028054 0,-0.13908435 -0.99028054 0] }
}
}
DEF SHAPE_139 Shape {
 appearance USE APP_1
 geometry DEF FACE_139 IndexedFaceSet {
  coord DEF COORD_139 Coordinate { point [
  0.79296298 -0.10220533 1.9094488,0.75777281 -0.10220533 1.9094488,
  0.79296298 -0.10220533 1.9055118,0.75777281 -0.10220533 1.9055118] }
 coordIndex [
  0,2,3,-1,0,3,1,-1]
  normalPerVertex TRUE
  normal DEF NORM_139 Normal { vector [
  0 1 0,0 1 0,
  0 1 0,0 1 0] }
}
}
DEF SHAPE_140 Shape {
 appearance USE APP_1
 geometry DEF FACE_140 IndexedFaceSet {
  coord DEF COORD_140 Coordinate { point [
  0.31049228 0.10066696 1.9094488,0.29780074 0.067784345 1.9094488,
  0.31049228 0.10066696 1.9055118,0.29780074 0.067784345 1.9055118] }
 coordIndex [
  1,0,2,-1,1,2,3,-1]
  normalPerVertex TRUE
  normal DEF NORM_140 Normal { vector [
  -0.93292313 0.36007559 0,-0.93292313 0.36007559 0,
  -0.93292313 0.36007559 0,-0.93292313 0.36007559 0] }
}
}
DEF SHAPE_141 Shape {
 appearance USE APP_1
 geometry DEF FACE_141 IndexedFaceSet {
  coord DEF COORD_141 Coordinate { point [
  0.10646621 0.0033651803 1.9094488,0.058477407 -0.0087566538 1.9094488,
  0.020867698 -0.016017806 1.9094488,0.015445689 -0.018245094 1.9094488,
  0.010698938 -0.021122913 1.9094488,0.0041899634 -0.027525635 1.9094488,
  0.00040548485 -0.034395507 1.9094488,-0.0012340352 -0.040685936 1.9094488,
  -0.0011394539 -0.051732302 1.9094488,0.0022865194 -0.061547331 1.9094488,
  0.0091644232 -0.069707305 1.9094488,0.10646621 0.0033651803 1.9055118,
  0.058477407 -0.0087566538 1.9055118,0.020867698 -0.016017806 1.9055118,
  0.015445689 -0.018245094 1.9055118,0.010698938 -0.021122913 1.9055118,
  0.0041899634 -0.027525635 1.9055118,0.00040548485 -0.034395507 1.9055118,
  -0.0012340352 -0.040685936 1.9055118,-0.0011394539 -0.051732302 1.9055118,
  0.0022865194 -0.061547331 1.9055118,0.0091644232 -0.069707305 1.9055118,
  0.04839281 -0.010287837 1.9062992,0.0032032468 -0.02894055 1.9062992] }
 coordIndex [
  1,0,11,-1,1,11,12,-1,3,13,14,-1,3,2,13,-1,4,14,15,-1,4,3,14,-1,5,15,16,-1,5,4,15,-1,
  7,17,18,-1,7,6,17,-1,8,18,19,-1,8,7,18,-1,9,19,20,-1,9,8,19,-1,10,20,21,-1,10,9,20,-1,
  22,2,1,-1,22,12,13,-1,22,1,12,-1,22,13,2,-1,23,6,5,-1,23,16,17,-1,23,5,16,-1,23,17,6,-1]
  normalPerVertex TRUE
  normal DEF NORM_141 Normal { vector [
  -0.24490484 0.96954712 0,-0.22588596 0.97373943 0.028408782,
  -0.21295787 0.97512722 0.06144799,-0.42558614 0.90491792 0,
  -0.60497215 0.79624663 0,-0.75666331 0.65365739 0.013880063,
  -0.91750906 0.39724891 0.0192466,-0.99103918 0.13357149 0,
  -0.99364274 -0.1125793 0,-0.89654842 -0.44294574 0,
  -0.76461812 -0.64448361 0,-0.24490484 0.96954712 0,
  -0.22401646 0.97280337 -0.058908705,-0.24493409 0.96592811 -0.083607262,
  -0.47187568 0.8816651 0,-0.66182393 0.74965931 0,
  -0.74377448 0.66778966 -0.029265964,-0.94310087 0.33204207 -0.01757319,
  -0.99869699 0.051032641 0,-0.97530698 -0.22085356 0,
  -0.83559736 -0.54934238 0,-0.76461812 -0.64448361 0,
  -0.18956525 0.98186813 0,-0.87589007 0.48251071 0] }
}
}
DEF SHAPE_142 Shape {
 appearance USE APP_1
 geometry DEF FACE_142 IndexedFaceSet {
  coord DEF COORD_142 Coordinate { point [
  0.0016648787 0.042978159 1.9094488,-0.0331407 0.047593264 1.9094488,
  0.0016648787 0.042978159 1.9055118,-0.0331407 0.047593264 1.9055118] }
 coordIndex [
  1,0,2,-1,1,2,3,-1]
  normalPerVertex TRUE
  normal DEF NORM_142 Normal { vector [
  0.13144618 0.99132331 0,0.13144618 0.99132331 0,
  0.13144618 0.99132331 0,0.13144618 0.99132331 0] }
}
}
DEF SHAPE_143 Shape {
 appearance USE APP_1
 geometry DEF FACE_143 IndexedFaceSet {
  coord DEF COORD_143 Coordinate { point [
  0.1068508 0.031055806 1.9094488,0.10649985 0.049341905 1.9094488,
  0.10401518 0.059806683 1.9094488,0.10087406 0.065944904 1.9094488,
  0.096894325 0.070439603 1.9094488,0.088169432 0.076185124 1.9094488,
  0.075211847 0.080637891 1.9094488,0.059323297 0.082526467 1.9094488,
  0.042140929 0.081794869 1.9094488,0.029534948 0.078916824 1.9094488,
  0.01950891 0.073856593 1.9094488,0.013861535 0.06864578 1.9094488,
  0.0090101378 0.061750647 1.9094488,0.0049504371 0.053191275 1.9094488,
  0.0016648787 0.042978159 1.9094488,0.1068508 0.031055806 1.9055118,
  0.10649985 0.049341905 1.9055118,0.10401518 0.059806683 1.9055118,
  0.10087406 0.065944904 1.9055118,0.096894325 0.070439603 1.9055118,
  0.088169432 0.076185124 1.9055118,0.075211847 0.080637891 1.9055118,
  0.059323297 0.082526467 1.9055118,0.042140929 0.081794869 1.9055118,
  0.029534948 0.078916824 1.9055118,0.01950891 0.073856593 1.9055118,
  0.013861535 0.06864578 1.9055118,0.0090101378 0.061750647 1.9055118,
  0.0049504371 0.053191275 1.9055118,0.0016648787 0.042978159 1.9055118,
  0.096851406 0.070476489 1.9062992,0.056469243 0.082591138 1.9062992,
  0.019356112 0.073745522 1.9062992] }
 coordIndex [
  1,0,15,-1,1,15,16,-1,2,16,17,-1,2,1,16,-1,3,17,18,-1,3,2,17,-1,6,20,21,-1,6,5,20,-1,
  7,21,22,-1,7,6,21,-1,9,23,24,-1,9,8,23,-1,10,24,25,-1,10,9,24,-1,12,26,27,-1,12,11,26,-1,
  13,27,28,-1,13,12,27,-1,14,28,29,-1,14,13,28,-1,30,4,3,-1,30,5,4,-1,30,18,19,-1,30,19,20,-1,
  30,3,18,-1,30,20,5,-1,31,8,7,-1,31,22,23,-1,31,7,22,-1,31,23,8,-1,32,11,10,-1,32,25,26,-1,
  32,10,25,-1,32,26,11,-1]
  normalPerVertex TRUE
  normal DEF NORM_143 Normal { vector [
  0.99981588 0.019188751 0,0.9977131 0.067591215 0,
  0.95792241 0.28702729 0,0.83419223 0.55147357 -0.00047885713,
  0.62755013 0.77857596 0.00056661588,0.45831121 0.88879159 0.00059344714,
  0.25000945 0.9682434 0,0.067154466 0.99760186 0.016757003,
  -0.10411938 0.99436644 0.019862869,-0.29343796 0.95597812 0,
  -0.50331137 0.86410382 0.0014998248,-0.73607863 0.67689322 0.0019541592,
  -0.8515074 0.52434258 0,-0.92287679 0.38509536 0,
  -0.95195328 0.3062433 0,0.99981588 0.019188751 0,
  0.99092228 0.13443599 0,0.93306645 0.35970404 0,
  0.82383531 0.56682861 0.00083407424,0 0 1,
  0.39792659 0.91741713 -0.00048239223,0.1809353 0.983495 0,
  0.081146787 0.99603387 -0.036492959,-0.15398109 0.98789722 -0.018679131,
  -0.36980295 0.92911021 0,-0.48155269 0.87641083 -0.0033256901,
  -0.77360026 0.63367174 -0.0016654585,-0.87985477 0.47524266 0,
  -0.93884739 0.34433354 0,-0.95195328 0.3062433 0,
  0.62755023 0.77857608 0,-0.042539862 0.99909477 0,
  -0.67812909 0.73494281 0] }
}
}
DEF SHAPE_144 Shape {
 appearance USE APP_1
 geometry DEF FACE_144 IndexedFaceSet {
  coord DEF COORD_144 Coordinate { point [
  -0.32350768 -0.10220533 1.9055118,-0.36023622 -0.10220533 1.9055118,
  -0.32350768 0.14412586 1.9055118,-0.24005121 -0.10220533 1.9055118,
  -0.20563022 -0.10220533 1.9055118,-0.12140457 0.13970305 1.9055118,
  -0.12140457 -0.10220533 1.9055118,-0.084676032 -0.10220533 1.9055118,
  -0.084676032 0.18700787 1.9055118,-0.13563448 0.18700787 1.9055118,
  -0.22082161 -0.060477097 1.9055118,-0.3031243 0.18700787 1.9055118,
  -0.36023622 0.18700787 1.9055118] }
 coordIndex [
  10,3,4,-1,2,1,0,-1,12,1,2,-1,11,12,2,-1,5,6,7,-1,8,5,7,-1,8,9,5,-1,2,3,10,-1,
  4,5,10,-1,9,10,5,-1,10,11,2,-1]
  normalPerVertex TRUE
  normal DEF NORM_144 Normal { vector [
  0 0 1,0 0 1,
  0 0 1,0 0 1,
  0 0 1,0 0 1,
  0 0 1,0 0 1,
  0 0 1,0 0 1,
  0 0 1,0 0 1,
  0 0 1] }
}
}
DEF SHAPE_145 Shape {
 appearance USE APP_1
 geometry DEF FACE_145 IndexedFaceSet {
  coord DEF COORD_145 Coordinate { point [
  -0.32350768 0.14412586 1.9094488,-0.32350768 -0.10220533 1.9094488,
  -0.32350768 0.14412586 1.9055118,-0.32350768 -0.10220533 1.9055118] }
 coordIndex [
  0,2,3,-1,0,3,1,-1]
  normalPerVertex TRUE
  normal DEF NORM_145 Normal { vector [
  -1 0 0,-1 0 0,
  -1 0 0,-1 0 0] }
}
}
DEF SHAPE_146 Shape {
 appearance USE APP_1
 geometry DEF FACE_146 IndexedFaceSet {
  coord DEF COORD_146 Coordinate { point [
  -0.24005121 -0.10220533 1.9094488,-0.32350768 0.14412586 1.9094488,
  -0.24005121 -0.10220533 1.9055118,-0.32350768 0.14412586 1.9055118] }
 coordIndex [
  1,0,2,-1,1,2,3,-1]
  normalPerVertex TRUE
  normal DEF NORM_146 Normal { vector [
  0.94711921 0.32088192 0,0.94711921 0.32088192 0,
  0.94711921 0.32088192 0,0.94711921 0.32088192 0] }
}
}
DEF SHAPE_147 Shape {
 appearance USE APP_1
 geometry DEF FACE_147 IndexedFaceSet {
  coord DEF COORD_147 Coordinate { point [
  -0.20563022 -0.10220533 1.9094488,-0.24005121 -0.10220533 1.9094488,
  -0.20563022 -0.10220533 1.9055118,-0.24005121 -0.10220533 1.9055118] }
 coordIndex [
  0,2,3,-1,0,3,1,-1]
  normalPerVertex TRUE
  normal DEF NORM_147 Normal { vector [
  0 1 0,0 1 0,
  0 1 0,0 1 0] }
}
}
DEF SHAPE_148 Shape {
 appearance USE APP_1
 geometry DEF FACE_148 IndexedFaceSet {
  coord DEF COORD_148 Coordinate { point [
  -0.12140457 0.13970305 1.9094488,-0.20563022 -0.10220533 1.9094488,
  -0.12140457 0.13970305 1.9055118,-0.20563022 -0.10220533 1.9055118] }
 coordIndex [
  1,0,2,-1,1,2,3,-1]
  normalPerVertex TRUE
  normal DEF NORM_148 Normal { vector [
  -0.94439548 0.32881178 0,-0.94439548 0.32881178 0,
  -0.94439548 0.32881178 0,-0.94439548 0.32881178 0] }
}
}
DEF SHAPE_149 Shape {
 appearance USE APP_1
 geometry DEF FACE_149 IndexedFaceSet {
  coord DEF COORD_149 Coordinate { point [
  -0.12140457 -0.10220533 1.9094488,-0.12140457 0.13970305 1.9094488,
  -0.12140457 -0.10220533 1.9055118,-0.12140457 0.13970305 1.9055118] }
 coordIndex [
  3,1,0,-1,3,0,2,-1]
  normalPerVertex TRUE
  normal DEF NORM_149 Normal { vector [
  1 0 0,1 0 0,
  1 0 0,1 0 0] }
}
}
DEF SHAPE_150 Shape {
 appearance USE APP_1
 geometry DEF FACE_150 IndexedFaceSet {
  coord DEF COORD_150 Coordinate { point [
  -0.084676032 -0.10220533 1.9094488,-0.12140457 -0.10220533 1.9094488,
  -0.084676032 -0.10220533 1.9055118,-0.12140457 -0.10220533 1.9055118] }
 coordIndex [
  0,2,3,-1,0,3,1,-1]
  normalPerVertex TRUE
  normal DEF NORM_150 Normal { vector [
  0 1 0,0 1 0,
  0 1 0,0 1 0] }
}
}
DEF SHAPE_151 Shape {
 appearance USE APP_1
 geometry DEF FACE_151 IndexedFaceSet {
  coord DEF COORD_151 Coordinate { point [
  -0.084676032 0.18700787 1.9094488,-0.084676032 -0.10220533 1.9094488,
  -0.084676032 0.18700787 1.9055118,-0.084676032 -0.10220533 1.9055118] }
 coordIndex [
  0,2,3,-1,0,3,1,-1]
  normalPerVertex TRUE
  normal DEF NORM_151 Normal { vector [
  -1 0 0,-1 0 0,
  -1 0 0,-1 0 0] }
}
}
DEF SHAPE_152 Shape {
 appearance USE APP_1
 geometry DEF FACE_152 IndexedFaceSet {
  coord DEF COORD_152 Coordinate { point [
  -0.13563448 0.18700787 1.9094488,-0.084676032 0.18700787 1.9094488,
  -0.13563448 0.18700787 1.9055118,-0.084676032 0.18700787 1.9055118] }
 coordIndex [
  3,1,0,-1,3,0,2,-1]
  normalPerVertex TRUE
  normal DEF NORM_152 Normal { vector [
  0 -1 0,0 -1 0,
  0 -1 0,0 -1 0] }
}
}
DEF SHAPE_153 Shape {
 appearance USE APP_1
 geometry DEF FACE_153 IndexedFaceSet {
  coord DEF COORD_153 Coordinate { point [
  -0.22082161 -0.060477097 1.9094488,-0.13563448 0.18700787 1.9094488,
  -0.22082161 -0.060477097 1.9055118,-0.13563448 0.18700787 1.9055118,
  -0.20524563 -0.014133757 1.9074803] }
 coordIndex [
  4,1,0,-1,4,0,2,-1,4,2,3,-1,4,3,1,-1]
  normalPerVertex TRUE
  normal DEF NORM_153 Normal { vector [
  0.93812256 -0.32083898 -0.1303396,0.94298925 -0.32567874 -0.068590376,
  0.93812256 -0.32083898 0.1303396,0.94298925 -0.32567874 0.068590376,
  0.94555241 -0.32546987 0] }
}
}
DEF SHAPE_154 Shape {
 appearance USE APP_3
 geometry DEF FACE_154 IndexedFaceSet {
  coord DEF COORD_154 Coordinate { point [
  0.51181102 -0.12449912 0.23188976,0.48277737 -0.10596182 0.23188976,
  0.45924863 -0.080802659 0.23188976,0.44269519 -0.050593917 0.23188976,
  0.43415151 -0.017223419 0.23188976,0.43415151 0.017223419 0.23188976,
  0.44269519 0.050593917 0.23188976,0.45924863 0.080802659 0.23188976,
  0.48277737 0.10596182 0.23188976,0.51181102 0.12449912 0.23188976] }
 coordIndex [
  8,0,1,-1,8,1,2,-1,8,2,3,-1,8,3,4,-1,8,4,5,-1,8,5,6,-1,8,6,7,-1,8,9,0,-1]
  normalPerVertex TRUE
  normal DEF NORM_154 Normal { vector [
  0 0 -1,0 0 -1,
  0 0 -1,0 0 -1,
  0 0 -1,0 0 -1,
  0 0 -1,0 0 -1,
  0 0 -1,0 0 -1] }
}
}
DEF SHAPE_155 Shape {
 appearance USE APP_3
 geometry DEF FACE_155 IndexedFaceSet {
  coord DEF COORD_155 Coordinate { point [
  0.51972291 0.12795276 0.23188976,0.55344726 0.13668987 0.23188976,
  0.58828502 0.13668987 0.23188976,0.62200937 0.12795276 0.23188976] }
 coordIndex [
  0,1,2,-1,0,2,3,-1]
  normalPerVertex TRUE
  normal DEF NORM_155 Normal { vector [
  0 0 -1,0 0 -1,
  0 0 -1,0 0 -1] }
}
}
DEF SHAPE_156 Shape {
 appearance USE APP_3
 geometry DEF FACE_156 IndexedFaceSet {
  coord DEF COORD_156 Coordinate { point [
  0.62992126 0.12449912 0.23188976,0.65895491 0.10596182 0.23188976,
  0.68248365 0.080802659 0.23188976,0.6990371 0.050593917 0.23188976,
  0.70758078 0.017223419 0.23188976,0.70758078 -0.017223419 0.23188976,
  0.6990371 -0.050593917 0.23188976,0.68248365 -0.080802659 0.23188976,
  0.65895491 -0.10596182 0.23188976,0.62992126 -0.12449912 0.23188976] }
 coordIndex [
  0,1,2,-1,0,2,3,-1,0,3,4,-1,0,4,5,-1,0,5,6,-1,0,6,7,-1,0,7,8,-1,0,8,9,-1]
  normalPerVertex TRUE
  normal DEF NORM_156 Normal { vector [
  0 0 -1,0 0 -1,
  0 0 -1,0 0 -1,
  0 0 -1,0 0 -1,
  0 0 -1,0 0 -1,
  0 0 -1,0 0 -1] }
}
}
DEF SHAPE_157 Shape {
 appearance USE APP_3
 geometry DEF FACE_157 IndexedFaceSet {
  coord DEF COORD_157 Coordinate { point [
  0.51181102 -0.12449912 0.23188976,0.48277737 -0.10596182 0.23188976,
  0.45924863 -0.080802659 0.23188976,0.44269519 -0.050593917 0.23188976,
  0.43415151 -0.017223419 0.23188976,0.43415151 0.017223419 0.23188976,
  0.44269519 0.050593917 0.23188976,0.45924863 0.080802659 0.23188976,
  0.48277737 0.10596182 0.23188976,0.51181102 0.12449912 0.23188976,
  0.51181102 0.12449912 0.074409449,0.49598611 0.11567419 0.074409449,
  0.48145593 0.10484918 0.074409449,0.4684717 0.092211262 0.074409449,
  0.4684717 0.092211262 0.03503937,0.44826569 0.062902042 0.03503937,
  0.4541479 0.073241989 0.03503937,0.46090001 0.083036061 0.03503937,
  0.44826569 0.062902042 0.074409449,0.43692343 0.032355639 0.074409449,
  0.43307087 0 0.074409449,0.43692343 -0.032355639 0.074409449,
  0.44826569 -0.062902042 0.074409449,0.44826569 -0.062902042 0.03503937,
  0.4684717 -0.092211262 0.03503937,0.46090001 -0.083036061 0.03503937,
  0.4541479 -0.073241989 0.03503937,0.4684717 -0.092211262 0.074409449,
  0.48145593 -0.10484918 0.074409449,0.49598611 -0.11567419 0.074409449,
  0.51181102 -0.12449912 0.074409449] }
 coordIndex [
  13,17,14,-1,9,11,10,-1,18,15,16,-1,18,16,17,-1,18,17,13,-1,8,12,11,-1,8,13,12,-1,8,11,9,-1,
  7,13,8,-1,7,18,13,-1,6,19,18,-1,6,18,7,-1,5,20,19,-1,5,19,6,-1,22,26,23,-1,25,26,22,-1,
  4,21,20,-1,4,20,5,-1,27,24,25,-1,27,25,22,-1,3,22,21,-1,3,21,4,-1,2,22,3,-1,2,27,22,-1,
  1,28,27,-1,1,29,28,-1,1,27,2,-1,0,30,29,-1,0,29,1,-1]
  normalPerVertex TRUE
  normal DEF NORM_157 Normal { vector [
  0.52073325 0.85370765 -0.0044872296,0.64259571 0.76619227 -0.0044905323,
  0.81462032 0.57999129 -0.0019579519,0.9325527 0.36102436 -0.0026229404,
  0.99242643 0.12281117 -0.0026812057,0.99242643 -0.12281117 -0.0026812057,
  0.9325527 -0.36102436 -0.0026229404,0.81462032 -0.57999129 -0.0019579519,
  0.64259571 -0.76619227 -0.0044905323,0.52073325 -0.85370765 -0.0044872296,
  0.48704706 -0.87337573 0,0.54084265 -0.84111781 -0.003171923,
  0.6488627 -0.76090551 -6.8759412e-05,0.76957954 -0.63854699 -0.0022525305,
  0.77128439 -0.63649068 0,0.86919514 -0.49446922 0,
  0.84696895 -0.53148237 -0.01304171,0.81319647 -0.58161569 -0.020849197,
  0.87629528 -0.48177382 -0.00075192092,0.9709184 -0.23940524 0.0016113772,
  0.99999866 0 0.0016364811,0.9709184 0.23940524 0.0016113772,
  0.87629528 0.48177382 -0.00075192092,0.86919514 0.49446922 0,
  0.77128439 0.63649068 0,0.81319647 0.58161569 -0.020849197,
  0.84696895 0.53148237 -0.01304171,0.76957954 0.63854699 -0.0022525305,
  0.6488627 0.76090551 -6.8759412e-05,0.54084265 0.84111781 -0.003171923,
  0.48704706 0.87337573 0] }
}
}
DEF SHAPE_158 Shape {
 appearance USE APP_3
 geometry DEF FACE_158 IndexedFaceSet {
  coord DEF COORD_158 Coordinate { point [
  0.51972291 0.12795276 0.23188976,0.55344726 0.13668987 0.23188976,
  0.58828502 0.13668987 0.23188976,0.62200937 0.12795276 0.23188976,
  0.62200937 0.12795276 0.074409449,0.61881469 0.12918388 0.074409449,
  0.61559041 0.13033525 0.074409449,0.61233852 0.13140616 0.074409449,
  0.61233852 0.13140616 0.03503937,0.60357752 0.13385628 0.03503937,
  0.59467393 0.13572298 0.03503937,0.58566658 0.13699812 0.03503937,
  0.58566658 0.13699812 0.074409449,0.56329039 0.13758687 0.074409449,
  0.5411141 0.13454499 0.074409449,0.51972291 0.12795276 0.074409449] }
 coordIndex [
  7,9,8,-1,10,9,7,-1,12,11,10,-1,12,10,7,-1,3,5,4,-1,3,6,5,-1,3,7,6,-1,2,13,12,-1,
  2,7,3,-1,2,12,7,-1,1,14,13,-1,1,13,2,-1,0,15,14,-1,0,14,1,-1]
  normalPerVertex TRUE
  normal DEF NORM_158 Normal { vector [
  0.26795779 -0.96342263 -0.0039317283,0.12873153 -0.9916717 -0.0039294392,
  -0.12583225 -0.99204595 -0.003329078,-0.27044697 -0.96272356 -0.0046676442,
  -0.35958937 -0.93311065 0,-0.34796948 -0.93750582 -0.00027008339,
  -0.32457024 -0.94586098 -0.0010801662,-0.23265023 -0.9725523 -0.003986475,
  -0.26932783 -0.96304855 0,-0.23738421 -0.9713859 -0.0076272587,
  -0.19223179 -0.98127374 -0.012198007,-0.14016913 -0.99012758 0,
  -0.13499149 -0.99084537 -0.0016599659,0.030884839 -0.99952069 -0.002123028,
  0.23124371 -0.97289374 -0.0020279622,0.2945073 -0.95564923 0] }
}
}
DEF SHAPE_159 Shape {
 appearance USE APP_3
 geometry DEF FACE_159 IndexedFaceSet {
  coord DEF COORD_159 Coordinate { point [
  0.62992126 0.12449912 0.23188976,0.65895491 0.10596182 0.23188976,
  0.68248365 0.080802659 0.23188976,0.6990371 0.050593917 0.23188976,
  0.70758078 0.017223419 0.23188976,0.70758078 -0.017223419 0.23188976,
  0.6990371 -0.050593917 0.23188976,0.68248365 -0.080802659 0.23188976,
  0.65895491 -0.10596182 0.23188976,0.62992126 -0.12449912 0.23188976,
  0.62992126 -0.12449912 0.074409449,0.65895491 -0.10596182 0.074409449,
  0.68248365 -0.080802659 0.074409449,0.6990371 -0.050593917 0.074409449,
  0.70758078 -0.017223419 0.074409449,0.70758078 0.017223419 0.074409449,
  0.6990371 0.050593917 0.074409449,0.68248365 0.080802659 0.074409449,
  0.65895491 0.10596182 0.074409449,0.62992126 0.12449912 0.074409449] }
 coordIndex [
  9,11,10,-1,8,12,11,-1,8,11,9,-1,7,13,12,-1,7,12,8,-1,6,14,13,-1,6,13,7,-1,5,15,14,-1,
  5,14,6,-1,4,16,15,-1,4,15,5,-1,3,17,16,-1,3,16,4,-1,2,18,17,-1,2,17,3,-1,1,18,2,-1,
  0,19,18,-1,0,18,1,-1]
  normalPerVertex TRUE
  normal DEF NORM_159 Normal { vector [
  -0.53814241 -0.84285393 0,-0.63927279 -0.76898004 0,
  -0.78470771 -0.61986596 0,-0.91393076 -0.40587013 0,
  -0.98603971 -0.16651033 0,-0.99652826 0.083255165 0,
  -0.94474096 0.32781781 0,-0.83391414 0.5518942 0,
  -0.67097368 0.74148117 0,-0.53814241 0.84285393 0,
  -0.53814241 0.84285393 0,-0.60644607 0.79512462 0,
  -0.78470771 0.61986596 0,-0.91393076 0.40587013 0,
  -0.98603971 0.16651033 0,-0.99652826 -0.083255165 0,
  -0.94474096 -0.32781781 0,-0.83391414 -0.5518942 0,
  -0.63927279 -0.76898004 0,-0.53814241 -0.84285393 0] }
}
}
DEF SHAPE_160 Shape {
 appearance USE APP_3
 geometry DEF FACE_160 IndexedFaceSet {
  coord DEF COORD_160 Coordinate { point [
  0.51181102 -0.12795276 0.074409449,0.51181102 -0.12449912 0.074409449,
  0.4684717 -0.092211262 0.074409449,0.48145593 -0.10484918 0.074409449,
  0.49598611 -0.11567419 0.074409449,-0.4684717 -0.092211262 0.074409449,
  -0.43104062 -0.20535977 0.074409449,-0.36675339 -0.30571327 0.074409449,
  -0.27961546 -0.38701918 0.074409449,-0.17505598 -0.44421172 0.074409449,
  -0.059589578 -0.47372749 0.074409449,0.059589578 -0.47372749 0.074409449,
  0.17505598 -0.44421172 0.074409449,0.27961546 -0.38701918 0.074409449,
  0.36675339 -0.30571327 0.074409449,0.43104062 -0.20535977 0.074409449,
  -0.51181102 -0.12449912 0.074409449,-0.49598611 -0.11567419 0.074409449,
  -0.48145593 -0.10484918 0.074409449,-0.51181102 -0.12795276 0.074409449,
  -0.51972291 -0.12795276 0.074409449,-0.58566658 -0.13699812 0.074409449,
  -0.56329039 -0.13758687 0.074409449,-0.5411141 -0.13454499 0.074409449,
  -0.53527135 -0.27433267 0.074409449,-0.45321255 -0.39543927 0.074409449,
  -0.3443443 -0.49315397 0.074409449,-0.21510662 -0.56169651 0.074409449,
  -0.073144476 -0.59701233 0.074409449,0.073144476 -0.59701233 0.074409449,
  0.21510662 -0.56169651 0.074409449,0.3443443 -0.49315397 0.074409449,
  0.45321255 -0.39543927 0.074409449,0.53527135 -0.27433267 0.074409449,
  0.58566658 -0.13699812 0.074409449,0.51972291 -0.12795276 0.074409449,
  0.5411141 -0.13454499 0.074409449,0.56329039 -0.13758687 0.074409449] }
 coordIndex [
  22,24,21,-1,23,24,22,-1,7,25,24,-1,8,26,25,-1,8,25,7,-1,19,23,20,-1,19,24,23,-1,6,7,24,-1,
  6,24,19,-1,9,27,26,-1,9,26,8,-1,17,19,16,-1,17,6,19,-1,18,6,17,-1,5,6,18,-1,10,28,27,-1,
  10,27,9,-1,11,29,28,-1,11,28,10,-1,30,29,11,-1,12,30,11,-1,31,30,12,-1,13,31,12,-1,32,31,13,-1,
  14,32,13,-1,33,14,15,-1,33,32,14,-1,3,15,2,-1,4,15,3,-1,0,15,4,-1,0,33,15,-1,1,0,4,-1,
  36,33,0,-1,36,0,35,-1,37,33,36,-1,34,33,37,-1]
  normalPerVertex TRUE
  normal DEF NORM_160 Normal { vector [
  0 0 -1,0 0 -1,
  0 0 -1,0 0 -1,
  0 0 -1,0 0 -1,
  0 0 -1,0 0 -1,
  0 0 -1,0 0 -1,
  0 0 -1,0 0 -1,
  0 0 -1,0 0 -1,
  0 0 -1,0 0 -1,
  0 0 -1,0 0 -1,
  0 0 -1,0 0 -1,
  0 0 -1,0 0 -1,
  0 0 -1,0 0 -1,
  0 0 -1,0 0 -1,
  0 0 -1,0 0 -1,
  0 0 -1,0 0 -1,
  0 0 -1,0 0 -1,
  0 0 -1,0 0 -1,
  0 0 -1,0 0 -1,
  0 0 -1,0 0 -1] }
}
}
DEF SHAPE_161 Shape {
 appearance USE APP_3
 geometry DEF FACE_161 IndexedFaceSet {
  coord DEF COORD_161 Coordinate { point [
  0.75029528 0 0.074409449,0.72472958 0.19419071 0.074409449,
  0.64977477 0.37514764 0.074409449,0.53053888 0.53053888 0.074409449,
  0.37514764 0.64977477 0.074409449,0.19419071 0.72472958 0.074409449,
  0 0.75029528 0.074409449,-0.19419071 0.72472958 0.074409449,
  -0.37514764 0.64977477 0.074409449,-0.53053888 0.53053888 0.074409449,
  -0.64977477 0.37514764 0.074409449,-0.72472958 0.19419071 0.074409449,
  -0.75029528 0 0.074409449,-0.72472958 -0.19419071 0.074409449,
  -0.64977477 -0.37514764 0.074409449,-0.53053888 -0.53053888 0.074409449,
  -0.37514764 -0.64977477 0.074409449,-0.19419071 -0.72472958 0.074409449,
  0 -0.75029528 0.074409449,0.19419071 -0.72472958 0.074409449,
  0.37514764 -0.64977477 0.074409449,0.53053888 -0.53053888 0.074409449,
  0.64977477 -0.37514764 0.074409449,0.72472958 -0.19419071 0.074409449,
  0.61233852 -0.13140616 0.074409449,0.61559041 -0.13033525 0.074409449,
  0.61881469 -0.12918388 0.074409449,0.62200937 -0.12795276 0.074409449,
  -0.61233852 -0.13140616 0.074409449,-0.5615803 -0.27722484 0.074409449,
  -0.47668926 -0.40619379 0.074409449,-0.36282506 -0.51047431 0.074409449,
  -0.22690837 -0.58372822 0.074409449,-0.077200198 -0.62150316 0.074409449,
  0.077200198 -0.62150316 0.074409449,0.22690837 -0.58372822 0.074409449,
  0.36282506 -0.51047431 0.074409449,0.47668926 -0.40619379 0.074409449,
  0.5615803 -0.27722484 0.074409449,-0.62200937 -0.12795276 0.074409449,
  -0.61881469 -0.12918388 0.074409449,-0.61559041 -0.13033525 0.074409449,
  -0.62992126 -0.12795276 0.074409449,-0.62992126 -0.12449912 0.074409449,
  -0.62992126 0.12449912 0.074409449,-0.65895491 0.10596182 0.074409449,
  -0.68248365 0.080802659 0.074409449,-0.6990371 0.050593917 0.074409449,
  -0.70758078 0.017223419 0.074409449,-0.70758078 -0.017223419 0.074409449,
  -0.6990371 -0.050593917 0.074409449,-0.68248365 -0.080802659 0.074409449,
  -0.65895491 -0.10596182 0.074409449,-0.62992126 0.12795276 0.074409449,
  -0.62200937 0.12795276 0.074409449,-0.61233852 0.13140616 0.074409449,
  -0.61559041 0.13033525 0.074409449,-0.61881469 0.12918388 0.074409449,
  0.61233852 0.13140616 0.074409449,0.5615803 0.27722484 0.074409449,
  0.47668926 0.40619379 0.074409449,0.36282506 0.51047431 0.074409449,
  0.22690837 0.58372822 0.074409449,0.077200198 0.62150316 0.074409449,
  -0.077200198 0.62150316 0.074409449,-0.22690837 0.58372822 0.074409449,
  -0.36282506 0.51047431 0.074409449,-0.47668926 0.40619379 0.074409449,
  -0.5615803 0.27722484 0.074409449,0.62200937 0.12795276 0.074409449,
  0.61881469 0.12918388 0.074409449,0.61559041 0.13033525 0.074409449,
  0.62992126 0.12795276 0.074409449,0.62992126 0.12449912 0.074409449,
  0.62992126 -0.12449912 0.074409449,0.65895491 -0.10596182 0.074409449,
  0.68248365 -0.080802659 0.074409449,0.6990371 -0.050593917 0.074409449,
  0.70758078 -0.017223419 0.074409449,0.70758078 0.017223419 0.074409449,
  0.6990371 0.050593917 0.074409449,0.68248365 0.080802659 0.074409449,
  0.65895491 0.10596182 0.074409449,0.62992126 -0.12795276 0.074409449] }
 coordIndex [
  30,15,14,-1,31,16,15,-1,31,15,30,-1,29,14,13,-1,29,30,14,-1,32,16,31,-1,32,17,16,-1,51,52,13,-1,
  42,13,52,-1,43,42,52,-1,50,13,12,-1,50,51,13,-1,40,42,39,-1,41,42,40,-1,28,29,13,-1,28,13,42,-1,
  28,42,41,-1,49,50,12,-1,33,18,17,-1,33,17,32,-1,48,49,12,-1,47,48,12,-1,34,18,33,-1,19,18,34,-1,
  11,47,12,-1,11,45,46,-1,11,46,47,-1,53,45,11,-1,53,44,45,-1,57,54,53,-1,56,57,53,-1,55,53,11,-1,
  55,56,53,-1,35,19,34,-1,68,55,11,-1,20,19,35,-1,10,68,11,-1,36,20,35,-1,67,68,10,-1,21,20,36,-1,
  9,67,10,-1,37,21,36,-1,66,67,9,-1,22,21,37,-1,8,66,9,-1,38,22,37,-1,65,66,8,-1,83,24,25,-1,
  83,25,26,-1,83,26,27,-1,23,38,24,-1,23,22,38,-1,23,24,83,-1,7,65,8,-1,64,65,7,-1,75,83,74,-1,
  75,23,83,-1,76,23,75,-1,77,23,76,-1,0,23,77,-1,0,77,78,-1,0,78,79,-1,0,79,80,-1,6,64,7,-1,
  6,63,64,-1,72,69,70,-1,72,70,71,-1,72,71,58,-1,82,73,72,-1,1,0,80,-1,1,72,58,-1,1,82,72,-1,
  1,58,59,-1,1,80,81,-1,1,81,82,-1,5,63,6,-1,5,62,63,-1,4,62,5,-1,4,61,62,-1,2,1,59,-1,
  2,59,60,-1,3,2,60,-1,3,61,4,-1,3,60,61,-1]
  normalPerVertex TRUE
  normal DEF NORM_161 Normal { vector [
  0 0 -1,0 0 -1,
  0 0 -1,0 0 -1,
  0 0 -1,0 0 -1,
  0 0 -1,0 0 -1,
  0 0 -1,0 0 -1,
  0 0 -1,0 0 -1,
  0 0 -1,0 0 -1,
  0 0 -1,0 0 -1,
  0 0 -1,0 0 -1,
  0 0 -1,0 0 -1,
  0 0 -1,0 0 -1,
  0 0 -1,0 0 -1,
  0 0 -1,0 0 -1,
  0 0 -1,0 0 1,
  0 0 -1,0 0 -1,
  0 0 -1,0 0 -1,
  0 0 -1,0 0 -1,
  0 0 -1,0 0 -1,
  0 0 -1,0 0 -1,
  0 0 -1,0 0 1,
  0 0 -1,0 0 -1,
  0 0 -1,0 0 -1,
  0 0 -1,0 0 -1,
  0 0 -1,0 0 -1,
  0 0 -1,0 0 -1,
  0 0 -1,0 0 -1,
  0 0 -1,0 0 -1,
  0 0 1,0 0 -1,
  0 0 -1,0 0 -1,
  0 0 -1,0 0 -1,
  0 0 -1,0 0 -1,
  0 0 -1,0 0 -1,
  0 0 -1,0 0 -1,
  0 0 -1,0 0 -1,
  0 0 -1,0 0 1,
  0 0 -1,0 0 -1,
  0 0 -1,0 0 -1,
  0 0 -1,0 0 -1,
  0 0 -1,0 0 -1,
  0 0 -1,0 0 -1,
  0 0 -1,0 0 -1,
  0 0 -1,0 0 -1] }
}
}
DEF SHAPE_162 Shape {
 appearance USE APP_3
 geometry DEF FACE_162 IndexedFaceSet {
  coord DEF COORD_162 Coordinate { point [
  -0.62992126 -0.12449912 0.23188976,-0.62992126 0.12449912 0.23188976,
  -0.65895491 0.10596182 0.23188976,-0.68248365 0.080802659 0.23188976,
  -0.6990371 0.050593917 0.23188976,-0.70758078 0.017223419 0.23188976,
  -0.70758078 -0.017223419 0.23188976,-0.6990371 -0.050593917 0.23188976,
  -0.68248365 -0.080802659 0.23188976,-0.65895491 -0.10596182 0.23188976] }
 coordIndex [
  2,4,3,-1,1,5,4,-1,1,6,5,-1,1,7,6,-1,1,8,7,-1,1,9,8,-1,1,0,9,-1,1,4,2,-1]
  normalPerVertex TRUE
  normal DEF NORM_162 Normal { vector [
  0 0 -1,0 0 -1,
  0 0 -1,0 0 -1,
  0 0 -1,0 0 -1,
  0 0 -1,0 0 -1,
  0 0 -1,0 0 -1] }
}
}
DEF SHAPE_163 Shape {
 appearance USE APP_3
 geometry DEF FACE_163 IndexedFaceSet {
  coord DEF COORD_163 Coordinate { point [
  -0.51972291 -0.12795276 0.23188976,-0.62200937 -0.12795276 0.23188976,
  -0.58828502 -0.13668987 0.23188976,-0.55344726 -0.13668987 0.23188976] }
 coordIndex [
  0,2,1,-1,0,3,2,-1]
  normalPerVertex TRUE
  normal DEF NORM_163 Normal { vector [
  0 0 -1,0 0 -1,
  0 0 -1,0 0 -1] }
}
}
DEF SHAPE_164 Shape {
 appearance USE APP_3
 geometry DEF FACE_164 IndexedFaceSet {
  coord DEF COORD_164 Coordinate { point [
  -0.62200937 0.12795276 0.23188976,-0.51972291 0.12795276 0.23188976,
  -0.55344726 0.13668987 0.23188976,-0.58828502 0.13668987 0.23188976] }
 coordIndex [
  1,3,2,-1,1,0,3,-1]
  normalPerVertex TRUE
  normal DEF NORM_164 Normal { vector [
  0 0 -1,0 0 -1,
  0 0 -1,0 0 -1] }
}
}
DEF SHAPE_165 Shape {
 appearance USE APP_3
 geometry DEF FACE_165 IndexedFaceSet {
  coord DEF COORD_165 Coordinate { point [
  -0.62992126 0.12449912 0.074409449,-0.65895491 0.10596182 0.074409449,
  -0.68248365 0.080802659 0.074409449,-0.6990371 0.050593917 0.074409449,
  -0.70758078 0.017223419 0.074409449,-0.70758078 -0.017223419 0.074409449,
  -0.6990371 -0.050593917 0.074409449,-0.68248365 -0.080802659 0.074409449,
  -0.65895491 -0.10596182 0.074409449,-0.62992126 -0.12449912 0.074409449,
  -0.62992126 -0.12449912 0.23188976,-0.62992126 0.12449912 0.23188976,
  -0.65895491 0.10596182 0.23188976,-0.68248365 0.080802659 0.23188976,
  -0.6990371 0.050593917 0.23188976,-0.70758078 0.017223419 0.23188976,
  -0.70758078 -0.017223419 0.23188976,-0.6990371 -0.050593917 0.23188976,
  -0.68248365 -0.080802659 0.23188976,-0.65895491 -0.10596182 0.23188976] }
 coordIndex [
  12,1,0,-1,12,0,11,-1,13,2,1,-1,13,1,12,-1,14,3,2,-1,14,2,13,-1,15,4,3,-1,15,3,14,-1,
  16,5,4,-1,16,4,15,-1,17,6,5,-1,17,5,16,-1,18,7,6,-1,18,6,17,-1,19,8,7,-1,19,7,18,-1,
  10,9,8,-1,10,8,19,-1]
  normalPerVertex TRUE
  normal DEF NORM_165 Normal { vector [
  0.53814241 -0.84285393 0,0.67097368 -0.74148117 0,
  0.83391414 -0.5518942 0,0.94474096 -0.32781781 0,
  0.99652826 -0.083255165 0,0.98603971 0.16651033 0,
  0.91393076 0.40587013 0,0.78470771 0.61986596 0,
  0.60644607 0.79512462 0,0.53814241 0.84285393 0,
  0.53814241 0.84285393 0,0.53814241 -0.84285393 0,
  0.60644607 -0.79512462 0,0.78470771 -0.61986596 0,
  0.91393076 -0.40587013 0,0.98603971 -0.16651033 0,
  0.99652826 0.083255165 0,0.94474096 0.32781781 0,
  0.83391414 0.5518942 0,0.67097368 0.74148117 0] }
}
}
DEF SHAPE_166 Shape {
 appearance USE APP_3
 geometry DEF FACE_166 IndexedFaceSet {
  coord DEF COORD_166 Coordinate { point [
  -0.62200937 -0.12795276 0.074409449,-0.61881469 -0.12918388 0.074409449,
  -0.61559041 -0.13033525 0.074409449,-0.61233852 -0.13140616 0.074409449,
  -0.61233852 -0.13140616 0.03503937,-0.60357752 -0.13385628 0.03503937,
  -0.59467393 -0.13572298 0.03503937,-0.58566658 -0.13699812 0.03503937,
  -0.58566658 -0.13699812 0.074409449,-0.56329039 -0.13758687 0.074409449,
  -0.5411141 -0.13454499 0.074409449,-0.51972291 -0.12795276 0.074409449,
  -0.51972291 -0.12795276 0.23188976,-0.62200937 -0.12795276 0.23188976,
  -0.58828502 -0.13668987 0.23188976,-0.55344726 -0.13668987 0.23188976] }
 coordIndex [
  3,5,4,-1,6,5,3,-1,8,7,6,-1,8,6,3,-1,13,1,0,-1,13,2,1,-1,13,3,2,-1,14,9,8,-1,
  14,3,13,-1,14,8,3,-1,15,10,9,-1,15,9,14,-1,12,11,10,-1,12,10,15,-1]
  normalPerVertex TRUE
  normal DEF NORM_166 Normal { vector [
  0.35958937 0.93311065 0,0.34796948 0.93750582 -0.00027008339,
  0.32457024 0.94586098 -0.0010801662,0.23265023 0.9725523 -0.003986475,
  0.26932783 0.96304855 0,0.23738421 0.9713859 -0.0076272587,
  0.19223179 0.98127374 -0.012198007,0.14016913 0.99012758 0,
  0.13499149 0.99084537 -0.0016599659,-0.030884839 0.99952069 -0.002123028,
  -0.23124371 0.97289374 -0.0020279622,-0.2945073 0.95564923 0,
  -0.26795779 0.96342263 -0.0039317283,0.27044697 0.96272356 -0.0046676442,
  0.12583225 0.99204595 -0.003329078,-0.12873153 0.9916717 -0.0039294392] }
}
}
DEF SHAPE_167 Shape {
 appearance USE APP_3
 geometry DEF FACE_167 IndexedFaceSet {
  coord DEF COORD_167 Coordinate { point [
  -0.51972291 0.12795276 0.074409449,-0.5411141 0.13454499 0.074409449,
  -0.56329039 0.13758687 0.074409449,-0.58566658 0.13699812 0.074409449,
  -0.58566658 0.13699812 0.03503937,-0.59467393 0.13572298 0.03503937,
  -0.60357752 0.13385628 0.03503937,-0.61233852 0.13140616 0.03503937,
  -0.61233852 0.13140616 0.074409449,-0.61559041 0.13033525 0.074409449,
  -0.61881469 0.12918388 0.074409449,-0.62200937 0.12795276 0.074409449,
  -0.62200937 0.12795276 0.23188976,-0.51972291 0.12795276 0.23188976,
  -0.55344726 0.13668987 0.23188976,-0.58828502 0.13668987 0.23188976] }
 coordIndex [
  13,1,0,-1,3,5,4,-1,14,2,1,-1,14,1,13,-1,8,6,5,-1,8,7,6,-1,8,5,3,-1,15,3,2,-1,
  15,2,14,-1,15,8,3,-1,12,9,8,-1,12,10,9,-1,12,11,10,-1,12,8,15,-1]
  normalPerVertex TRUE
  normal DEF NORM_167 Normal { vector [
  -0.2945073 -0.95564923 0,-0.23124371 -0.97289374 -0.0020279622,
  -0.030884839 -0.99952069 -0.002123028,0.13499149 -0.99084537 -0.0016599659,
  0.14016913 -0.99012758 0,0.19223179 -0.98127374 -0.012198007,
  0.23738421 -0.9713859 -0.0076272587,0.26932783 -0.96304855 0,
  0.23265023 -0.9725523 -0.003986475,0.32457024 -0.94586098 -0.0010801662,
  0.34796948 -0.93750582 -0.00027008339,0.35958937 -0.93311065 0,
  0.27044697 -0.96272356 -0.0046676442,-0.26795779 -0.96342263 -0.0039317283,
  -0.12873153 -0.9916717 -0.0039294392,0.12583225 -0.99204595 -0.003329078] }
}
}
DEF SHAPE_168 Shape {
 appearance USE APP_3
 geometry DEF FACE_168 IndexedFaceSet {
  coord DEF COORD_168 Coordinate { point [
  -0.44826569 -0.062902042 0.074409449,-0.43692343 -0.032355639 0.074409449,
  -0.43307087 0 0.074409449,-0.43692343 0.032355639 0.074409449,
  -0.44826569 0.062902042 0.074409449,-0.41698429 -0.17613319 0.074409449,
  -0.35761922 -0.27750186 0.074409449,-0.27416871 -0.36018094 0.074409449,
  -0.17225309 -0.41860204 0.074409449,-0.058736315 -0.44883052 0.074409449,
  0.058736315 -0.44883052 0.074409449,0.17225309 -0.41860204 0.074409449,
  0.27416871 -0.36018094 0.074409449,0.35761922 -0.27750186 0.074409449,
  0.41698429 -0.17613319 0.074409449,0.44826569 -0.062902042 0.074409449,
  0.44826569 0.062902042 0.074409449,0.43692343 0.032355639 0.074409449,
  0.43307087 0 0.074409449,0.43692343 -0.032355639 0.074409449,
  0.41698429 0.17613319 0.074409449,0.35761922 0.27750186 0.074409449,
  0.27416871 0.36018094 0.074409449,0.17225309 0.41860204 0.074409449,
  0.058736315 0.44883052 0.074409449,-0.058736315 0.44883052 0.074409449,
  -0.17225309 0.41860204 0.074409449,-0.27416871 0.36018094 0.074409449,
  -0.35761922 0.27750186 0.074409449,-0.41698429 0.17613319 0.074409449,
  0.32864173 0 0.074409449,0.31744354 0.085058739 0.074409449,
  0.28461209 0.16432087 0.074409449,0.2323848 0.2323848 0.074409449,
  0.16432087 0.28461209 0.074409449,0.085058739 0.31744354 0.074409449,
  0 0.32864173 0.074409449,-0.085058739 0.31744354 0.074409449,
  -0.16432087 0.28461209 0.074409449,-0.2323848 0.2323848 0.074409449,
  -0.28461209 0.16432087 0.074409449,-0.31744354 0.085058739 0.074409449,
  -0.32864173 0 0.074409449,-0.31744354 -0.085058739 0.074409449,
  -0.28461209 -0.16432087 0.074409449,-0.2323848 -0.2323848 0.074409449,
  -0.16432087 -0.28461209 0.074409449,-0.085058739 -0.31744354 0.074409449,
  0 -0.32864173 0.074409449,0.085058739 -0.31744354 0.074409449,
  0.16432087 -0.28461209 0.074409449,0.2323848 -0.2323848 0.074409449,
  0.28461209 -0.16432087 0.074409449,0.31744354 -0.085058739 0.074409449] }
 coordIndex [
  45,7,6,-1,44,6,5,-1,44,45,6,-1,46,8,7,-1,46,7,45,-1,47,9,8,-1,47,8,46,-1,43,0,1,-1,
  43,5,0,-1,43,44,5,-1,48,10,9,-1,48,9,47,-1,42,1,2,-1,42,2,3,-1,42,43,1,-1,49,11,10,-1,
  49,10,48,-1,41,3,4,-1,41,4,29,-1,41,42,3,-1,50,11,49,-1,40,41,29,-1,12,11,50,-1,28,40,29,-1,
  51,12,50,-1,39,40,28,-1,13,12,51,-1,27,39,28,-1,52,13,51,-1,38,39,27,-1,14,52,53,-1,14,13,52,-1,
  26,37,38,-1,26,38,27,-1,15,14,53,-1,25,37,26,-1,25,36,37,-1,19,15,53,-1,19,53,30,-1,18,19,30,-1,
  17,30,31,-1,17,18,30,-1,24,35,36,-1,24,36,25,-1,16,17,31,-1,23,34,35,-1,23,35,24,-1,20,31,32,-1,
  20,16,31,-1,22,33,34,-1,22,34,23,-1,21,32,33,-1,21,33,22,-1,21,20,32,-1]
  normalPerVertex TRUE
  normal DEF NORM_168 Normal { vector [
  0 0 -1,0 0 -1,
  0 0 -1,0 0 -1,
  0 0 -1,0 0 -1,
  0 0 -1,0 0 -1,
  0 0 -1,0 0 -1,
  0 0 -1,0 0 -1,
  0 0 -1,0 0 -1,
  0 0 -1,0 0 -1,
  0 0 -1,0 0 -1,
  0 0 -1,0 0 -1,
  0 0 -1,0 0 -1,
  0 0 -1,0 0 -1,
  0 0 -1,0 0 -1,
  0 0 -1,0 0 -1,
  0 0 -1,0 0 -1,
  0 0 -1,0 0 -1,
  0 0 -1,0 0 -1,
  0 0 -1,0 0 -1,
  0 0 -1,0 0 -1,
  0 0 -1,0 0 -1,
  0 0 -1,0 0 -1,
  0 0 -1,0 0 -1,
  0 0 -1,0 0 -1,
  0 0 -1,0 0 -1,
  0 0 -1,0 0 -1,
  0 0 -1,0 0 -1,
  0 0 -1,0 0 -1] }
}
}
DEF SHAPE_169 Shape {
 appearance USE APP_3
 geometry DEF FACE_169 IndexedFaceSet {
  coord DEF COORD_169 Coordinate { point [
  -0.58566658 0.13699812 0.03503937,-0.59467393 0.13572298 0.03503937,
  -0.60357752 0.13385628 0.03503937,-0.61233852 0.13140616 0.03503937,
  0.58566658 0.13699812 0.03503937,0.53527135 0.27433267 0.03503937,
  0.45321255 0.39543927 0.03503937,0.3443443 0.49315397 0.03503937,
  0.21510662 0.56169651 0.03503937,0.073144476 0.59701233 0.03503937,
  -0.073144476 0.59701233 0.03503937,-0.21510662 0.56169651 0.03503937,
  -0.3443443 0.49315397 0.03503937,-0.45321255 0.39543927 0.03503937,
  -0.53527135 0.27433267 0.03503937,0.61233852 0.13140616 0.03503937,
  0.60357752 0.13385628 0.03503937,0.59467393 0.13572298 0.03503937,
  0.5615803 0.27722484 0.03503937,0.47668926 0.40619379 0.03503937,
  0.36282506 0.51047431 0.03503937,0.22690837 0.58372822 0.03503937,
  0.077200198 0.62150316 0.03503937,-0.077200198 0.62150316 0.03503937,
  -0.22690837 0.58372822 0.03503937,-0.36282506 0.51047431 0.03503937,
  -0.47668926 0.40619379 0.03503937,-0.5615803 0.27722484 0.03503937] }
 coordIndex [
  27,0,1,-1,27,1,2,-1,27,2,3,-1,14,0,27,-1,26,14,27,-1,13,14,26,-1,25,13,26,-1,12,13,25,-1,
  24,11,12,-1,24,12,25,-1,23,10,11,-1,23,11,24,-1,22,9,10,-1,22,10,23,-1,8,9,22,-1,21,8,22,-1,
  7,8,21,-1,18,4,5,-1,18,15,16,-1,18,16,17,-1,18,17,4,-1,20,6,7,-1,20,7,21,-1,19,5,6,-1,
  19,18,5,-1,19,6,20,-1]
  normalPerVertex TRUE
  normal DEF NORM_169 Normal { vector [
  0 0 -1,0 0 -1,
  0 0 -1,0 0 -1,
  0 0 -1,0 0 -1,
  0 0 -1,0 0 -1,
  0 0 -1,0 0 -1,
  0 0 -1,0 0 -1,
  0 0 -1,0 0 -1,
  0 0 -1,0 0 -1,
  0 0 -1,0 0 -1,
  0 0 -1,0 0 -1,
  0 0 -1,0 0 -1,
  0 0 -1,0 0 -1,
  0 0 -1,0 0 -1,
  0 0 -1,0 0 -1] }
}
}
DEF SHAPE_170 Shape {
 appearance USE APP_3
 geometry DEF FACE_170 IndexedFaceSet {
  coord DEF COORD_170 Coordinate { point [
  -0.44826569 0.062902042 0.03503937,-0.4541479 0.073241989 0.03503937,
  -0.46090001 0.083036061 0.03503937,-0.4684717 0.092211262 0.03503937,
  0.44826569 0.062902042 0.03503937,0.41698429 0.17613319 0.03503937,
  0.35761922 0.27750186 0.03503937,0.27416871 0.36018094 0.03503937,
  0.17225309 0.41860204 0.03503937,0.058736315 0.44883052 0.03503937,
  -0.058736315 0.44883052 0.03503937,-0.17225309 0.41860204 0.03503937,
  -0.27416871 0.36018094 0.03503937,-0.35761922 0.27750186 0.03503937,
  -0.41698429 0.17613319 0.03503937,0.4541479 0.073241989 0.03503937,
  0.46090001 0.083036061 0.03503937,0.4684717 0.092211262 0.03503937,
  0.43104062 0.20535977 0.03503937,0.36675339 0.30571327 0.03503937,
  0.27961546 0.38701918 0.03503937,0.17505598 0.44421172 0.03503937,
  0.059589578 0.47372749 0.03503937,-0.059589578 0.47372749 0.03503937,
  -0.17505598 0.44421172 0.03503937,-0.27961546 0.38701918 0.03503937,
  -0.36675339 0.30571327 0.03503937,-0.43104062 0.20535977 0.03503937] }
 coordIndex [
  14,0,1,-1,14,1,2,-1,14,2,3,-1,27,14,3,-1,13,14,27,-1,26,13,27,-1,12,13,26,-1,25,12,26,-1,
  11,12,25,-1,24,11,25,-1,10,11,24,-1,23,10,24,-1,22,9,10,-1,22,10,23,-1,5,15,4,-1,5,16,15,-1,
  5,17,16,-1,21,8,9,-1,21,9,22,-1,18,5,6,-1,18,17,5,-1,20,7,8,-1,20,8,21,-1,19,6,7,-1,
  19,7,20,-1,19,18,6,-1]
  normalPerVertex TRUE
  normal DEF NORM_170 Normal { vector [
  0 0 -1,0 0 -1,
  0 0 -1,0 0 -1,
  0 0 -1,0 0 -1,
  0 0 -1,0 0 -1,
  0 0 -1,0 0 -1,
  0 0 -1,0 0 -1,
  0 0 -1,0 0 -1,
  0 0 -1,0 0 -1,
  0 0 -1,0 0 -1,
  0 0 -1,0 0 -1,
  0 0 -1,0 0 -1,
  0 0 -1,0 0 -1,
  0 0 -1,0 0 -1,
  0 0 -1,0 0 -1] }
}
}
DEF SHAPE_171 Shape {
 appearance USE APP_3
 geometry DEF FACE_171 IndexedFaceSet {
  coord DEF COORD_171 Coordinate { point [
  0.61233852 0.13140616 0.074409449,0.61233852 0.13140616 0.03503937,
  0.5615803 0.27722484 0.03503937,0.47668926 0.40619379 0.03503937,
  0.36282506 0.51047431 0.03503937,0.22690837 0.58372822 0.03503937,
  0.077200198 0.62150316 0.03503937,-0.077200198 0.62150316 0.03503937,
  -0.22690837 0.58372822 0.03503937,-0.36282506 0.51047431 0.03503937,
  -0.47668926 0.40619379 0.03503937,-0.5615803 0.27722484 0.03503937,
  -0.61233852 0.13140616 0.03503937,-0.61233852 0.13140616 0.074409449,
  0.5615803 0.27722484 0.074409449,0.47668926 0.40619379 0.074409449,
  0.36282506 0.51047431 0.074409449,0.22690837 0.58372822 0.074409449,
  0.077200198 0.62150316 0.074409449,-0.077200198 0.62150316 0.074409449,
  -0.22690837 0.58372822 0.074409449,-0.36282506 0.51047431 0.074409449,
  -0.47668926 0.40619379 0.074409449,-0.5615803 0.27722484 0.074409449] }
 coordIndex [
  11,12,13,-1,11,13,23,-1,10,23,22,-1,10,11,23,-1,9,22,21,-1,9,10,22,-1,8,21,20,-1,8,9,21,-1,
  7,20,19,-1,7,8,20,-1,6,19,18,-1,6,7,19,-1,5,18,17,-1,5,6,18,-1,4,17,16,-1,4,5,17,-1,
  3,16,15,-1,3,4,16,-1,2,15,14,-1,2,3,15,-1,1,14,0,-1,1,2,14,-1]
  normalPerVertex TRUE
  normal DEF NORM_171 Normal { vector [
  0.94441904 0.3287441 0,0.94441904 0.3287441 0,
  0.87761267 0.47937043 0,0.73366133 0.6795153 0,
  0.5451181 0.83835927 0,0.3234426 0.94624779 0,
  0.082108286 0.99662341 0,-0.16421657 0.98642431 0,
  -0.40056035 0.91627038 0,-0.61255809 0.79042557 0,
  -0.78732458 0.61653873 0,-0.91423751 0.4051787 0,
  -0.94441904 0.3287441 0,-0.94441904 0.3287441 0,
  0.91423751 0.4051787 0,0.78732458 0.61653873 0,
  0.61255809 0.79042557 0,0.40056035 0.91627038 0,
  0.16421657 0.98642431 0,-0.082108286 0.99662341 0,
  -0.3234426 0.94624779 0,-0.5451181 0.83835927 0,
  -0.73366133 0.6795153 0,-0.87761267 0.47937043 0] }
}
}
DEF SHAPE_172 Shape {
 appearance USE APP_3
 geometry DEF FACE_172 IndexedFaceSet {
  coord DEF COORD_172 Coordinate { point [
  -0.58566658 0.13699812 0.074409449,-0.58566658 0.13699812 0.03503937,
  0.58566658 0.13699812 0.074409449,0.53527135 0.27433267 0.074409449,
  0.45321255 0.39543927 0.074409449,0.3443443 0.49315397 0.074409449,
  0.21510662 0.56169651 0.074409449,0.073144476 0.59701233 0.074409449,
  -0.073144476 0.59701233 0.074409449,-0.21510662 0.56169651 0.074409449,
  -0.3443443 0.49315397 0.074409449,-0.45321255 0.39543927 0.074409449,
  -0.53527135 0.27433267 0.074409449,0.58566658 0.13699812 0.03503937,
  0.53527135 0.27433267 0.03503937,0.45321255 0.39543927 0.03503937,
  0.3443443 0.49315397 0.03503937,0.21510662 0.56169651 0.03503937,
  0.073144476 0.59701233 0.03503937,-0.073144476 0.59701233 0.03503937,
  -0.21510662 0.56169651 0.03503937,-0.3443443 0.49315397 0.03503937,
  -0.45321255 0.39543927 0.03503937,-0.53527135 0.27433267 0.03503937] }
 coordIndex [
  23,0,1,-1,23,12,0,-1,22,11,12,-1,22,12,23,-1,21,10,11,-1,21,11,22,-1,20,9,10,-1,20,10,21,-1,
  19,8,9,-1,19,9,20,-1,18,7,8,-1,18,8,19,-1,17,6,7,-1,17,7,18,-1,16,5,6,-1,16,6,17,-1,
  15,4,5,-1,15,5,16,-1,14,3,4,-1,14,4,15,-1,13,2,3,-1,13,3,14,-1]
  normalPerVertex TRUE
  normal DEF NORM_172 Normal { vector [
  0.93878961 -0.34449103 0,0.93878961 -0.34449103 0,
  -0.93878961 -0.34449103 0,-0.90779912 -0.41940524 0,
  -0.77969985 -0.62615345 0,-0.60547803 -0.79586202 0,
  -0.39543961 -0.91849198 0,-0.16200926 -0.98678924 0,
  0.081004628 -0.99671373 0,0.31922675 -0.94767837 0,
  0.53856525 -0.84258381 0,0.72604533 -0.68764684 0,
  0.87057675 -0.49203265 0,-0.93878961 -0.34449103 0,
  -0.87057675 -0.49203265 0,-0.72604533 -0.68764684 0,
  -0.53856525 -0.84258381 0,-0.31922675 -0.94767837 0,
  -0.081004628 -0.99671373 0,0.16200926 -0.98678924 0,
  0.39543961 -0.91849198 0,0.60547803 -0.79586202 0,
  0.77969985 -0.62615345 0,0.90779912 -0.41940524 0] }
}
}
DEF SHAPE_173 Shape {
 appearance USE APP_3
 geometry DEF FACE_173 IndexedFaceSet {
  coord DEF COORD_173 Coordinate { point [
  0.4684717 0.092211262 0.074409449,0.4684717 0.092211262 0.03503937,
  0.43104062 0.20535977 0.03503937,0.36675339 0.30571327 0.03503937,
  0.27961546 0.38701918 0.03503937,0.17505598 0.44421172 0.03503937,
  0.059589578 0.47372749 0.03503937,-0.059589578 0.47372749 0.03503937,
  -0.17505598 0.44421172 0.03503937,-0.27961546 0.38701918 0.03503937,
  -0.36675339 0.30571327 0.03503937,-0.43104062 0.20535977 0.03503937,
  -0.4684717 0.092211262 0.03503937,-0.4684717 0.092211262 0.074409449,
  0.43104062 0.20535977 0.074409449,0.36675339 0.30571327 0.074409449,
  0.27961546 0.38701918 0.074409449,0.17505598 0.44421172 0.074409449,
  0.059589578 0.47372749 0.074409449,-0.059589578 0.47372749 0.074409449,
  -0.17505598 0.44421172 0.074409449,-0.27961546 0.38701918 0.074409449,
  -0.36675339 0.30571327 0.074409449,-0.43104062 0.20535977 0.074409449] }
 coordIndex [
  11,12,13,-1,11,13,23,-1,10,23,22,-1,10,11,23,-1,9,22,21,-1,9,10,22,-1,8,21,20,-1,8,9,21,-1,
  7,20,19,-1,7,8,20,-1,6,19,18,-1,6,7,19,-1,5,18,17,-1,5,6,18,-1,4,17,16,-1,4,5,17,-1,
  3,16,15,-1,3,4,16,-1,2,15,14,-1,2,3,15,-1,1,14,0,-1,1,2,14,-1]
  normalPerVertex TRUE
  normal DEF NORM_173 Normal { vector [
  0.94939849 0.31407406 0,0.94939849 0.31407406 0,
  0.88396634 0.46755054 0,0.74063541 0.67190712 0,
  0.55115892 0.83440029 0,0.32734227 0.94490584 0,
  0.083130435 0.99653867 0,-0.16626087 0.9860818 0,
  -0.40529323 0.91418674 0,-0.61907365 0.78533293 0,
  -0.79428245 0.60754867 0,-0.92000319 0.39191086 0,
  -0.94939849 0.31407406 0,-0.94939849 0.31407406 0,
  0.92000319 0.39191086 0,0.79428245 0.60754867 0,
  0.61907365 0.78533293 0,0.40529323 0.91418674 0,
  0.16626087 0.9860818 0,-0.083130435 0.99653867 0,
  -0.32734227 0.94490584 0,-0.55115892 0.83440029 0,
  -0.74063541 0.67190712 0,-0.88396634 0.46755054 0] }
}
}
DEF SHAPE_174 Shape {
 appearance USE APP_3
 geometry DEF FACE_174 IndexedFaceSet {
  coord DEF COORD_174 Coordinate { point [
  -0.44826569 0.062902042 0.074409449,-0.44826569 0.062902042 0.03503937,
  0.44826569 0.062902042 0.074409449,0.41698429 0.17613319 0.074409449,
  0.35761922 0.27750186 0.074409449,0.27416871 0.36018094 0.074409449,
  0.17225309 0.41860204 0.074409449,0.058736315 0.44883052 0.074409449,
  -0.058736315 0.44883052 0.074409449,-0.17225309 0.41860204 0.074409449,
  -0.27416871 0.36018094 0.074409449,-0.35761922 0.27750186 0.074409449,
  -0.41698429 0.17613319 0.074409449,0.44826569 0.062902042 0.03503937,
  0.41698429 0.17613319 0.03503937,0.35761922 0.27750186 0.03503937,
  0.27416871 0.36018094 0.03503937,0.17225309 0.41860204 0.03503937,
  0.058736315 0.44883052 0.03503937,-0.058736315 0.44883052 0.03503937,
  -0.17225309 0.41860204 0.03503937,-0.27416871 0.36018094 0.03503937,
  -0.35761922 0.27750186 0.03503937,-0.41698429 0.17613319 0.03503937] }
 coordIndex [
  23,0,1,-1,23,12,0,-1,22,11,12,-1,22,12,23,-1,21,10,11,-1,21,11,22,-1,20,9,10,-1,20,10,21,-1,
  19,8,9,-1,19,9,20,-1,18,7,8,-1,18,8,19,-1,17,6,7,-1,17,7,18,-1,16,5,6,-1,16,6,17,-1,
  15,4,5,-1,15,5,16,-1,14,3,4,-1,14,4,15,-1,13,2,3,-1,13,3,14,-1]
  normalPerVertex TRUE
  normal DEF NORM_174 Normal { vector [
  0.96389386 -0.26628674 0,0.96389386 -0.26628674 0,
  -0.96389386 -0.26628674 0,-0.93727394 -0.3485937 0,
  -0.8160101 -0.57803764 0,-0.63978844 -0.76855107 0,
  -0.42047739 -0.90730301 0,-0.17284743 -0.98494861 0,
  0.086423714 -0.99625847 0,0.33987427 -0.94047088 0,
  0.57043448 -0.82134311 0,0.76257625 -0.64689834 0,
  0.90335894 -0.42888533 0,-0.96389386 -0.26628674 0,
  -0.90335894 -0.42888533 0,-0.76257625 -0.64689834 0,
  -0.57043448 -0.82134311 0,-0.33987427 -0.94047088 0,
  -0.086423714 -0.99625847 0,0.17284743 -0.98494861 0,
  0.42047739 -0.90730301 0,0.63978844 -0.76855107 0,
  0.8160101 -0.57803764 0,0.93727394 -0.3485937 0] }
}
}
DEF SHAPE_175 Shape {
 appearance USE APP_3
 geometry DEF FACE_175 IndexedFaceSet {
  coord DEF COORD_175 Coordinate { point [
  0.30383858 0 0.074409449,0.29348553 0.078639212 0.074409449,
  0.26313193 0.15191929 0.074409449,0.21484632 0.21484632 0.074409449,
  0.15191929 0.26313193 0.074409449,0.078639212 0.29348553 0.074409449,
  0 0.30383858 0.074409449,-0.078639212 0.29348553 0.074409449,
  -0.15191929 0.26313193 0.074409449,-0.21484632 0.21484632 0.074409449,
  -0.26313193 0.15191929 0.074409449,-0.29348553 0.078639212 0.074409449,
  -0.30383858 0 0.074409449,-0.29348553 -0.078639212 0.074409449,
  -0.26313193 -0.15191929 0.074409449,-0.21484632 -0.21484632 0.074409449,
  -0.15191929 -0.26313193 0.074409449,-0.078639212 -0.29348553 0.074409449,
  0 -0.30383858 0.074409449,0.078639212 -0.29348553 0.074409449,
  0.15191929 -0.26313193 0.074409449,0.21484632 -0.21484632 0.074409449,
  0.26313193 -0.15191929 0.074409449,0.29348553 -0.078639212 0.074409449,
  0.17982283 0 0.074409449,0.17369552 0.046541574 0.074409449,
  0.15573114 0.089911417 0.074409449,0.12715395 0.12715395 0.074409449,
  0.089911417 0.15573114 0.074409449,0.046541574 0.17369552 0.074409449,
  0 0.17982283 0.074409449,-0.046541574 0.17369552 0.074409449,
  -0.089911417 0.15573114 0.074409449,-0.12715395 0.12715395 0.074409449,
  -0.15573114 0.089911417 0.074409449,-0.17369552 0.046541574 0.074409449,
  -0.17982283 0 0.074409449,-0.17369552 -0.046541574 0.074409449,
  -0.15573114 -0.089911417 0.074409449,-0.12715395 -0.12715395 0.074409449,
  -0.089911417 -0.15573114 0.074409449,-0.046541574 -0.17369552 0.074409449,
  0 -0.17982283 0.074409449,0.046541574 -0.17369552 0.074409449,
  0.089911417 -0.15573114 0.074409449,0.12715395 -0.12715395 0.074409449,
  0.15573114 -0.089911417 0.074409449,0.17369552 -0.046541574 0.074409449] }
 coordIndex [
  38,15,14,-1,38,39,15,-1,40,16,15,-1,40,15,39,-1,37,14,13,-1,37,38,14,-1,41,17,16,-1,41,16,40,-1,
  42,18,17,-1,42,17,41,-1,36,13,12,-1,36,37,13,-1,43,19,18,-1,43,18,42,-1,35,12,11,-1,35,36,12,-1,
  44,20,19,-1,44,19,43,-1,34,11,10,-1,34,35,11,-1,45,21,20,-1,45,20,44,-1,33,34,10,-1,9,33,10,-1,
  46,21,45,-1,22,21,46,-1,8,33,9,-1,8,32,33,-1,31,32,8,-1,23,46,47,-1,23,47,24,-1,23,22,46,-1,
  7,31,8,-1,0,23,24,-1,6,29,30,-1,6,30,31,-1,6,31,7,-1,1,24,25,-1,1,0,24,-1,5,29,6,-1,
  2,25,26,-1,2,1,25,-1,4,28,29,-1,4,29,5,-1,3,28,4,-1,3,26,27,-1,3,27,28,-1,3,2,26,-1]
  normalPerVertex TRUE
  normal DEF NORM_175 Normal { vector [
  0 0 -1,0 0 -1,
  0 0 -1,0 0 -1,
  0 0 -1,0 0 -1,
  0 0 -1,0 0 -1,
  0 0 -1,0 0 -1,
  0 0 -1,0 0 -1,
  0 0 -1,0 0 -1,
  0 0 -1,0 0 -1,
  0 0 -1,0 0 -1,
  0 0 -1,0 0 -1,
  0 0 -1,0 0 -1,
  0 0 -1,0 0 -1,
  0 0 -1,0 0 -1,
  0 0 -1,0 0 -1,
  0 0 -1,0 0 -1,
  0 0 -1,0 0 -1,
  0 0 -1,0 0 -1,
  0 0 -1,0 0 -1,
  0 0 -1,0 0 -1,
  0 0 -1,0 0 -1,
  0 0 -1,0 0 -1,
  0 0 -1,0 0 -1,
  0 0 -1,0 0 -1,
  0 0 -1,0 0 -1] }
}
}
DEF SHAPE_176 Shape {
 appearance USE APP_3
 geometry DEF FACE_176 IndexedFaceSet {
  coord DEF COORD_176 Coordinate { point [
  0.15501969 0 0.074409449,0.14973752 0.040122047 0.074409449,
  0.13425099 0.077509843 0.074409449,0.10961547 0.10961547 0.074409449,
  0.077509843 0.13425099 0.074409449,0.040122047 0.14973752 0.074409449,
  0 0.15501969 0.074409449,-0.040122047 0.14973752 0.074409449,
  -0.077509843 0.13425099 0.074409449,-0.10961547 0.10961547 0.074409449,
  -0.13425099 0.077509843 0.074409449,-0.14973752 0.040122047 0.074409449,
  -0.15501969 0 0.074409449,-0.14973752 -0.040122047 0.074409449,
  -0.13425099 -0.077509843 0.074409449,-0.10961547 -0.10961547 0.074409449,
  -0.077509843 -0.13425099 0.074409449,-0.040122047 -0.14973752 0.074409449,
  0 -0.15501969 0.074409449,0.040122047 -0.14973752 0.074409449,
  0.077509843 -0.13425099 0.074409449,0.10961547 -0.10961547 0.074409449,
  0.13425099 -0.077509843 0.074409449,0.14973752 -0.040122047 0.074409449] }
 coordIndex [
  3,1,0,-1,3,2,1,-1,3,5,4,-1,3,6,5,-1,3,7,6,-1,3,8,7,-1,3,9,8,-1,3,10,9,-1,
  3,11,10,-1,3,12,11,-1,3,13,12,-1,3,14,13,-1,3,15,14,-1,3,16,15,-1,3,17,16,-1,3,18,17,-1,
  3,19,18,-1,3,20,19,-1,3,21,20,-1,3,22,21,-1,3,23,22,-1,3,0,23,-1]
  normalPerVertex TRUE
  normal DEF NORM_176 Normal { vector [
  0 0 -1,0 0 -1,
  0 0 -1,0 0 -1,
  0 0 -1,0 0 -1,
  0 0 -1,0 0 -1,
  0 0 -1,0 0 -1,
  0 0 -1,0 0 -1,
  0 0 -1,0 0 -1,
  0 0 -1,0 0 -1,
  0 0 -1,0 0 -1,
  0 0 -1,0 0 -1,
  0 0 -1,0 0 -1,
  0 0 -1,0 0 -1] }
}
}
] }
] }
DEF TXFM_5 Transform {
  center 0 0 0
  rotation 0 0 1 0
  scale 1 1 1
  scaleOrientation 0 0 1 0
  translation 0 0 0
 children [
DEF TXFM_6 Transform {
  center 0 0 0
  rotation 0 0 1 0
  scale 1 1 1
  scaleOrientation 0 0 1 0
  translation 0 0 0
 children [
DEF SHAPE_177 Shape {
 appearance USE APP_3
 geometry DEF FACE_177 IndexedFaceSet {
  coord DEF COORD_177 Coordinate { point [
  1.2992126 1.1811024 0.62204724,1.2951881 1.2116715 0.62204724,
  1.2833888 1.2401575 0.62204724,1.2646189 1.2646189 0.62204724,
  1.2401575 1.2833888 0.62204724,1.2116715 1.2951881 0.62204724,
  1.1811024 1.2992126 0.62204724,1.2992126 1.1811024 0,
  1.1811024 1.2992126 0,1.2116715 1.2951881 0,
  1.2401575 1.2833888 0,1.2646189 1.2646189 0,
  1.2833888 1.2401575 0,1.2951881 1.2116715 0] }
 coordIndex [
  1,0,7,-1,1,7,13,-1,2,13,12,-1,2,1,13,-1,3,12,11,-1,3,2,12,-1,4,11,10,-1,4,3,11,-1,
  5,9,8,-1,5,10,9,-1,5,4,10,-1,6,5,8,-1]
  normalPerVertex TRUE
  normal DEF NORM_177 Normal { vector [
  0.99144486 0.13052619 0,0.9763442 0.21622209 0,
  0.88711369 0.46155098 0,0.73742784 0.67542593 0,
  0.5374875 0.84327172 0,0.25881905 0.96592583 0,
  0.13052619 0.99144486 0,0.99144486 0.13052619 0,
  0.13052619 0.99144486 0,0.25881905 0.96592583 0,
  0.46155098 0.88711369 0,0.67542593 0.73742784 0,
  0.84327172 0.5374875 0,0.95364993 0.30091828 0] }
}
}
DEF SHAPE_178 Shape {
 appearance USE APP_3
 geometry DEF FACE_178 IndexedFaceSet {
  coord DEF COORD_178 Coordinate { point [
  -1.1811024 1.2992126 0.62204724,-1.2116715 1.2951881 0.62204724,
  -1.2401575 1.2833888 0.62204724,-1.2646189 1.2646189 0.62204724,
  -1.2833888 1.2401575 0.62204724,-1.2951881 1.2116715 0.62204724,
  -1.2992126 1.1811024 0.62204724,-1.1811024 1.2992126 0,
  -1.2992126 1.1811024 0,-1.2951881 1.2116715 0,
  -1.2833888 1.2401575 0,-1.2646189 1.2646189 0,
  -1.2401575 1.2833888 0,-1.2116715 1.2951881 0] }
 coordIndex [
  1,0,7,-1,1,7,13,-1,2,13,12,-1,2,1,13,-1,3,11,10,-1,3,12,11,-1,3,2,12,-1,4,3,10,-1,
  5,9,8,-1,5,10,9,-1,5,4,10,-1,6,5,8,-1]
  normalPerVertex TRUE
  normal DEF NORM_178 Normal { vector [
  -0.13052619 0.99144486 0,-0.21622209 0.9763442 0,
  -0.46155098 0.88711369 0,-0.70710678 0.70710678 0,
  -0.8660254 0.5 0,-0.96592583 0.25881905 0,
  -0.99144486 0.13052619 0,-0.13052619 0.99144486 0,
  -0.99144486 0.13052619 0,-0.96592583 0.25881905 0,
  -0.8660254 0.5 0,-0.70710678 0.70710678 0,
  -0.5374875 0.84327172 0,-0.30091828 0.95364993 0] }
}
}
DEF SHAPE_179 Shape {
 appearance USE APP_3
 geometry DEF FACE_179 IndexedFaceSet {
  coord DEF COORD_179 Coordinate { point [
  0.17716535 0.47244094 0.19685039,0.17112859 0.42658718 0.19685039,
  0.1534297 0.38385827 0.19685039,0.12527482 0.34716612 0.19685039,
  0.088582677 0.31901125 0.19685039,0.045853768 0.30131235 0.19685039,
  0 0.29527559 0.19685039,-0.045853768 0.30131235 0.19685039,
  -0.088582677 0.31901125 0.19685039,-0.12527482 0.34716612 0.19685039,
  -0.1534297 0.38385827 0.19685039,-0.17112859 0.42658718 0.19685039,
  -0.17716535 0.47244094 0.19685039,-0.17716535 0.47244094 0.082677165,
  -0.17716535 0.47244094 0.082677165,-0.17112859 0.51829471 0.082677165,
  -0.1534297 0.56102362 0.082677165,-0.12527482 0.59771577 0.082677165,
  -0.088582677 0.62587064 0.082677165,-0.045853768 0.64356954 0.082677165,
  0 0.6496063 0.082677165,0.045853768 0.64356954 0.082677165,
  0.088582677 0.62587064 0.082677165,0.12527482 0.59771577 0.082677165,
  0.1534297 0.56102362 0.082677165,0.17112859 0.51829471 0.082677165,
  0.17716535 0.47244094 0.082677165,0.17112859 0.42658718 0.082677165,
  0.1534297 0.38385827 0.082677165,0.12527482 0.34716612 0.082677165,
  0.088582677 0.31901125 0.082677165,0.045853768 0.30131235 0.082677165,
  0 0.29527559 0.082677165,-0.045853768 0.30131235 0.082677165,
  -0.088582677 0.31901125 0.082677165,-0.12527482 0.34716612 0.082677165,
  -0.1534297 0.38385827 0.082677165,-0.17112859 0.42658718 0.082677165,
  -0.17716535 0.47244094 0.19685039,-0.17112859 0.51829471 0.19685039,
  -0.1534297 0.56102362 0.19685039,-0.12527482 0.59771577 0.19685039,
  -0.088582677 0.62587064 0.19685039,-0.045853768 0.64356954 0.19685039,
  0 0.6496063 0.19685039,0.045853768 0.64356954 0.19685039,
  0.088582677 0.62587064 0.19685039,0.12527482 0.59771577 0.19685039,
  0.1534297 0.56102362 0.19685039,0.17112859 0.51829471 0.19685039] }
 coordIndex [
  11,13,12,-1,11,37,13,-1,10,36,37,-1,10,37,11,-1,9,35,36,-1,9,36,10,-1,8,34,35,-1,8,35,9,-1,
  7,33,34,-1,7,34,8,-1,6,32,33,-1,6,33,7,-1,5,31,32,-1,5,32,6,-1,4,30,31,-1,4,31,5,-1,
  3,28,29,-1,3,29,30,-1,3,30,4,-1,2,27,28,-1,2,28,3,-1,1,27,2,-1,0,25,26,-1,0,26,27,-1,
  0,27,1,-1,49,25,0,-1,49,24,25,-1,48,24,49,-1,47,24,48,-1,47,23,24,-1,46,23,47,-1,46,22,23,-1,
  45,21,22,-1,45,22,46,-1,44,20,21,-1,44,21,45,-1,43,19,20,-1,43,20,44,-1,42,17,18,-1,42,18,19,-1,
  42,19,43,-1,41,16,17,-1,41,17,42,-1,40,15,16,-1,40,16,41,-1,39,15,40,-1,38,14,15,-1,38,15,39,-1]
  normalPerVertex TRUE
  normal DEF NORM_179 Normal { vector [
  -1 0 0,-0.96592583 0.25881905 0,
  -0.88711369 0.46155098 0,-0.70710678 0.70710678 0,
  -0.46155098 0.88711369 0,-0.21622209 0.9763442 0,
  0.04384197 0.99903848 0,0.30091828 0.95364993 0,
  0.5374875 0.84327172 0,0.73742784 0.67542593 0,
  0.88711369 0.46155098 0,0.9763442 0.21622209 0,
  0.99144486 0.13052619 0,0.99144486 0.13052619 0,
  0.99144486 -0.13052619 0,0.96592583 -0.25881905 0,
  0.84327172 -0.5374875 0,0.67542593 -0.73742784 0,
  0.5 -0.8660254 0,0.30091828 -0.95364993 0,
  0.04384197 -0.99903848 0,-0.21622209 -0.9763442 0,
  -0.46155098 -0.88711369 0,-0.67542593 -0.73742784 0,
  -0.8660254 -0.5 0,-0.9763442 -0.21622209 0,
  -1 0 0,-0.96592583 0.25881905 0,
  -0.84327172 0.5374875 0,-0.70710678 0.70710678 0,
  -0.5374875 0.84327172 0,-0.30091828 0.95364993 0,
  -0.04384197 0.99903848 0,0.21622209 0.9763442 0,
  0.46155098 0.88711369 0,0.67542593 0.73742784 0,
  0.84327172 0.5374875 0,0.95364993 0.30091828 0,
  0.99144486 -0.13052619 0,0.96592583 -0.25881905 0,
  0.88711369 -0.46155098 0,0.73742784 -0.67542593 0,
  0.5 -0.8660254 0,0.21622209 -0.9763442 0,
  -0.04384197 -0.99903848 0,-0.30091828 -0.95364993 0,
  -0.5374875 -0.84327172 0,-0.73742784 -0.67542593 0,
  -0.8660254 -0.5 0,-0.95364993 -0.30091828 0] }
}
}
DEF SHAPE_180 Shape {
 appearance USE APP_3
 geometry DEF FACE_180 IndexedFaceSet {
  coord DEF COORD_180 Coordinate { point [
  -0.19685039 -1.2992126 0,-0.68897638 -1.2992126 0,
  -0.19685039 -1.2992126 0.082677165,0.19685039 -1.2992126 0.082677165,
  0.19685039 -1.2992126 0,0.68897638 -1.2992126 0,
  0.68897638 -1.2992126 0.4015748,0.39370079 -1.2992126 0.4015748,
  0.39370079 -1.2992126 0.19685039,-0.39370079 -1.2992126 0.19685039,
  -0.39370079 -1.2992126 0.4015748,-0.68897638 -1.2992126 0.4015748] }
 coordIndex [
  9,10,11,-1,9,11,1,-1,0,9,1,-1,0,2,9,-1,4,8,3,-1,6,7,8,-1,5,6,8,-1,5,8,4,-1,
  8,9,2,-1,8,2,3,-1]
  normalPerVertex TRUE
  normal DEF NORM_180 Normal { vector [
  0 -1 0,0 -1 0,
  0 -1 0,0 -1 0,
  0 -1 0,0 -1 0,
  0 -1 0,0 -1 0,
  0 -1 0,0 -1 0,
  0 -1 0,0 -1 0] }
}
}
DEF SHAPE_181 Shape {
 appearance USE APP_3
 geometry DEF FACE_181 IndexedFaceSet {
  coord DEF COORD_181 Coordinate { point [
  -0.68897638 -1.2992126 0,-1.2992126 -0.68897638 0,
  -0.68897638 -1.2992126 0.4015748,-1.2992126 -0.68897638 0.4015748] }
 coordIndex [
  2,1,0,-1,2,3,1,-1]
  normalPerVertex TRUE
  normal DEF NORM_181 Normal { vector [
  -0.70710678 -0.70710678 0,-0.70710678 -0.70710678 0,
  -0.70710678 -0.70710678 0,-0.70710678 -0.70710678 0] }
}
}
DEF SHAPE_182 Shape {
 appearance USE APP_3
 geometry DEF FACE_182 IndexedFaceSet {
  coord DEF COORD_182 Coordinate { point [
  1.2992126 -0.68897638 0,0.68897638 -1.2992126 0,
  1.2992126 -0.68897638 0.4015748,0.68897638 -1.2992126 0.4015748] }
 coordIndex [
  2,1,0,-1,2,3,1,-1]
  normalPerVertex TRUE
  normal DEF NORM_182 Normal { vector [
  0.70710678 -0.70710678 0,0.70710678 -0.70710678 0,
  0.70710678 -0.70710678 0,0.70710678 -0.70710678 0] }
}
}
DEF SHAPE_183 Shape {
 appearance USE APP_3
 geometry DEF FACE_183 IndexedFaceSet {
  coord DEF COORD_183 Coordinate { point [
  1.2992126 1.1811024 0,1.2992126 -0.68897638 0,
  1.2992126 1.1811024 0.62204724,1.2992126 0.39370079 0.62204724,
  1.2992126 0.39370079 0.19685039,1.2992126 -0.39370079 0.19685039,
  1.2992126 -0.39370079 0.4015748,1.2992126 -0.68897638 0.4015748] }
 coordIndex [
  5,6,7,-1,5,7,1,-1,4,5,1,-1,2,3,4,-1,0,2,4,-1,1,0,4,-1]
  normalPerVertex TRUE
  normal DEF NORM_183 Normal { vector [
  1 0 0,1 0 0,
  1 0 0,1 0 0,
  1 0 0,1 0 0,
  1 0 0,1 0 0] }
}
}
DEF SHAPE_184 Shape {
 appearance USE APP_3
 geometry DEF FACE_184 IndexedFaceSet {
  coord DEF COORD_184 Coordinate { point [
  0.39370079 1.2992126 0.62204724,1.1811024 1.2992126 0.62204724,
  1.1811024 1.2992126 0,0.19685039 1.2992126 0,
  0.19685039 1.2992126 0.082677165,-0.19685039 1.2992126 0.082677165,
  -0.19685039 1.2992126 0,-1.1811024 1.2992126 0,
  -1.1811024 1.2992126 0.62204724,-0.39370079 1.2992126 0.62204724,
  -0.39370079 1.2992126 0.19685039,0.39370079 1.2992126 0.19685039] }
 coordIndex [
  10,6,7,-1,10,7,8,-1,5,6,10,-1,9,10,8,-1,11,3,4,-1,2,3,11,-1,1,11,0,-1,1,2,11,-1,
  10,11,4,-1,10,4,5,-1]
  normalPerVertex TRUE
  normal DEF NORM_184 Normal { vector [
  0 1 0,0 1 0,
  0 1 0,0 1 0,
  0 1 0,0 1 0,
  0 1 0,0 1 0,
  0 1 0,0 1 0,
  0 1 0,0 1 0] }
}
}
DEF SHAPE_185 Shape {
 appearance USE APP_3
 geometry DEF FACE_185 IndexedFaceSet {
  coord DEF COORD_185 Coordinate { point [
  -1.2992126 0.39370079 0.62204724,-1.2992126 1.1811024 0.62204724,
  -1.2992126 1.1811024 0,-1.2992126 -0.68897638 0,
  -1.2992126 -0.68897638 0.4015748,-1.2992126 -0.39370079 0.4015748,
  -1.2992126 -0.39370079 0.19685039,-1.2992126 0.39370079 0.19685039] }
 coordIndex [
  6,3,4,-1,5,6,4,-1,7,3,6,-1,1,7,0,-1,1,2,7,-1,2,3,7,-1]
  normalPerVertex TRUE
  normal DEF NORM_185 Normal { vector [
  -1 0 0,-1 0 0,
  -1 0 0,-1 0 0,
  -1 0 0,-1 0 0,
  -1 0 0,-1 0 0] }
}
}
DEF SHAPE_186 Shape {
 appearance USE APP_3
 geometry DEF FACE_186 IndexedFaceSet {
  coord DEF COORD_186 Coordinate { point [
  0.17716535 -0.47244094 0.082677165,0.17112859 -0.42658718 0.082677165,
  0.1534297 -0.38385827 0.082677165,0.12527482 -0.34716612 0.082677165,
  0.088582677 -0.31901125 0.082677165,0.045853768 -0.30131235 0.082677165,
  0 -0.29527559 0.082677165,-0.045853768 -0.30131235 0.082677165,
  -0.088582677 -0.31901125 0.082677165,-0.12527482 -0.34716612 0.082677165,
  -0.1534297 -0.38385827 0.082677165,-0.17112859 -0.42658718 0.082677165,
  -0.17716535 -0.47244094 0.082677165,-0.17112859 -0.51829471 0.082677165,
  -0.1534297 -0.56102362 0.082677165,-0.12527482 -0.59771577 0.082677165,
  -0.088582677 -0.62587064 0.082677165,-0.045853768 -0.64356954 0.082677165,
  0 -0.6496063 0.082677165,0.045853768 -0.64356954 0.082677165,
  0.088582677 -0.62587064 0.082677165,0.12527482 -0.59771577 0.082677165,
  0.1534297 -0.56102362 0.082677165,0.17112859 -0.51829471 0.082677165,
  0.17716535 -0.47244094 0.082677165,0.17716535 -0.47244094 0.19685039,
  0.17716535 -0.47244094 0.19685039,0.17112859 -0.42658718 0.19685039,
  0.1534297 -0.38385827 0.19685039,0.12527482 -0.34716612 0.19685039,
  0.088582677 -0.31901125 0.19685039,0.045853768 -0.30131235 0.19685039,
  0 -0.29527559 0.19685039,-0.045853768 -0.30131235 0.19685039,
  -0.088582677 -0.31901125 0.19685039,-0.12527482 -0.34716612 0.19685039,
  -0.1534297 -0.38385827 0.19685039,-0.17112859 -0.42658718 0.19685039,
  -0.17716535 -0.47244094 0.19685039,-0.17112859 -0.51829471 0.19685039,
  -0.1534297 -0.56102362 0.19685039,-0.12527482 -0.59771577 0.19685039,
  -0.088582677 -0.62587064 0.19685039,-0.045853768 -0.64356954 0.19685039,
  0 -0.6496063 0.19685039,0.045853768 -0.64356954 0.19685039,
  0.088582677 -0.62587064 0.19685039,0.12527482 -0.59771577 0.19685039,
  0.1534297 -0.56102362 0.19685039,0.17112859 -0.51829471 0.19685039] }
 coordIndex [
  27,1,0,-1,27,0,26,-1,28,2,1,-1,28,1,27,-1,29,3,2,-1,29,2,28,-1,30,4,3,-1,30,3,29,-1,
  31,5,4,-1,31,4,30,-1,32,6,5,-1,32,5,31,-1,33,7,6,-1,33,6,32,-1,34,8,7,-1,34,7,33,-1,
  35,9,8,-1,35,8,34,-1,36,10,9,-1,36,9,35,-1,37,11,10,-1,37,10,36,-1,38,11,37,-1,38,12,11,-1,
  38,13,12,-1,39,13,38,-1,40,13,39,-1,40,14,13,-1,41,14,40,-1,41,15,14,-1,42,16,15,-1,42,15,41,-1,
  43,17,16,-1,43,16,42,-1,44,18,17,-1,44,17,43,-1,45,19,18,-1,45,18,44,-1,46,20,19,-1,46,19,45,-1,
  47,21,20,-1,47,22,21,-1,47,20,46,-1,48,22,47,-1,49,23,22,-1,49,22,48,-1,25,24,23,-1,25,23,49,-1]
  normalPerVertex TRUE
  normal DEF NORM_186 Normal { vector [
  -0.99144486 -0.13052619 0,-0.95364993 -0.30091828 0,
  -0.84327172 -0.5374875 0,-0.67542593 -0.73742784 0,
  -0.46155098 -0.88711369 0,-0.21622209 -0.9763442 0,
  0.04384197 -0.99903848 0,0.30091828 -0.95364993 0,
  0.5374875 -0.84327172 0,0.73742784 -0.67542593 0,
  0.88711369 -0.46155098 0,0.9763442 -0.21622209 0,
  1 0 0,0.96592583 0.25881905 0,
  0.84327172 0.5374875 0,0.67542593 0.73742784 0,
  0.46155098 0.88711369 0,0.21622209 0.9763442 0,
  -0.04384197 0.99903848 0,-0.30091828 0.95364993 0,
  -0.5374875 0.84327172 0,-0.70710678 0.70710678 0,
  -0.8660254 0.5 0,-0.9763442 0.21622209 0,
  -0.99144486 0.13052619 0,-0.99144486 0.13052619 0,
  -0.99144486 -0.13052619 0,-0.9763442 -0.21622209 0,
  -0.88711369 -0.46155098 0,-0.73742784 -0.67542593 0,
  -0.5374875 -0.84327172 0,-0.30091828 -0.95364993 0,
  -0.04384197 -0.99903848 0,0.21622209 -0.9763442 0,
  0.46155098 -0.88711369 0,0.67542593 -0.73742784 0,
  0.84327172 -0.5374875 0,0.95364993 -0.30091828 0,
  1 0 0,0.96592583 0.25881905 0,
  0.88711369 0.46155098 0,0.73742784 0.67542593 0,
  0.5374875 0.84327172 0,0.30091828 0.95364993 0,
  0.04384197 0.99903848 0,-0.21622209 0.9763442 0,
  -0.46155098 0.88711369 0,-0.70710678 0.70710678 0,
  -0.8660254 0.5 0,-0.95364993 0.30091828 0] }
}
}
DEF SHAPE_187 Shape {
 appearance USE APP_3
 geometry DEF FACE_187 IndexedFaceSet {
  coord DEF COORD_187 Coordinate { point [
  -0.39370079 -1.1448251 0.19685039,-0.39370079 -1.2992126 0.19685039,
  -0.64133801 -1.0267962 0.19685039,-0.85604463 -0.85604463 0.19685039,
  -1.0267962 -0.64133801 0.19685039,-1.1448251 -0.39370079 0.19685039,
  -1.2992126 -0.39370079 0.19685039,-1.2992126 0.39370079 0.19685039,
  -1.1448251 0.39370079 0.19685039,-1.0267962 0.64133801 0.19685039,
  -0.85604463 0.85604463 0.19685039,-0.64133801 1.0267962 0.19685039,
  -0.39370079 1.1448251 0.19685039,-0.39370079 1.2992126 0.19685039,
  0.39370079 1.2992126 0.19685039,0.39370079 1.1448251 0.19685039,
  0.64133801 1.0267962 0.19685039,0.85604463 0.85604463 0.19685039,
  1.0267962 0.64133801 0.19685039,1.1448251 0.39370079 0.19685039,
  1.2992126 0.39370079 0.19685039,1.2992126 -0.39370079 0.19685039,
  1.1448251 -0.39370079 0.19685039,1.0267962 -0.64133801 0.19685039,
  0.85604463 -0.85604463 0.19685039,0.64133801 -1.0267962 0.19685039,
  0.39370079 -1.1448251 0.19685039,0.39370079 -1.2992126 0.19685039,
  -0.17716535 0.47244094 0.19685039,-0.17112859 0.51829471 0.19685039,
  -0.1534297 0.56102362 0.19685039,-0.12527482 0.59771577 0.19685039,
  -0.088582677 0.62587064 0.19685039,-0.045853768 0.64356954 0.19685039,
  0 0.6496063 0.19685039,0.045853768 0.64356954 0.19685039,
  0.088582677 0.62587064 0.19685039,0.12527482 0.59771577 0.19685039,
  0.1534297 0.56102362 0.19685039,0.17112859 0.51829471 0.19685039,
  0.17716535 0.47244094 0.19685039,0.17112859 0.42658718 0.19685039,
  0.1534297 0.38385827 0.19685039,0.12527482 0.34716612 0.19685039,
  0.088582677 0.31901125 0.19685039,0.045853768 0.30131235 0.19685039,
  0 0.29527559 0.19685039,-0.045853768 0.30131235 0.19685039,
  -0.088582677 0.31901125 0.19685039,-0.12527482 0.34716612 0.19685039,
  -0.1534297 0.38385827 0.19685039,-0.17112859 0.42658718 0.19685039,
  0.17716535 -0.47244094 0.19685039,0.17112859 -0.42658718 0.19685039,
  0.1534297 -0.38385827 0.19685039,0.12527482 -0.34716612 0.19685039,
  0.088582677 -0.31901125 0.19685039,0.045853768 -0.30131235 0.19685039,
  0 -0.29527559 0.19685039,-0.045853768 -0.30131235 0.19685039,
  -0.088582677 -0.31901125 0.19685039,-0.12527482 -0.34716612 0.19685039,
  -0.1534297 -0.38385827 0.19685039,-0.17112859 -0.42658718 0.19685039,
  -0.17716535 -0.47244094 0.19685039,-0.17112859 -0.51829471 0.19685039,
  -0.1534297 -0.56102362 0.19685039,-0.12527482 -0.59771577 0.19685039,
  -0.088582677 -0.62587064 0.19685039,-0.045853768 -0.64356954 0.19685039,
  0 -0.6496063 0.19685039,0.045853768 -0.64356954 0.19685039,
  0.088582677 -0.62587064 0.19685039,0.12527482 -0.59771577 0.19685039,
  0.1534297 -0.56102362 0.19685039,0.17112859 -0.51829471 0.19685039] }
 coordIndex [
  20,22,21,-1,19,22,20,-1,0,27,26,-1,0,1,27,-1,73,26,25,-1,74,73,25,-1,72,26,73,-1,75,74,25,-1,
  75,25,24,-1,71,26,72,-1,52,24,23,-1,52,75,24,-1,70,0,26,-1,70,26,71,-1,53,23,22,-1,53,52,23,-1,
  69,0,70,-1,68,0,69,-1,54,53,22,-1,67,0,68,-1,2,0,67,-1,2,67,66,-1,65,2,66,-1,3,2,65,-1,
  3,65,64,-1,42,54,22,-1,42,43,55,-1,42,55,54,-1,42,22,19,-1,44,55,43,-1,44,56,55,-1,41,19,18,-1,
  41,42,19,-1,45,57,56,-1,45,56,44,-1,40,18,17,-1,40,41,18,-1,46,57,45,-1,46,58,57,-1,39,40,17,-1,
  47,59,58,-1,47,60,59,-1,47,58,46,-1,4,3,64,-1,4,64,63,-1,16,39,17,-1,48,60,47,-1,38,39,16,-1,
  49,61,60,-1,49,62,61,-1,49,60,48,-1,37,38,16,-1,50,62,49,-1,15,34,35,-1,15,35,36,-1,15,36,37,-1,
  15,37,16,-1,5,63,62,-1,5,4,63,-1,8,6,5,-1,8,5,62,-1,8,50,51,-1,8,62,50,-1,12,31,32,-1,
  12,32,33,-1,12,33,34,-1,12,34,15,-1,9,8,51,-1,9,51,28,-1,11,29,30,-1,11,30,31,-1,11,31,12,-1,
  7,6,8,-1,13,15,14,-1,13,12,15,-1,10,29,11,-1,10,9,28,-1,10,28,29,-1]
  normalPerVertex TRUE
  normal DEF NORM_187 Normal { vector [
  0 0 1,0 0 1,
  0 0 1,0 0 1,
  0 0 1,0 0 1,
  0 0 1,0 0 1,
  0 0 1,0 0 1,
  0 0 1,0 0 1,
  0 0 1,0 0 1,
  0 0 1,0 0 1,
  0 0 1,0 0 1,
  0 0 1,0 0 1,
  0 0 1,0 0 1,
  0 0 1,0 0 1,
  0 0 1,0 0 1,
  0 0 1,0 0 1,
  0 0 1,0 0 1,
  0 0 1,0 0 1,
  0 0 1,0 0 1,
  0 0 1,0 0 1,
  0 0 1,0 0 1,
  0 0 1,0 0 1,
  0 0 1,0 0 1,
  0 0 1,0 0 1,
  0 0 1,0 0 1,
  0 0 1,0 0 1,
  0 0 1,0 0 1,
  0 0 1,0 0 1,
  0 0 1,0 0 1,
  0 0 1,0 0 1,
  0 0 1,0 0 1,
  0 0 1,0 0 1,
  0 0 1,0 0 1,
  0 0 1,0 0 1,
  0 0 1,0 0 1,
  0 0 1,0 0 1,
  0 0 1,0 0 1,
  0 0 1,0 0 1,
  0 0 1,0 0 1,
  0 0 1,0 0 1] }
}
}
DEF SHAPE_188 Shape {
 appearance USE APP_3
 geometry DEF FACE_188 IndexedFaceSet {
  coord DEF COORD_188 Coordinate { point [
  0.19685039 1.2992126 0,1.1811024 1.2992126 0,
  1.2116715 1.2951881 0,1.2401575 1.2833888 0,
  1.2646189 1.2646189 0,1.2833888 1.2401575 0,
  1.2951881 1.2116715 0,1.2992126 1.1811024 0,
  1.2992126 -0.68897638 0,0.68897638 -1.2992126 0,
  0.19685039 -1.2992126 0,0.19685039 -0.47244094 0,
  0.19014288 -0.42149231 0,0.17047744 -0.37401575 0,
  0.13919425 -0.3332467 0,0.098425197 -0.3019635 0,
  0.050948631 -0.28229807 0,0 -0.27559055 0,
  -0.050948631 -0.28229807 0,-0.098425197 -0.3019635 0,
  -0.13919425 -0.3332467 0,-0.17047744 -0.37401575 0,
  -0.19014288 -0.42149231 0,-0.19685039 -0.47244094 0,
  -0.19685039 -1.2992126 0,-0.68897638 -1.2992126 0,
  -1.2992126 -0.68897638 0,-1.2992126 1.1811024 0,
  -1.2951881 1.2116715 0,-1.2833888 1.2401575 0,
  -1.2646189 1.2646189 0,-1.2401575 1.2833888 0,
  -1.2116715 1.2951881 0,-1.1811024 1.2992126 0,
  -0.19685039 1.2992126 0,-0.19685039 0.47244094 0,
  0.19685039 0.47244094 0,0.19014288 0.42149231 0,
  0.17047744 0.37401575 0,0.13919425 0.3332467 0,
  0.098425197 0.3019635 0,0.050948631 0.28229807 0,
  0 0.27559055 0,-0.050948631 0.28229807 0,
  -0.098425197 0.3019635 0,-0.13919425 0.3332467 0,
  -0.17047744 0.37401575 0,-0.19014288 0.42149231 0,
  0.98425197 -0.78740157 0,0.97754445 -0.83835021 0,
  0.95787902 -0.88582677 0,0.92659582 -0.92659582 0,
  0.88582677 -0.95787902 0,0.83835021 -0.97754445 0,
  0.78740157 -0.98425197 0,0.73645294 -0.97754445 0,
  0.68897638 -0.95787902 0,0.64820733 -0.92659582 0,
  0.61692413 -0.88582677 0,0.5972587 -0.83835021 0,
  0.59055118 -0.78740157 0,0.5972587 -0.73645294 0,
  0.61692413 -0.68897638 0,0.64820733 -0.64820733 0,
  0.68897638 -0.61692413 0,0.73645294 -0.5972587 0,
  0.78740157 -0.59055118 0,0.83835021 -0.5972587 0,
  0.88582677 -0.61692413 0,0.92659582 -0.64820733 0,
  0.95787902 -0.68897638 0,0.97754445 -0.73645294 0,
  -0.59055118 0.78740157 0,-0.5972587 0.73645294 0,
  -0.61692413 0.68897638 0,-0.64820733 0.64820733 0,
  -0.68897638 0.61692413 0,-0.73645294 0.5972587 0,
  -0.78740157 0.59055118 0,-0.83835021 0.5972587 0,
  -0.88582677 0.61692413 0,-0.92659582 0.64820733 0,
  -0.95787902 0.68897638 0,-0.97754445 0.73645294 0,
  -0.98425197 0.78740157 0,-0.97754445 0.83835021 0,
  -0.95787902 0.88582677 0,-0.92659582 0.92659582 0,
  -0.88582677 0.95787902 0,-0.83835021 0.97754445 0,
  -0.78740157 0.98425197 0,-0.73645294 0.97754445 0,
  -0.68897638 0.95787902 0,-0.64820733 0.92659582 0,
  -0.61692413 0.88582677 0,-0.5972587 0.83835021 0,
  -0.98425197 -0.78740157 0,-0.97754445 -0.73645294 0,
  -0.95787902 -0.68897638 0,-0.92659582 -0.64820733 0,
  -0.88582677 -0.61692413 0,-0.83835021 -0.5972587 0,
  -0.78740157 -0.59055118 0,-0.73645294 -0.5972587 0,
  -0.68897638 -0.61692413 0,-0.64820733 -0.64820733 0,
  -0.61692413 -0.68897638 0,-0.5972587 -0.73645294 0,
  -0.59055118 -0.78740157 0,-0.5972587 -0.83835021 0,
  -0.61692413 -0.88582677 0,-0.64820733 -0.92659582 0,
  -0.68897638 -0.95787902 0,-0.73645294 -0.97754445 0,
  -0.78740157 -0.98425197 0,-0.83835021 -0.97754445 0,
  -0.88582677 -0.95787902 0,-0.92659582 -0.92659582 0,
  -0.95787902 -0.88582677 0,-0.97754445 -0.83835021 0,
  0.59055118 0.78740157 0,0.5972587 0.83835021 0,
  0.61692413 0.88582677 0,0.64820733 0.92659582 0,
  0.68897638 0.95787902 0,0.73645294 0.97754445 0,
  0.78740157 0.98425197 0,0.83835021 0.97754445 0,
  0.88582677 0.95787902 0,0.92659582 0.92659582 0,
  0.95787902 0.88582677 0,0.97754445 0.83835021 0,
  0.98425197 0.78740157 0,0.97754445 0.73645294 0,
  0.95787902 0.68897638 0,0.92659582 0.64820733 0,
  0.88582677 0.61692413 0,0.83835021 0.5972587 0,
  0.78740157 0.59055118 0,0.73645294 0.5972587 0,
  0.68897638 0.61692413 0,0.64820733 0.64820733 0,
  0.61692413 0.68897638 0,0.5972587 0.73645294 0] }
 coordIndex [
  51,8,9,-1,50,8,51,-1,52,51,9,-1,49,8,50,-1,53,52,9,-1,54,53,9,-1,48,8,49,-1,55,54,9,-1,
  71,8,48,-1,56,55,9,-1,70,8,71,-1,57,56,9,-1,69,8,70,-1,68,8,69,-1,10,58,57,-1,10,57,9,-1,
  59,58,10,-1,11,60,59,-1,11,61,60,-1,11,62,61,-1,11,63,62,-1,11,59,10,-1,12,64,63,-1,12,63,11,-1,
  13,64,12,-1,13,65,64,-1,111,24,25,-1,110,24,111,-1,112,111,25,-1,136,8,68,-1,136,68,67,-1,136,135,8,-1,
  134,8,135,-1,133,8,134,-1,113,112,25,-1,137,136,67,-1,109,23,24,-1,109,24,110,-1,138,137,67,-1,138,67,66,-1,
  108,23,109,-1,114,113,25,-1,115,114,25,-1,139,138,66,-1,139,66,65,-1,107,23,108,-1,7,132,131,-1,7,133,132,-1,
  7,8,133,-1,116,115,25,-1,106,23,107,-1,130,7,131,-1,129,7,130,-1,105,22,23,-1,105,23,106,-1,117,116,25,-1,
  4,5,6,-1,4,6,7,-1,3,4,7,-1,104,21,22,-1,104,22,105,-1,1,2,3,-1,1,129,128,-1,1,7,129,-1,
  1,3,7,-1,127,1,128,-1,103,21,104,-1,126,1,127,-1,38,13,14,-1,38,140,139,-1,38,65,13,-1,38,139,65,-1,
  38,14,39,-1,40,14,15,-1,40,39,14,-1,37,140,38,-1,37,141,140,-1,41,15,16,-1,41,40,15,-1,125,1,126,-1,
  36,141,37,-1,36,121,120,-1,36,142,141,-1,36,143,142,-1,36,120,143,-1,42,16,17,-1,42,41,16,-1,43,17,18,-1,
  43,18,19,-1,43,42,17,-1,44,43,19,-1,45,19,20,-1,45,44,19,-1,46,21,103,-1,46,20,21,-1,46,45,20,-1,
  26,118,117,-1,26,119,118,-1,26,96,119,-1,26,117,25,-1,26,97,96,-1,26,98,97,-1,26,99,98,-1,26,100,99,-1,
  0,122,121,-1,0,123,122,-1,0,124,123,-1,0,125,124,-1,0,121,36,-1,0,1,125,-1,75,35,47,-1,74,35,75,-1,
  76,47,46,-1,76,75,47,-1,73,35,74,-1,77,76,46,-1,77,46,103,-1,72,35,73,-1,78,102,101,-1,78,103,102,-1,
  78,77,103,-1,79,78,101,-1,95,35,72,-1,34,35,95,-1,80,101,100,-1,80,100,26,-1,80,79,101,-1,94,34,95,-1,
  81,80,26,-1,93,34,94,-1,82,81,26,-1,92,34,93,-1,83,82,26,-1,91,34,92,-1,33,34,91,-1,33,88,87,-1,
  33,89,88,-1,33,90,89,-1,33,91,90,-1,27,33,87,-1,27,84,83,-1,27,85,84,-1,27,86,85,-1,27,87,86,-1,
  27,83,26,-1,31,32,33,-1,29,27,28,-1,30,33,27,-1,30,27,29,-1,30,31,33,-1]
  normalPerVertex TRUE
  normal DEF NORM_188 Normal { vector [
  0 0 -1,0 0 -1,
  0 0 -1,0 0 -1,
  0 0 -1,0 0 -1,
  0 0 -1,0 0 -1,
  0 0 -1,0 0 -1,
  0 0 -1,0 0 -1,
  0 0 -1,0 0 -1,
  0 0 -1,0 0 -1,
  0 0 -1,0 0 -1,
  0 0 -1,0 0 -1,
  0 0 -1,0 0 -1,
  0 0 -1,0 0 -1,
  0 0 -1,0 0 -1,
  0 0 -1,0 0 -1,
  0 0 -1,0 0 -1,
  0 0 -1,0 0 -1,
  0 0 -1,0 0 -1,
  0 0 -1,0 0 -1,
  0 0 -1,0 0 -1,
  0 0 -1,0 0 -1,
  0 0 -1,0 0 -1,
  0 0 -1,0 0 -1,
  0 0 -1,0 0 -1,
  0 0 -1,0 0 -1,
  0 0 -1,0 0 -1,
  0 0 -1,0 0 -1,
  0 0 -1,0 0 -1,
  0 0 -1,0 0 -1,
  0 0 -1,0 0 -1,
  0 0 -1,0 0 -1,
  0 0 -1,0 0 -1,
  0 0 -1,0 0 -1,
  0 0 -1,0 0 -1,
  0 0 -1,0 0 -1,
  0 0 -1,0 0 -1,
  0 0 -1,0 0 -1,
  0 0 -1,0 0 -1,
  0 0 -1,0 0 -1,
  0 0 -1,0 0 -1,
  0 0 -1,0 0 -1,
  0 0 -1,0 0 -1,
  0 0 -1,0 0 -1,
  0 0 -1,0 0 -1,
  0 0 -1,0 0 -1,
  0 0 -1,0 0 -1,
  0 0 -1,0 0 -1,
  0 0 -1,0 0 -1,
  0 0 -1,0 0 -1,
  0 0 -1,0 0 -1,
  0 0 -1,0 0 -1,
  0 0 -1,0 0 -1,
  0 0 -1,0 0 -1,
  0 0 -1,0 0 -1,
  0 0 -1,0 0 -1,
  0 0 -1,0 0 -1,
  0 0 -1,0 0 -1,
  0 0 -1,0 0 -1,
  0 0 -1,0 0 -1,
  0 0 -1,0 0 -1,
  0 0 -1,0 0 -1,
  0 0 -1,0 0 -1,
  0 0 -1,0 0 -1,
  0 0 -1,0 0 -1,
  0 0 -1,0 0 -1,
  0 0 -1,0 0 -1,
  0 0 -1,0 0 -1,
  0 0 -1,0 0 -1,
  0 0 -1,0 0 -1,
  0 0 -1,0 0 -1,
  0 0 -1,0 0 -1,
  0 0 -1,0 0 -1,
  0 0 -1,0 0 -1] }
}
}
DEF SHAPE_189 Shape {
 appearance USE APP_3
 geometry DEF FACE_189 IndexedFaceSet {
  coord DEF COORD_189 Coordinate { point [
  1.2992126 0.39370079 0.19685039,1.1448251 0.39370079 0.19685039,
  1.2992126 0.39370079 0.62204724,1.1448251 0.39370079 0.62204724] }
 coordIndex [
  0,2,3,-1,0,3,1,-1]
  normalPerVertex TRUE
  normal DEF NORM_189 Normal { vector [
  0 -1 0,0 -1 0,
  0 -1 0,0 -1 0] }
}
}
DEF SHAPE_190 Shape {
 appearance USE APP_3
 geometry DEF FACE_190 IndexedFaceSet {
  coord DEF COORD_190 Coordinate { point [
  0.39370079 1.1448251 0.62204724,0.39370079 1.1448251 0.19685039,
  1.1448251 0.39370079 0.62204724,1.0267962 0.64133801 0.62204724,
  0.85604463 0.85604463 0.62204724,0.64133801 1.0267962 0.62204724,
  1.1448251 0.39370079 0.19685039,0.64133801 1.0267962 0.19685039,
  0.85604463 0.85604463 0.19685039,1.0267962 0.64133801 0.19685039] }
 coordIndex [
  3,6,2,-1,3,9,6,-1,4,8,9,-1,4,9,3,-1,5,7,8,-1,5,8,4,-1,0,1,7,-1,0,7,5,-1]
  normalPerVertex TRUE
  normal DEF NORM_190 Normal { vector [
  -0.43024985 -0.90270985 0,-0.43024985 -0.90270985 0,
  -0.90270985 -0.43024985 0,-0.86766034 -0.49715746 0,
  -0.73345502 -0.67973799 0,-0.5615892 -0.8274162 0,
  -0.90270985 -0.43024985 0,-0.49715746 -0.86766034 0,
  -0.67973799 -0.73345502 0,-0.8274162 -0.5615892 0] }
}
}
DEF SHAPE_191 Shape {
 appearance USE APP_3
 geometry DEF FACE_191 IndexedFaceSet {
  coord DEF COORD_191 Coordinate { point [
  0.39370079 1.1448251 0.19685039,0.39370079 1.2992126 0.19685039,
  0.39370079 1.1448251 0.62204724,0.39370079 1.2992126 0.62204724] }
 coordIndex [
  3,1,0,-1,3,0,2,-1]
  normalPerVertex TRUE
  normal DEF NORM_191 Normal { vector [
  -1 0 0,-1 0 0,
  -1 0 0,-1 0 0] }
}
}
DEF SHAPE_192 Shape {
 appearance USE APP_3
 geometry DEF FACE_192 IndexedFaceSet {
  coord DEF COORD_192 Coordinate { point [
  1.2992126 1.1811024 0.62204724,1.2992126 0.39370079 0.62204724,
  1.2951881 1.2116715 0.62204724,1.2833888 1.2401575 0.62204724,
  1.2646189 1.2646189 0.62204724,1.2401575 1.2833888 0.62204724,
  1.2116715 1.2951881 0.62204724,1.1811024 1.2992126 0.62204724,
  0.39370079 1.2992126 0.62204724,0.39370079 1.1448251 0.62204724,
  1.1448251 0.39370079 0.62204724,1.0267962 0.64133801 0.62204724,
  0.85604463 0.85604463 0.62204724,0.64133801 1.0267962 0.62204724] }
 coordIndex [
  1,11,10,-1,8,9,13,-1,0,12,11,-1,0,11,1,-1,7,13,12,-1,7,8,13,-1,7,12,0,-1,6,0,2,-1,
  6,7,0,-1,4,2,3,-1,4,5,6,-1,4,6,2,-1]
  normalPerVertex TRUE
  normal DEF NORM_192 Normal { vector [
  0 0 1,0 0 1,
  0 0 1,0 0 1,
  0 0 1,0 0 1,
  0 0 1,0 0 1,
  0 0 1,0 0 1,
  0 0 1,0 0 1,
  0 0 1,0 0 1] }
}
}
DEF SHAPE_193 Shape {
 appearance USE APP_3
 geometry DEF FACE_193 IndexedFaceSet {
  coord DEF COORD_193 Coordinate { point [
  -0.39370079 1.2992126 0.19685039,-0.39370079 1.1448251 0.19685039,
  -0.39370079 1.2992126 0.62204724,-0.39370079 1.1448251 0.62204724] }
 coordIndex [
  0,2,3,-1,0,3,1,-1]
  normalPerVertex TRUE
  normal DEF NORM_193 Normal { vector [
  1 0 0,1 0 0,
  1 0 0,1 0 0] }
}
}
DEF SHAPE_194 Shape {
 appearance USE APP_3
 geometry DEF FACE_194 IndexedFaceSet {
  coord DEF COORD_194 Coordinate { point [
  -1.1448251 0.39370079 0.62204724,-1.1448251 0.39370079 0.19685039,
  -0.39370079 1.1448251 0.62204724,-0.64133801 1.0267962 0.62204724,
  -0.85604463 0.85604463 0.62204724,-1.0267962 0.64133801 0.62204724,
  -0.39370079 1.1448251 0.19685039,-1.0267962 0.64133801 0.19685039,
  -0.85604463 0.85604463 0.19685039,-0.64133801 1.0267962 0.19685039] }
 coordIndex [
  3,6,2,-1,3,9,6,-1,4,8,9,-1,4,9,3,-1,5,7,8,-1,5,8,4,-1,0,1,7,-1,0,7,5,-1]
  normalPerVertex TRUE
  normal DEF NORM_194 Normal { vector [
  0.90270985 -0.43024985 0,0.90270985 -0.43024985 0,
  0.43024985 -0.90270985 0,0.49715746 -0.86766034 0,
  0.67973799 -0.73345502 0,0.8274162 -0.5615892 0,
  0.43024985 -0.90270985 0,0.86766034 -0.49715746 0,
  0.73345502 -0.67973799 0,0.5615892 -0.8274162 0] }
}
}
DEF SHAPE_195 Shape {
 appearance USE APP_3
 geometry DEF FACE_195 IndexedFaceSet {
  coord DEF COORD_195 Coordinate { point [
  -1.1448251 0.39370079 0.19685039,-1.2992126 0.39370079 0.19685039,
  -1.1448251 0.39370079 0.62204724,-1.2992126 0.39370079 0.62204724] }
 coordIndex [
  0,2,3,-1,0,3,1,-1]
  normalPerVertex TRUE
  normal DEF NORM_195 Normal { vector [
  0 -1 0,0 -1 0,
  0 -1 0,0 -1 0] }
}
}
DEF SHAPE_196 Shape {
 appearance USE APP_3
 geometry DEF FACE_196 IndexedFaceSet {
  coord DEF COORD_196 Coordinate { point [
  -1.1811024 1.2992126 0.62204724,-0.39370079 1.2992126 0.62204724,
  -1.2116715 1.2951881 0.62204724,-1.2401575 1.2833888 0.62204724,
  -1.2646189 1.2646189 0.62204724,-1.2833888 1.2401575 0.62204724,
  -1.2951881 1.2116715 0.62204724,-1.2992126 1.1811024 0.62204724,
  -1.2992126 0.39370079 0.62204724,-1.1448251 0.39370079 0.62204724,
  -0.39370079 1.1448251 0.62204724,-0.64133801 1.0267962 0.62204724,
  -0.85604463 0.85604463 0.62204724,-1.0267962 0.64133801 0.62204724] }
 coordIndex [
  13,8,9,-1,7,8,13,-1,12,7,13,-1,4,5,6,-1,0,2,3,-1,0,3,4,-1,0,6,7,-1,0,4,6,-1,
  0,7,12,-1,11,0,12,-1,1,11,10,-1,1,0,11,-1]
  normalPerVertex TRUE
  normal DEF NORM_196 Normal { vector [
  0 0 1,0 0 1,
  0 0 1,0 0 1,
  0 0 1,0 0 1,
  0 0 1,0 0 1,
  0 0 1,0 0 1,
  0 0 1,0 0 1,
  0 0 1,0 0 1] }
}
}
DEF SHAPE_197 Shape {
 appearance USE APP_3
 geometry DEF FACE_197 IndexedFaceSet {
  coord DEF COORD_197 Coordinate { point [
  -1.2992126 -0.39370079 0.19685039,-1.1448251 -0.39370079 0.19685039,
  -1.2992126 -0.39370079 0.4015748,-1.1448251 -0.39370079 0.4015748] }
 coordIndex [
  3,1,0,-1,3,0,2,-1]
  normalPerVertex TRUE
  normal DEF NORM_197 Normal { vector [
  0 1 0,0 1 0,
  0 1 0,0 1 0] }
}
}
DEF SHAPE_198 Shape {
 appearance USE APP_3
 geometry DEF FACE_198 IndexedFaceSet {
  coord DEF COORD_198 Coordinate { point [
  -0.39370079 -1.1448251 0.4015748,-0.39370079 -1.1448251 0.19685039,
  -1.1448251 -0.39370079 0.4015748,-1.0267962 -0.64133801 0.4015748,
  -0.85604463 -0.85604463 0.4015748,-0.64133801 -1.0267962 0.4015748,
  -1.1448251 -0.39370079 0.19685039,-0.64133801 -1.0267962 0.19685039,
  -0.85604463 -0.85604463 0.19685039,-1.0267962 -0.64133801 0.19685039] }
 coordIndex [
  3,6,2,-1,3,9,6,-1,4,8,9,-1,4,9,3,-1,5,7,8,-1,5,8,4,-1,0,1,7,-1,0,7,5,-1]
  normalPerVertex TRUE
  normal DEF NORM_198 Normal { vector [
  0.43024985 0.90270985 0,0.43024985 0.90270985 0,
  0.90270985 0.43024985 0,0.86766034 0.49715746 0,
  0.73345502 0.67973799 0,0.5615892 0.8274162 0,
  0.90270985 0.43024985 0,0.49715746 0.86766034 0,
  0.67973799 0.73345502 0,0.8274162 0.5615892 0] }
}
}
DEF SHAPE_199 Shape {
 appearance USE APP_3
 geometry DEF FACE_199 IndexedFaceSet {
  coord DEF COORD_199 Coordinate { point [
  -0.39370079 -1.1448251 0.19685039,-0.39370079 -1.2992126 0.19685039,
  -0.39370079 -1.1448251 0.4015748,-0.39370079 -1.2992126 0.4015748] }
 coordIndex [
  0,2,3,-1,0,3,1,-1]
  normalPerVertex TRUE
  normal DEF NORM_199 Normal { vector [
  1 0 0,1 0 0,
  1 0 0,1 0 0] }
}
}
DEF SHAPE_200 Shape {
 appearance USE APP_3
 geometry DEF FACE_200 IndexedFaceSet {
  coord DEF COORD_200 Coordinate { point [
  -1.2992126 -0.39370079 0.4015748,-1.1448251 -0.39370079 0.4015748,
  -1.2992126 -0.68897638 0.4015748,-0.68897638 -1.2992126 0.4015748,
  -0.39370079 -1.2992126 0.4015748,-0.39370079 -1.1448251 0.4015748,
  -1.0267962 -0.64133801 0.4015748,-0.85604463 -0.85604463 0.4015748,
  -0.64133801 -1.0267962 0.4015748] }
 coordIndex [
  7,2,3,-1,8,7,3,-1,6,2,7,-1,5,3,4,-1,5,8,3,-1,1,0,2,-1,1,2,6,-1]
  normalPerVertex TRUE
  normal DEF NORM_200 Normal { vector [
  0 0 1,0 0 1,
  0 0 1,0 0 1,
  0 0 1,0 0 1,
  0 0 1,0 0 1,
  0 0 1] }
}
}
DEF SHAPE_201 Shape {
 appearance USE APP_3
 geometry DEF FACE_201 IndexedFaceSet {
  coord DEF COORD_201 Coordinate { point [
  0.39370079 -1.2992126 0.19685039,0.39370079 -1.1448251 0.19685039,
  0.39370079 -1.2992126 0.4015748,0.39370079 -1.1448251 0.4015748] }
 coordIndex [
  3,1,0,-1,3,0,2,-1]
  normalPerVertex TRUE
  normal DEF NORM_201 Normal { vector [
  -1 0 0,-1 0 0,
  -1 0 0,-1 0 0] }
}
}
DEF SHAPE_202 Shape {
 appearance USE APP_3
 geometry DEF FACE_202 IndexedFaceSet {
  coord DEF COORD_202 Coordinate { point [
  1.1448251 -0.39370079 0.4015748,1.1448251 -0.39370079 0.19685039,
  0.39370079 -1.1448251 0.4015748,0.64133801 -1.0267962 0.4015748,
  0.85604463 -0.85604463 0.4015748,1.0267962 -0.64133801 0.4015748,
  0.39370079 -1.1448251 0.19685039,1.0267962 -0.64133801 0.19685039,
  0.85604463 -0.85604463 0.19685039,0.64133801 -1.0267962 0.19685039] }
 coordIndex [
  3,6,2,-1,3,9,6,-1,4,8,9,-1,4,9,3,-1,5,7,8,-1,5,8,4,-1,0,1,7,-1,0,7,5,-1]
  normalPerVertex TRUE
  normal DEF NORM_202 Normal { vector [
  -0.90270985 0.43024985 0,-0.90270985 0.43024985 0,
  -0.43024985 0.90270985 0,-0.49715746 0.86766034 0,
  -0.67973799 0.73345502 0,-0.8274162 0.5615892 0,
  -0.43024985 0.90270985 0,-0.86766034 0.49715746 0,
  -0.73345502 0.67973799 0,-0.5615892 0.8274162 0] }
}
}
DEF SHAPE_203 Shape {
 appearance USE APP_3
 geometry DEF FACE_203 IndexedFaceSet {
  coord DEF COORD_203 Coordinate { point [
  1.1448251 -0.39370079 0.19685039,1.2992126 -0.39370079 0.19685039,
  1.1448251 -0.39370079 0.4015748,1.2992126 -0.39370079 0.4015748] }
 coordIndex [
  2,1,0,-1,2,3,1,-1]
  normalPerVertex TRUE
  normal DEF NORM_203 Normal { vector [
  0 1 0,0 1 0,
  0 1 0,0 1 0] }
}
}
DEF SHAPE_204 Shape {
 appearance USE APP_3
 geometry DEF FACE_204 IndexedFaceSet {
  coord DEF COORD_204 Coordinate { point [
  0.39370079 -1.2992126 0.4015748,0.39370079 -1.1448251 0.4015748,
  0.68897638 -1.2992126 0.4015748,1.2992126 -0.68897638 0.4015748,
  1.2992126 -0.39370079 0.4015748,1.1448251 -0.39370079 0.4015748,
  0.64133801 -1.0267962 0.4015748,0.85604463 -0.85604463 0.4015748,
  1.0267962 -0.64133801 0.4015748] }
 coordIndex [
  2,1,0,-1,6,1,2,-1,7,6,2,-1,3,8,7,-1,3,7,2,-1,5,8,3,-1,4,5,3,-1]
  normalPerVertex TRUE
  normal DEF NORM_204 Normal { vector [
  0 0 1,0 0 1,
  0 0 1,0 0 1,
  0 0 1,0 0 1,
  0 0 1,0 0 1,
  0 0 1] }
}
}
DEF SHAPE_205 Shape {
 appearance USE APP_3
 geometry DEF FACE_205 IndexedFaceSet {
  coord DEF COORD_205 Coordinate { point [
  0.98425197 0.78740157 -0.0078740157,0.97754445 0.83835021 -0.0078740157,
  0.95787902 0.88582677 -0.0078740157,0.92659582 0.92659582 -0.0078740157,
  0.88582677 0.95787902 -0.0078740157,0.83835021 0.97754445 -0.0078740157,
  0.78740157 0.98425197 -0.0078740157,0.73645294 0.97754445 -0.0078740157,
  0.68897638 0.95787902 -0.0078740157,0.64820733 0.92659582 -0.0078740157,
  0.61692413 0.88582677 -0.0078740157,0.5972587 0.83835021 -0.0078740157,
  0.59055118 0.78740157 -0.0078740157,0.5972587 0.73645294 -0.0078740157,
  0.61692413 0.68897638 -0.0078740157,0.64820733 0.64820733 -0.0078740157,
  0.68897638 0.61692413 -0.0078740157,0.73645294 0.5972587 -0.0078740157,
  0.78740157 0.59055118 -0.0078740157,0.83835021 0.5972587 -0.0078740157,
  0.88582677 0.61692413 -0.0078740157,0.92659582 0.64820733 -0.0078740157,
  0.95787902 0.68897638 -0.0078740157,0.97754445 0.73645294 -0.0078740157,
  0.98425197 0.78740157 -0.0078740157,0.98425197 0.78740157 0,
  0.97754445 0.73645294 0,0.95787902 0.68897638 0,
  0.92659582 0.64820733 0,0.88582677 0.61692413 0,
  0.83835021 0.5972587 0,0.78740157 0.59055118 0,
  0.73645294 0.5972587 0,0.68897638 0.61692413 0,
  0.64820733 0.64820733 0,0.61692413 0.68897638 0,
  0.5972587 0.73645294 0,0.59055118 0.78740157 0,
  0.5972587 0.83835021 0,0.61692413 0.88582677 0,
  0.64820733 0.92659582 0,0.68897638 0.95787902 0,
  0.73645294 0.97754445 0,0.78740157 0.98425197 0,
  0.83835021 0.97754445 0,0.88582677 0.95787902 0,
  0.92659582 0.92659582 0,0.95787902 0.88582677 0,
  0.97754445 0.83835021 0,0.98425197 0.78740157 0] }
 coordIndex [
  23,24,25,-1,23,25,26,-1,22,26,27,-1,22,23,26,-1,21,27,28,-1,21,22,27,-1,20,28,29,-1,20,21,28,-1,
  19,29,30,-1,19,20,29,-1,18,30,31,-1,18,19,30,-1,17,31,32,-1,17,18,31,-1,16,32,33,-1,16,17,32,-1,
  15,33,34,-1,15,16,33,-1,14,34,35,-1,14,15,34,-1,13,35,36,-1,13,14,35,-1,12,13,36,-1,12,36,37,-1,
  11,12,37,-1,11,37,38,-1,10,11,38,-1,10,38,39,-1,9,10,39,-1,9,39,40,-1,8,9,40,-1,8,40,41,-1,
  7,8,41,-1,7,41,42,-1,6,7,42,-1,6,42,43,-1,5,6,43,-1,5,43,44,-1,4,5,44,-1,4,44,45,-1,
  3,4,45,-1,3,45,46,-1,2,3,46,-1,2,46,47,-1,1,2,47,-1,1,47,48,-1,0,1,48,-1,0,48,49,-1]
  normalPerVertex TRUE
  normal DEF NORM_205 Normal { vector [
  0.99144486 0.13052619 0,0.95364993 0.30091828 0,
  0.84327172 0.5374875 0,0.67542593 0.73742784 0,
  0.46155098 0.88711369 0,0.21622209 0.9763442 0,
  -0.04384197 0.99903848 0,-0.30091828 0.95364993 0,
  -0.5374875 0.84327172 0,-0.73742784 0.67542593 0,
  -0.88711369 0.46155098 0,-0.9763442 0.21622209 0,
  -0.99903848 -0.04384197 0,-0.95364993 -0.30091828 0,
  -0.84327172 -0.5374875 0,-0.67542593 -0.73742784 0,
  -0.46155098 -0.88711369 0,-0.21622209 -0.9763442 0,
  0.04384197 -0.99903848 0,0.30091828 -0.95364993 0,
  0.5374875 -0.84327172 0,0.73742784 -0.67542593 0,
  0.88711369 -0.46155098 0,0.9763442 -0.21622209 0,
  0.99144486 -0.13052619 0,0.99144486 -0.13052619 0,
  0.95364993 -0.30091828 0,0.84327172 -0.5374875 0,
  0.67542593 -0.73742784 0,0.46155098 -0.88711369 0,
  0.21622209 -0.9763442 0,-0.04384197 -0.99903848 0,
  -0.30091828 -0.95364993 0,-0.5374875 -0.84327172 0,
  -0.73742784 -0.67542593 0,-0.88711369 -0.46155098 0,
  -0.9763442 -0.21622209 0,-0.99903848 0.04384197 0,
  -0.95364993 0.30091828 0,-0.84327172 0.5374875 0,
  -0.67542593 0.73742784 0,-0.46155098 0.88711369 0,
  -0.21622209 0.9763442 0,0.04384197 0.99903848 0,
  0.30091828 0.95364993 0,0.5374875 0.84327172 0,
  0.73742784 0.67542593 0,0.88711369 0.46155098 0,
  0.9763442 0.21622209 0,0.99144486 0.13052619 0] }
}
}
DEF SHAPE_206 Shape {
 appearance USE APP_3
 geometry DEF FACE_206 IndexedFaceSet {
  coord DEF COORD_206 Coordinate { point [
  0.98425197 0.78740157 -0.0078740157,0.97754445 0.83835021 -0.0078740157,
  0.95787902 0.88582677 -0.0078740157,0.92659582 0.92659582 -0.0078740157,
  0.88582677 0.95787902 -0.0078740157,0.83835021 0.97754445 -0.0078740157,
  0.78740157 0.98425197 -0.0078740157,0.73645294 0.97754445 -0.0078740157,
  0.68897638 0.95787902 -0.0078740157,0.64820733 0.92659582 -0.0078740157,
  0.61692413 0.88582677 -0.0078740157,0.5972587 0.83835021 -0.0078740157,
  0.59055118 0.78740157 -0.0078740157,0.5972587 0.73645294 -0.0078740157,
  0.61692413 0.68897638 -0.0078740157,0.64820733 0.64820733 -0.0078740157,
  0.68897638 0.61692413 -0.0078740157,0.73645294 0.5972587 -0.0078740157,
  0.78740157 0.59055118 -0.0078740157,0.83835021 0.5972587 -0.0078740157,
  0.88582677 0.61692413 -0.0078740157,0.92659582 0.64820733 -0.0078740157,
  0.95787902 0.68897638 -0.0078740157,0.97754445 0.73645294 -0.0078740157] }
 coordIndex [
  4,6,5,-1,3,1,0,-1,3,2,1,-1,3,7,6,-1,3,8,7,-1,3,9,8,-1,3,10,9,-1,3,11,10,-1,
  3,12,11,-1,3,13,12,-1,3,14,13,-1,3,15,14,-1,3,16,15,-1,3,17,16,-1,3,18,17,-1,3,19,18,-1,
  3,20,19,-1,3,21,20,-1,3,22,21,-1,3,23,22,-1,3,0,23,-1,3,6,4,-1]
  normalPerVertex TRUE
  normal DEF NORM_206 Normal { vector [
  0 0 -1,0 0 -1,
  0 0 -1,0 0 -1,
  0 0 -1,0 0 -1,
  0 0 -1,0 0 -1,
  0 0 -1,0 0 -1,
  0 0 -1,0 0 -1,
  0 0 -1,0 0 -1,
  0 0 -1,0 0 -1,
  0 0 -1,0 0 -1,
  0 0 -1,0 0 -1,
  0 0 -1,0 0 -1,
  0 0 -1,0 0 -1] }
}
}
DEF SHAPE_207 Shape {
 appearance USE APP_3
 geometry DEF FACE_207 IndexedFaceSet {
  coord DEF COORD_207 Coordinate { point [
  -0.59055118 -0.78740157 -0.0078740157,-0.5972587 -0.73645294 -0.0078740157,
  -0.61692413 -0.68897638 -0.0078740157,-0.64820733 -0.64820733 -0.0078740157,
  -0.68897638 -0.61692413 -0.0078740157,-0.73645294 -0.5972587 -0.0078740157,
  -0.78740157 -0.59055118 -0.0078740157,-0.83835021 -0.5972587 -0.0078740157,
  -0.88582677 -0.61692413 -0.0078740157,-0.92659582 -0.64820733 -0.0078740157,
  -0.95787902 -0.68897638 -0.0078740157,-0.97754445 -0.73645294 -0.0078740157,
  -0.98425197 -0.78740157 -0.0078740157,-0.97754445 -0.83835021 -0.0078740157,
  -0.95787902 -0.88582677 -0.0078740157,-0.92659582 -0.92659582 -0.0078740157,
  -0.88582677 -0.95787902 -0.0078740157,-0.83835021 -0.97754445 -0.0078740157,
  -0.78740157 -0.98425197 -0.0078740157,-0.73645294 -0.97754445 -0.0078740157,
  -0.68897638 -0.95787902 -0.0078740157,-0.64820733 -0.92659582 -0.0078740157,
  -0.61692413 -0.88582677 -0.0078740157,-0.5972587 -0.83835021 -0.0078740157,
  -0.59055118 -0.78740157 -0.0078740157,-0.59055118 -0.78740157 0,
  -0.5972587 -0.83835021 0,-0.61692413 -0.88582677 0,
  -0.64820733 -0.92659582 0,-0.68897638 -0.95787902 0,
  -0.73645294 -0.97754445 0,-0.78740157 -0.98425197 0,
  -0.83835021 -0.97754445 0,-0.88582677 -0.95787902 0,
  -0.92659582 -0.92659582 0,-0.95787902 -0.88582677 0,
  -0.97754445 -0.83835021 0,-0.98425197 -0.78740157 0,
  -0.97754445 -0.73645294 0,-0.95787902 -0.68897638 0,
  -0.92659582 -0.64820733 0,-0.88582677 -0.61692413 0,
  -0.83835021 -0.5972587 0,-0.78740157 -0.59055118 0,
  -0.73645294 -0.5972587 0,-0.68897638 -0.61692413 0,
  -0.64820733 -0.64820733 0,-0.61692413 -0.68897638 0,
  -0.5972587 -0.73645294 0,-0.59055118 -0.78740157 0] }
 coordIndex [
  23,24,25,-1,23,25,26,-1,22,26,27,-1,22,23,26,-1,21,27,28,-1,21,22,27,-1,20,28,29,-1,20,21,28,-1,
  19,29,30,-1,19,20,29,-1,18,30,31,-1,18,19,30,-1,17,31,32,-1,17,18,31,-1,16,32,33,-1,16,17,32,-1,
  15,33,34,-1,15,16,33,-1,14,34,35,-1,14,15,34,-1,13,35,36,-1,13,14,35,-1,12,13,36,-1,12,36,37,-1,
  11,12,37,-1,11,37,38,-1,10,11,38,-1,10,38,39,-1,9,10,39,-1,9,39,40,-1,8,9,40,-1,8,40,41,-1,
  7,8,41,-1,7,41,42,-1,6,7,42,-1,6,42,43,-1,5,6,43,-1,5,43,44,-1,4,5,44,-1,4,44,45,-1,
  3,4,45,-1,3,45,46,-1,2,3,46,-1,2,46,47,-1,1,2,47,-1,1,47,48,-1,0,1,48,-1,0,48,49,-1]
  normalPerVertex TRUE
  normal DEF NORM_207 Normal { vector [
  0.99144486 0.13052619 0,0.95364993 0.30091828 0,
  0.84327172 0.5374875 0,0.67542593 0.73742784 0,
  0.46155098 0.88711369 0,0.21622209 0.9763442 0,
  -0.04384197 0.99903848 0,-0.30091828 0.95364993 0,
  -0.5374875 0.84327172 0,-0.73742784 0.67542593 0,
  -0.88711369 0.46155098 0,-0.9763442 0.21622209 0,
  -0.99903848 -0.04384197 0,-0.95364993 -0.30091828 0,
  -0.84327172 -0.5374875 0,-0.67542593 -0.73742784 0,
  -0.46155098 -0.88711369 0,-0.21622209 -0.9763442 0,
  0.04384197 -0.99903848 0,0.30091828 -0.95364993 0,
  0.5374875 -0.84327172 0,0.73742784 -0.67542593 0,
  0.88711369 -0.46155098 0,0.9763442 -0.21622209 0,
  0.99144486 -0.13052619 0,0.99144486 -0.13052619 0,
  0.95364993 -0.30091828 0,0.84327172 -0.5374875 0,
  0.67542593 -0.73742784 0,0.46155098 -0.88711369 0,
  0.21622209 -0.9763442 0,-0.04384197 -0.99903848 0,
  -0.30091828 -0.95364993 0,-0.5374875 -0.84327172 0,
  -0.73742784 -0.67542593 0,-0.88711369 -0.46155098 0,
  -0.9763442 -0.21622209 0,-0.99903848 0.04384197 0,
  -0.95364993 0.30091828 0,-0.84327172 0.5374875 0,
  -0.67542593 0.73742784 0,-0.46155098 0.88711369 0,
  -0.21622209 0.9763442 0,0.04384197 0.99903848 0,
  0.30091828 0.95364993 0,0.5374875 0.84327172 0,
  0.73742784 0.67542593 0,0.88711369 0.46155098 0,
  0.9763442 0.21622209 0,0.99144486 0.13052619 0] }
}
}
DEF SHAPE_208 Shape {
 appearance USE APP_3
 geometry DEF FACE_208 IndexedFaceSet {
  coord DEF COORD_208 Coordinate { point [
  -0.59055118 -0.78740157 -0.0078740157,-0.5972587 -0.73645294 -0.0078740157,
  -0.61692413 -0.68897638 -0.0078740157,-0.64820733 -0.64820733 -0.0078740157,
  -0.68897638 -0.61692413 -0.0078740157,-0.73645294 -0.5972587 -0.0078740157,
  -0.78740157 -0.59055118 -0.0078740157,-0.83835021 -0.5972587 -0.0078740157,
  -0.88582677 -0.61692413 -0.0078740157,-0.92659582 -0.64820733 -0.0078740157,
  -0.95787902 -0.68897638 -0.0078740157,-0.97754445 -0.73645294 -0.0078740157,
  -0.98425197 -0.78740157 -0.0078740157,-0.97754445 -0.83835021 -0.0078740157,
  -0.95787902 -0.88582677 -0.0078740157,-0.92659582 -0.92659582 -0.0078740157,
  -0.88582677 -0.95787902 -0.0078740157,-0.83835021 -0.97754445 -0.0078740157,
  -0.78740157 -0.98425197 -0.0078740157,-0.73645294 -0.97754445 -0.0078740157,
  -0.68897638 -0.95787902 -0.0078740157,-0.64820733 -0.92659582 -0.0078740157,
  -0.61692413 -0.88582677 -0.0078740157,-0.5972587 -0.83835021 -0.0078740157] }
 coordIndex [
  3,1,0,-1,3,2,1,-1,3,5,4,-1,3,6,5,-1,3,7,6,-1,3,8,7,-1,3,9,8,-1,3,10,9,-1,
  3,11,10,-1,3,12,11,-1,3,13,12,-1,3,14,13,-1,3,15,14,-1,3,16,15,-1,3,17,16,-1,3,18,17,-1,
  3,19,18,-1,3,20,19,-1,3,21,20,-1,3,22,21,-1,3,23,22,-1,3,0,23,-1]
  normalPerVertex TRUE
  normal DEF NORM_208 Normal { vector [
  0 0 -1,0 0 -1,
  0 0 -1,0 0 -1,
  0 0 -1,0 0 -1,
  0 0 -1,0 0 -1,
  0 0 -1,0 0 -1,
  0 0 -1,0 0 -1,
  0 0 -1,0 0 -1,
  0 0 -1,0 0 -1,
  0 0 -1,0 0 -1,
  0 0 -1,0 0 -1,
  0 0 -1,0 0 -1,
  0 0 -1,0 0 -1] }
}
}
DEF SHAPE_209 Shape {
 appearance USE APP_3
 geometry DEF FACE_209 IndexedFaceSet {
  coord DEF COORD_209 Coordinate { point [
  -0.59055118 0.78740157 -0.0078740157,-0.5972587 0.73645294 -0.0078740157,
  -0.61692413 0.68897638 -0.0078740157,-0.64820733 0.64820733 -0.0078740157,
  -0.68897638 0.61692413 -0.0078740157,-0.73645294 0.5972587 -0.0078740157,
  -0.78740157 0.59055118 -0.0078740157,-0.83835021 0.5972587 -0.0078740157,
  -0.88582677 0.61692413 -0.0078740157,-0.92659582 0.64820733 -0.0078740157,
  -0.95787902 0.68897638 -0.0078740157,-0.97754445 0.73645294 -0.0078740157,
  -0.98425197 0.78740157 -0.0078740157,-0.97754445 0.83835021 -0.0078740157,
  -0.95787902 0.88582677 -0.0078740157,-0.92659582 0.92659582 -0.0078740157,
  -0.88582677 0.95787902 -0.0078740157,-0.83835021 0.97754445 -0.0078740157,
  -0.78740157 0.98425197 -0.0078740157,-0.73645294 0.97754445 -0.0078740157,
  -0.68897638 0.95787902 -0.0078740157,-0.64820733 0.92659582 -0.0078740157,
  -0.61692413 0.88582677 -0.0078740157,-0.5972587 0.83835021 -0.0078740157,
  -0.59055118 0.78740157 -0.0078740157,-0.59055118 0.78740157 0,
  -0.5972587 0.73645294 0,-0.61692413 0.68897638 0,
  -0.64820733 0.64820733 0,-0.68897638 0.61692413 0,
  -0.73645294 0.5972587 0,-0.78740157 0.59055118 0,
  -0.83835021 0.5972587 0,-0.88582677 0.61692413 0,
  -0.92659582 0.64820733 0,-0.95787902 0.68897638 0,
  -0.97754445 0.73645294 0,-0.98425197 0.78740157 0,
  -0.97754445 0.83835021 0,-0.95787902 0.88582677 0,
  -0.92659582 0.92659582 0,-0.88582677 0.95787902 0,
  -0.83835021 0.97754445 0,-0.78740157 0.98425197 0,
  -0.73645294 0.97754445 0,-0.68897638 0.95787902 0,
  -0.64820733 0.92659582 0,-0.61692413 0.88582677 0,
  -0.5972587 0.83835021 0,-0.59055118 0.78740157 0] }
 coordIndex [
  1,0,25,-1,1,25,26,-1,2,26,27,-1,2,1,26,-1,3,27,28,-1,3,2,27,-1,4,28,29,-1,4,3,28,-1,
  5,29,30,-1,5,4,29,-1,6,30,31,-1,6,5,30,-1,7,31,32,-1,7,6,31,-1,8,32,33,-1,8,7,32,-1,
  9,33,34,-1,9,8,33,-1,10,34,35,-1,10,9,34,-1,11,35,36,-1,11,10,35,-1,12,11,36,-1,12,36,37,-1,
  13,12,37,-1,13,37,38,-1,14,13,38,-1,14,38,39,-1,15,14,39,-1,15,39,40,-1,16,15,40,-1,16,40,41,-1,
  17,16,41,-1,17,41,42,-1,18,17,42,-1,18,42,43,-1,19,18,43,-1,19,43,44,-1,20,19,44,-1,20,44,45,-1,
  21,20,45,-1,21,45,46,-1,22,21,46,-1,22,46,47,-1,23,22,47,-1,23,47,48,-1,24,23,48,-1,24,48,49,-1]
  normalPerVertex TRUE
  normal DEF NORM_209 Normal { vector [
  0.99144486 -0.13052619 0,0.9763442 -0.21622209 0,
  0.88711369 -0.46155098 0,0.73742784 -0.67542593 0,
  0.5374875 -0.84327172 0,0.30091828 -0.95364993 0,
  0.04384197 -0.99903848 0,-0.21622209 -0.9763442 0,
  -0.46155098 -0.88711369 0,-0.67542593 -0.73742784 0,
  -0.84327172 -0.5374875 0,-0.95364993 -0.30091828 0,
  -0.99903848 -0.04384197 0,-0.9763442 0.21622209 0,
  -0.88711369 0.46155098 0,-0.73742784 0.67542593 0,
  -0.5374875 0.84327172 0,-0.30091828 0.95364993 0,
  -0.04384197 0.99903848 0,0.21622209 0.9763442 0,
  0.46155098 0.88711369 0,0.67542593 0.73742784 0,
  0.84327172 0.5374875 0,0.95364993 0.30091828 0,
  0.99144486 0.13052619 0,0.99144486 -0.13052619 0,
  0.95364993 -0.30091828 0,0.84327172 -0.5374875 0,
  0.67542593 -0.73742784 0,0.46155098 -0.88711369 0,
  0.21622209 -0.9763442 0,-0.04384197 -0.99903848 0,
  -0.30091828 -0.95364993 0,-0.5374875 -0.84327172 0,
  -0.73742784 -0.67542593 0,-0.88711369 -0.46155098 0,
  -0.9763442 -0.21622209 0,-0.99903848 0.04384197 0,
  -0.95364993 0.30091828 0,-0.84327172 0.5374875 0,
  -0.67542593 0.73742784 0,-0.46155098 0.88711369 0,
  -0.21622209 0.9763442 0,0.04384197 0.99903848 0,
  0.30091828 0.95364993 0,0.5374875 0.84327172 0,
  0.73742784 0.67542593 0,0.88711369 0.46155098 0,
  0.9763442 0.21622209 0,0.99144486 0.13052619 0] }
}
}
DEF SHAPE_210 Shape {
 appearance USE APP_3
 geometry DEF FACE_210 IndexedFaceSet {
  coord DEF COORD_210 Coordinate { point [
  -0.59055118 0.78740157 -0.0078740157,-0.5972587 0.73645294 -0.0078740157,
  -0.61692413 0.68897638 -0.0078740157,-0.64820733 0.64820733 -0.0078740157,
  -0.68897638 0.61692413 -0.0078740157,-0.73645294 0.5972587 -0.0078740157,
  -0.78740157 0.59055118 -0.0078740157,-0.83835021 0.5972587 -0.0078740157,
  -0.88582677 0.61692413 -0.0078740157,-0.92659582 0.64820733 -0.0078740157,
  -0.95787902 0.68897638 -0.0078740157,-0.97754445 0.73645294 -0.0078740157,
  -0.98425197 0.78740157 -0.0078740157,-0.97754445 0.83835021 -0.0078740157,
  -0.95787902 0.88582677 -0.0078740157,-0.92659582 0.92659582 -0.0078740157,
  -0.88582677 0.95787902 -0.0078740157,-0.83835021 0.97754445 -0.0078740157,
  -0.78740157 0.98425197 -0.0078740157,-0.73645294 0.97754445 -0.0078740157,
  -0.68897638 0.95787902 -0.0078740157,-0.64820733 0.92659582 -0.0078740157,
  -0.61692413 0.88582677 -0.0078740157,-0.5972587 0.83835021 -0.0078740157] }
 coordIndex [
  11,9,10,-1,14,12,13,-1,15,0,1,-1,15,1,2,-1,15,2,3,-1,15,3,4,-1,15,4,5,-1,15,5,6,-1,
  15,6,7,-1,15,7,8,-1,15,8,9,-1,15,11,12,-1,15,16,17,-1,15,17,18,-1,15,18,19,-1,15,19,20,-1,
  15,20,21,-1,15,21,22,-1,15,22,23,-1,15,23,0,-1,15,12,14,-1,15,9,11,-1]
  normalPerVertex TRUE
  normal DEF NORM_210 Normal { vector [
  0 0 -1,0 0 -1,
  0 0 -1,0 0 -1,
  0 0 -1,0 0 -1,
  0 0 -1,0 0 -1,
  0 0 -1,0 0 -1,
  0 0 -1,0 0 -1,
  0 0 -1,0 0 -1,
  0 0 -1,0 0 -1,
  0 0 -1,0 0 -1,
  0 0 -1,0 0 -1,
  0 0 -1,0 0 -1,
  0 0 -1,0 0 -1] }
}
}
DEF SHAPE_211 Shape {
 appearance USE APP_3
 geometry DEF FACE_211 IndexedFaceSet {
  coord DEF COORD_211 Coordinate { point [
  0.98425197 -0.78740157 -0.0078740157,0.97754445 -0.83835021 -0.0078740157,
  0.95787902 -0.88582677 -0.0078740157,0.92659582 -0.92659582 -0.0078740157,
  0.88582677 -0.95787902 -0.0078740157,0.83835021 -0.97754445 -0.0078740157,
  0.78740157 -0.98425197 -0.0078740157,0.73645294 -0.97754445 -0.0078740157,
  0.68897638 -0.95787902 -0.0078740157,0.64820733 -0.92659582 -0.0078740157,
  0.61692413 -0.88582677 -0.0078740157,0.5972587 -0.83835021 -0.0078740157,
  0.59055118 -0.78740157 -0.0078740157,0.5972587 -0.73645294 -0.0078740157,
  0.61692413 -0.68897638 -0.0078740157,0.64820733 -0.64820733 -0.0078740157,
  0.68897638 -0.61692413 -0.0078740157,0.73645294 -0.5972587 -0.0078740157,
  0.78740157 -0.59055118 -0.0078740157,0.83835021 -0.5972587 -0.0078740157,
  0.88582677 -0.61692413 -0.0078740157,0.92659582 -0.64820733 -0.0078740157,
  0.95787902 -0.68897638 -0.0078740157,0.97754445 -0.73645294 -0.0078740157,
  0.98425197 -0.78740157 -0.0078740157,0.98425197 -0.78740157 0,
  0.97754445 -0.83835021 0,0.95787902 -0.88582677 0,
  0.92659582 -0.92659582 0,0.88582677 -0.95787902 0,
  0.83835021 -0.97754445 0,0.78740157 -0.98425197 0,
  0.73645294 -0.97754445 0,0.68897638 -0.95787902 0,
  0.64820733 -0.92659582 0,0.61692413 -0.88582677 0,
  0.5972587 -0.83835021 0,0.59055118 -0.78740157 0,
  0.5972587 -0.73645294 0,0.61692413 -0.68897638 0,
  0.64820733 -0.64820733 0,0.68897638 -0.61692413 0,
  0.73645294 -0.5972587 0,0.78740157 -0.59055118 0,
  0.83835021 -0.5972587 0,0.88582677 -0.61692413 0,
  0.92659582 -0.64820733 0,0.95787902 -0.68897638 0,
  0.97754445 -0.73645294 0,0.98425197 -0.78740157 0] }
 coordIndex [
  1,0,25,-1,1,25,26,-1,2,26,27,-1,2,1,26,-1,3,27,28,-1,3,2,27,-1,4,28,29,-1,4,3,28,-1,
  5,29,30,-1,5,4,29,-1,6,30,31,-1,6,5,30,-1,7,31,32,-1,7,6,31,-1,8,32,33,-1,8,7,32,-1,
  9,33,34,-1,9,8,33,-1,10,34,35,-1,10,9,34,-1,11,35,36,-1,11,10,35,-1,12,11,36,-1,12,36,37,-1,
  13,12,37,-1,13,37,38,-1,14,13,38,-1,14,38,39,-1,15,14,39,-1,15,39,40,-1,16,15,40,-1,16,40,41,-1,
  17,16,41,-1,17,41,42,-1,18,17,42,-1,18,42,43,-1,19,18,43,-1,19,43,44,-1,20,19,44,-1,20,44,45,-1,
  21,20,45,-1,21,45,46,-1,22,21,46,-1,22,46,47,-1,23,22,47,-1,23,47,48,-1,24,23,48,-1,24,48,49,-1]
  normalPerVertex TRUE
  normal DEF NORM_211 Normal { vector [
  0.99144486 -0.13052619 0,0.9763442 -0.21622209 0,
  0.88711369 -0.46155098 0,0.73742784 -0.67542593 0,
  0.5374875 -0.84327172 0,0.30091828 -0.95364993 0,
  0.04384197 -0.99903848 0,-0.21622209 -0.9763442 0,
  -0.46155098 -0.88711369 0,-0.67542593 -0.73742784 0,
  -0.84327172 -0.5374875 0,-0.95364993 -0.30091828 0,
  -0.99903848 -0.04384197 0,-0.9763442 0.21622209 0,
  -0.88711369 0.46155098 0,-0.73742784 0.67542593 0,
  -0.5374875 0.84327172 0,-0.30091828 0.95364993 0,
  -0.04384197 0.99903848 0,0.21622209 0.9763442 0,
  0.46155098 0.88711369 0,0.67542593 0.73742784 0,
  0.84327172 0.5374875 0,0.95364993 0.30091828 0,
  0.99144486 0.13052619 0,0.99144486 -0.13052619 0,
  0.95364993 -0.30091828 0,0.84327172 -0.5374875 0,
  0.67542593 -0.73742784 0,0.46155098 -0.88711369 0,
  0.21622209 -0.9763442 0,-0.04384197 -0.99903848 0,
  -0.30091828 -0.95364993 0,-0.5374875 -0.84327172 0,
  -0.73742784 -0.67542593 0,-0.88711369 -0.46155098 0,
  -0.9763442 -0.21622209 0,-0.99903848 0.04384197 0,
  -0.95364993 0.30091828 0,-0.84327172 0.5374875 0,
  -0.67542593 0.73742784 0,-0.46155098 0.88711369 0,
  -0.21622209 0.9763442 0,0.04384197 0.99903848 0,
  0.30091828 0.95364993 0,0.5374875 0.84327172 0,
  0.73742784 0.67542593 0,0.88711369 0.46155098 0,
  0.9763442 0.21622209 0,0.99144486 0.13052619 0] }
}
}
DEF SHAPE_212 Shape {
 appearance USE APP_3
 geometry DEF FACE_212 IndexedFaceSet {
  coord DEF COORD_212 Coordinate { point [
  0.98425197 -0.78740157 -0.0078740157,0.97754445 -0.83835021 -0.0078740157,
  0.95787902 -0.88582677 -0.0078740157,0.92659582 -0.92659582 -0.0078740157,
  0.88582677 -0.95787902 -0.0078740157,0.83835021 -0.97754445 -0.0078740157,
  0.78740157 -0.98425197 -0.0078740157,0.73645294 -0.97754445 -0.0078740157,
  0.68897638 -0.95787902 -0.0078740157,0.64820733 -0.92659582 -0.0078740157,
  0.61692413 -0.88582677 -0.0078740157,0.5972587 -0.83835021 -0.0078740157,
  0.59055118 -0.78740157 -0.0078740157,0.5972587 -0.73645294 -0.0078740157,
  0.61692413 -0.68897638 -0.0078740157,0.64820733 -0.64820733 -0.0078740157,
  0.68897638 -0.61692413 -0.0078740157,0.73645294 -0.5972587 -0.0078740157,
  0.78740157 -0.59055118 -0.0078740157,0.83835021 -0.5972587 -0.0078740157,
  0.88582677 -0.61692413 -0.0078740157,0.92659582 -0.64820733 -0.0078740157,
  0.95787902 -0.68897638 -0.0078740157,0.97754445 -0.73645294 -0.0078740157] }
 coordIndex [
  9,7,8,-1,16,17,18,-1,14,11,12,-1,14,12,13,-1,15,0,1,-1,15,1,2,-1,15,2,3,-1,15,3,4,-1,
  15,4,5,-1,15,5,6,-1,15,6,7,-1,15,9,10,-1,15,10,11,-1,15,18,19,-1,15,19,20,-1,15,20,21,-1,
  15,21,22,-1,15,22,23,-1,15,23,0,-1,15,7,9,-1,15,16,18,-1,15,11,14,-1]
  normalPerVertex TRUE
  normal DEF NORM_212 Normal { vector [
  0 0 -1,0 0 -1,
  0 0 -1,0 0 -1,
  0 0 -1,0 0 -1,
  0 0 -1,0 0 -1,
  0 0 -1,0 0 -1,
  0 0 -1,0 0 -1,
  0 0 -1,0 0 -1,
  0 0 -1,0 0 -1,
  0 0 -1,0 0 -1,
  0 0 -1,0 0 -1,
  0 0 -1,0 0 -1,
  0 0 -1,0 0 -1] }
}
}
DEF SHAPE_213 Shape {
 appearance USE APP_3
 geometry DEF FACE_213 IndexedFaceSet {
  coord DEF COORD_213 Coordinate { point [
  -0.19685039 -0.47244094 0,-0.19685039 -1.2992126 0,
  -0.19685039 -0.47244094 0.082677165,-0.19685039 -1.2992126 0.082677165] }
 coordIndex [
  2,1,0,-1,2,3,1,-1]
  normalPerVertex TRUE
  normal DEF NORM_213 Normal { vector [
  1 0 0,1 0 0,
  1 0 0,1 0 0] }
}
}
DEF SHAPE_214 Shape {
 appearance USE APP_3
 geometry DEF FACE_214 IndexedFaceSet {
  coord DEF COORD_214 Coordinate { point [
  0.19685039 -1.2992126 0,0.19685039 -0.47244094 0,
  0.19685039 -1.2992126 0.082677165,0.19685039 -0.47244094 0.082677165] }
 coordIndex [
  2,1,0,-1,2,3,1,-1]
  normalPerVertex TRUE
  normal DEF NORM_214 Normal { vector [
  -1 0 0,-1 0 0,
  -1 0 0,-1 0 0] }
}
}
DEF SHAPE_215 Shape {
 appearance USE APP_3
 geometry DEF FACE_215 IndexedFaceSet {
  coord DEF COORD_215 Coordinate { point [
  -0.19685039 -0.47244094 0.082677165,-0.19685039 -0.47244094 0,
  0.19685039 -0.47244094 0.082677165,0.19014288 -0.42149231 0.082677165,
  0.17047744 -0.37401575 0.082677165,0.13919425 -0.3332467 0.082677165,
  0.098425197 -0.3019635 0.082677165,0.050948631 -0.28229807 0.082677165,
  0 -0.27559055 0.082677165,-0.050948631 -0.28229807 0.082677165,
  -0.098425197 -0.3019635 0.082677165,-0.13919425 -0.3332467 0.082677165,
  -0.17047744 -0.37401575 0.082677165,-0.19014288 -0.42149231 0.082677165,
  0.19685039 -0.47244094 0,0.19014288 -0.42149231 0,
  0.17047744 -0.37401575 0,0.13919425 -0.3332467 0,
  0.098425197 -0.3019635 0,0.050948631 -0.28229807 0,
  0 -0.27559055 0,-0.050948631 -0.28229807 0,
  -0.098425197 -0.3019635 0,-0.13919425 -0.3332467 0,
  -0.17047744 -0.37401575 0,-0.19014288 -0.42149231 0] }
 coordIndex [
  3,14,2,-1,3,15,14,-1,4,16,15,-1,4,15,3,-1,5,17,16,-1,5,16,4,-1,6,18,17,-1,6,17,5,-1,
  7,19,18,-1,7,18,6,-1,8,20,19,-1,8,19,7,-1,9,21,20,-1,9,20,8,-1,10,22,21,-1,10,21,9,-1,
  11,23,22,-1,11,22,10,-1,12,24,23,-1,12,23,11,-1,13,25,24,-1,13,24,12,-1,0,1,25,-1,0,25,13,-1]
  normalPerVertex TRUE
  normal DEF NORM_215 Normal { vector [
  0.99144486 -0.13052619 0,0.99144486 -0.13052619 0,
  -0.99144486 -0.13052619 0,-0.9763442 -0.21622209 0,
  -0.88711369 -0.46155098 0,-0.73742784 -0.67542593 0,
  -0.5374875 -0.84327172 0,-0.30091828 -0.95364993 0,
  -0.04384197 -0.99903848 0,0.21622209 -0.9763442 0,
  0.46155098 -0.88711369 0,0.67542593 -0.73742784 0,
  0.84327172 -0.5374875 0,0.95364993 -0.30091828 0,
  -0.99144486 -0.13052619 0,-0.95364993 -0.30091828 0,
  -0.84327172 -0.5374875 0,-0.67542593 -0.73742784 0,
  -0.46155098 -0.88711369 0,-0.21622209 -0.9763442 0,
  0.04384197 -0.99903848 0,0.30091828 -0.95364993 0,
  0.5374875 -0.84327172 0,0.73742784 -0.67542593 0,
  0.88711369 -0.46155098 0,0.9763442 -0.21622209 0] }
}
}
DEF SHAPE_216 Shape {
 appearance USE APP_3
 geometry DEF FACE_216 IndexedFaceSet {
  coord DEF COORD_216 Coordinate { point [
  -0.19685039 -1.2992126 0.082677165,0.19685039 -1.2992126 0.082677165,
  0.19685039 -0.47244094 0.082677165,0.19014288 -0.42149231 0.082677165,
  0.17047744 -0.37401575 0.082677165,0.13919425 -0.3332467 0.082677165,
  0.098425197 -0.3019635 0.082677165,0.050948631 -0.28229807 0.082677165,
  0 -0.27559055 0.082677165,-0.050948631 -0.28229807 0.082677165,
  -0.098425197 -0.3019635 0.082677165,-0.13919425 -0.3332467 0.082677165,
  -0.17047744 -0.37401575 0.082677165,-0.19014288 -0.42149231 0.082677165,
  -0.19685039 -0.47244094 0.082677165,0.17716535 -0.47244094 0.082677165,
  0.17112859 -0.42658718 0.082677165,0.1534297 -0.38385827 0.082677165,
  0.12527482 -0.34716612 0.082677165,0.088582677 -0.31901125 0.082677165,
  0.045853768 -0.30131235 0.082677165,0 -0.29527559 0.082677165,
  -0.045853768 -0.30131235 0.082677165,-0.088582677 -0.31901125 0.082677165,
  -0.12527482 -0.34716612 0.082677165,-0.1534297 -0.38385827 0.082677165,
  -0.17112859 -0.42658718 0.082677165,-0.17716535 -0.47244094 0.082677165,
  -0.17112859 -0.51829471 0.082677165,-0.1534297 -0.56102362 0.082677165,
  -0.12527482 -0.59771577 0.082677165,-0.088582677 -0.62587064 0.082677165,
  -0.045853768 -0.64356954 0.082677165,0 -0.6496063 0.082677165,
  0.045853768 -0.64356954 0.082677165,0.088582677 -0.62587064 0.082677165,
  0.12527482 -0.59771577 0.082677165,0.1534297 -0.56102362 0.082677165,
  0.17112859 -0.51829471 0.082677165] }
 coordIndex [
  31,0,30,-1,29,30,0,-1,32,0,31,-1,14,28,29,-1,14,29,0,-1,33,1,0,-1,33,0,32,-1,27,28,14,-1,
  34,1,33,-1,26,14,13,-1,26,27,14,-1,35,1,34,-1,25,13,12,-1,25,26,13,-1,36,1,35,-1,24,25,12,-1,
  11,24,12,-1,37,1,36,-1,10,23,24,-1,10,24,11,-1,9,22,23,-1,9,23,10,-1,2,37,38,-1,2,38,15,-1,
  2,1,37,-1,8,21,22,-1,8,22,9,-1,7,20,21,-1,7,21,8,-1,3,15,16,-1,3,2,15,-1,17,3,16,-1,
  4,17,18,-1,4,3,17,-1,6,20,7,-1,6,19,20,-1,5,4,18,-1,5,19,6,-1,5,18,19,-1]
  normalPerVertex TRUE
  normal DEF NORM_216 Normal { vector [
  0 0 -1,0 0 -1,
  0 0 -1,0 0 -1,
  0 0 -1,0 0 -1,
  0 0 -1,0 0 -1,
  0 0 -1,0 0 -1,
  0 0 -1,0 0 -1,
  0 0 -1,0 0 -1,
  0 0 -1,0 0 -1,
  0 0 -1,0 0 -1,
  0 0 -1,0 0 -1,
  0 0 -1,0 0 -1,
  0 0 -1,0 0 -1,
  0 0 -1,0 0 -1,
  0 0 -1,0 0 -1,
  0 0 -1,0 0 -1,
  0 0 -1,0 0 -1,
  0 0 -1,0 0 -1,
  0 0 -1,0 0 -1,
  0 0 -1,0 0 -1,
  0 0 -1] }
}
}
DEF SHAPE_217 Shape {
 appearance USE APP_3
 geometry DEF FACE_217 IndexedFaceSet {
  coord DEF COORD_217 Coordinate { point [
  -0.19685039 1.2992126 0.082677165,0.19685039 1.2992126 0.082677165,
  0.19685039 0.47244094 0.082677165,0.19014288 0.42149231 0.082677165,
  0.17047744 0.37401575 0.082677165,0.13919425 0.3332467 0.082677165,
  0.098425197 0.3019635 0.082677165,0.050948631 0.28229807 0.082677165,
  0 0.27559055 0.082677165,-0.050948631 0.28229807 0.082677165,
  -0.098425197 0.3019635 0.082677165,-0.13919425 0.3332467 0.082677165,
  -0.17047744 0.37401575 0.082677165,-0.19014288 0.42149231 0.082677165,
  -0.19685039 0.47244094 0.082677165,-0.17716535 0.47244094 0.082677165,
  -0.17112859 0.51829471 0.082677165,-0.1534297 0.56102362 0.082677165,
  -0.12527482 0.59771577 0.082677165,-0.088582677 0.62587064 0.082677165,
  -0.045853768 0.64356954 0.082677165,0 0.6496063 0.082677165,
  0.045853768 0.64356954 0.082677165,0.088582677 0.62587064 0.082677165,
  0.12527482 0.59771577 0.082677165,0.1534297 0.56102362 0.082677165,
  0.17112859 0.51829471 0.082677165,0.17716535 0.47244094 0.082677165,
  0.17112859 0.42658718 0.082677165,0.1534297 0.38385827 0.082677165,
  0.12527482 0.34716612 0.082677165,0.088582677 0.31901125 0.082677165,
  0.045853768 0.30131235 0.082677165,0 0.29527559 0.082677165,
  -0.045853768 0.30131235 0.082677165,-0.088582677 0.31901125 0.082677165,
  -0.12527482 0.34716612 0.082677165,-0.1534297 0.38385827 0.082677165,
  -0.17112859 0.42658718 0.082677165] }
 coordIndex [
  30,5,6,-1,29,4,5,-1,29,5,30,-1,31,30,6,-1,28,3,4,-1,28,4,29,-1,32,6,7,-1,32,31,6,-1,
  33,7,8,-1,33,32,7,-1,27,2,3,-1,27,3,28,-1,34,8,9,-1,34,33,8,-1,26,2,27,-1,35,9,10,-1,
  35,34,9,-1,25,2,26,-1,11,36,35,-1,11,35,10,-1,12,37,36,-1,12,36,11,-1,38,37,12,-1,13,38,12,-1,
  15,38,13,-1,14,15,13,-1,16,15,14,-1,17,16,14,-1,1,22,21,-1,1,23,22,-1,1,24,23,-1,1,25,24,-1,
  1,2,25,-1,0,17,14,-1,0,18,17,-1,0,19,18,-1,0,20,19,-1,0,21,20,-1,0,1,21,-1]
  normalPerVertex TRUE
  normal DEF NORM_217 Normal { vector [
  0 0 -1,0 0 -1,
  0 0 -1,0 0 -1,
  0 0 -1,0 0 -1,
  0 0 -1,0 0 -1,
  0 0 -1,0 0 -1,
  0 0 -1,0 0 -1,
  0 0 -1,0 0 -1,
  0 0 -1,0 0 -1,
  0 0 -1,0 0 -1,
  0 0 -1,0 0 -1,
  0 0 -1,0 0 -1,
  0 0 -1,0 0 -1,
  0 0 -1,0 0 -1,
  0 0 -1,0 0 -1,
  0 0 -1,0 0 -1,
  0 0 -1,0 0 -1,
  0 0 -1,0 0 -1,
  0 0 -1,0 0 -1,
  0 0 -1,0 0 -1,
  0 0 -1] }
}
}
DEF SHAPE_218 Shape {
 appearance USE APP_3
 geometry DEF FACE_218 IndexedFaceSet {
  coord DEF COORD_218 Coordinate { point [
  0.19685039 1.2992126 0.082677165,0.19685039 1.2992126 0,
  0.19685039 0.47244094 0.082677165,0.19685039 0.47244094 0] }
 coordIndex [
  0,3,2,-1,0,1,3,-1]
  normalPerVertex TRUE
  normal DEF NORM_218 Normal { vector [
  -1 0 0,-1 0 0,
  -1 0 0,-1 0 0] }
}
}
DEF SHAPE_219 Shape {
 appearance USE APP_3
 geometry DEF FACE_219 IndexedFaceSet {
  coord DEF COORD_219 Coordinate { point [
  0.19685039 0.47244094 0.082677165,0.19685039 0.47244094 0,
  0.19014288 0.42149231 0.082677165,0.17047744 0.37401575 0.082677165,
  0.13919425 0.3332467 0.082677165,0.098425197 0.3019635 0.082677165,
  0.050948631 0.28229807 0.082677165,0 0.27559055 0.082677165,
  -0.050948631 0.28229807 0.082677165,-0.098425197 0.3019635 0.082677165,
  -0.13919425 0.3332467 0.082677165,-0.17047744 0.37401575 0.082677165,
  -0.19014288 0.42149231 0.082677165,-0.19685039 0.47244094 0.082677165,
  -0.19685039 0.47244094 0,0.19014288 0.42149231 0,
  0.17047744 0.37401575 0,0.13919425 0.3332467 0,
  0.098425197 0.3019635 0,0.050948631 0.28229807 0,
  0 0.27559055 0,-0.050948631 0.28229807 0,
  -0.098425197 0.3019635 0,-0.13919425 0.3332467 0,
  -0.17047744 0.37401575 0,-0.19014288 0.42149231 0] }
 coordIndex [
  12,14,13,-1,12,25,14,-1,11,24,25,-1,11,25,12,-1,10,23,24,-1,10,24,11,-1,9,22,23,-1,9,23,10,-1,
  8,21,22,-1,8,22,9,-1,7,20,21,-1,7,21,8,-1,6,19,20,-1,6,20,7,-1,5,18,19,-1,5,19,6,-1,
  4,17,18,-1,4,18,5,-1,3,16,17,-1,3,17,4,-1,2,15,16,-1,2,16,3,-1,0,1,15,-1,0,15,2,-1]
  normalPerVertex TRUE
  normal DEF NORM_219 Normal { vector [
  -0.99144486 0.13052619 0,-0.99144486 0.13052619 0,
  -0.95364993 0.30091828 0,-0.84327172 0.5374875 0,
  -0.67542593 0.73742784 0,-0.46155098 0.88711369 0,
  -0.21622209 0.9763442 0,0.04384197 0.99903848 0,
  0.30091828 0.95364993 0,0.5374875 0.84327172 0,
  0.73742784 0.67542593 0,0.88711369 0.46155098 0,
  0.9763442 0.21622209 0,0.99144486 0.13052619 0,
  0.99144486 0.13052619 0,-0.9763442 0.21622209 0,
  -0.88711369 0.46155098 0,-0.73742784 0.67542593 0,
  -0.5374875 0.84327172 0,-0.30091828 0.95364993 0,
  -0.04384197 0.99903848 0,0.21622209 0.9763442 0,
  0.46155098 0.88711369 0,0.67542593 0.73742784 0,
  0.84327172 0.5374875 0,0.95364993 0.30091828 0] }
}
}
DEF SHAPE_220 Shape {
 appearance USE APP_3
 geometry DEF FACE_220 IndexedFaceSet {
  coord DEF COORD_220 Coordinate { point [
  -0.19685039 0.47244094 0.082677165,-0.19685039 0.47244094 0,
  -0.19685039 1.2992126 0.082677165,-0.19685039 1.2992126 0] }
 coordIndex [
  0,3,2,-1,0,1,3,-1]
  normalPerVertex TRUE
  normal DEF NORM_220 Normal { vector [
  1 0 0,1 0 0,
  1 0 0,1 0 0] }
}
}
] }
] }
] }
] }
